课程编码,课程名称,目录课程名,开课院系,校区,大纲链接,课时,学分,课程属性,主讲教师,采集时间
180080070100M1004H,抽象代数II,抽象代数II,数学科学学院,雁栖湖,https://jwba.ucas.ac.cn/sc/course/courseplan/315208,60,3.00,学科核心课,胡永泉等,2026-09-02 09:19:27
180080070100M1007H,现代实分析,现代实分析,数学科学学院,雁栖湖,https://jwba.ucas.ac.cn/sc/course/courseplan/315202,60,3.00,学科核心课,郝成春,2026-09-02 09:19:27
180080070100MX013H,数学物理方程,数学物理方程,数学科学学院,雁栖湖,https://jwba.ucas.ac.cn/sc/course/courseplan/320063,40,1.00,公共选修课,孙义静,2026-09-02 09:19:27
180080070100MX018Y,实用最优化算法,实用最优化算法,数学科学学院,玉泉路,https://jwba.ucas.ac.cn/sc/course/courseplan/315207,40,1.00,公共选修课,牛凌峰,2026-09-02 09:19:27
180080070100PB001H,学术道德与学术写作规范-分论,学术道德与学术写作规范-分论,数学科学学院,雁栖湖,https://jwba.ucas.ac.cn/sc/course/courseplan/315081,10,0.50,公共必修课,孙睿,2026-09-02 09:19:27
180080070101M2004H,代数数论,代数数论,数学科学学院,雁栖湖,https://jwba.ucas.ac.cn/sc/course/courseplan/315223,60,3.00,专业核心课,万昕等,2026-09-02 09:19:27
180080070101M2005H,代数拓扑,代数拓扑,数学科学学院,雁栖湖,https://jwba.ucas.ac.cn/sc/course/courseplan/315209,60,3.00,专业核心课,李振坤,2026-09-02 09:19:27
180080070101M2007H,现代复分析,现代复分析,数学科学学院,雁栖湖,https://jwba.ucas.ac.cn/sc/course/courseplan/315210,60,3.00,专业核心课,刘家琪,2026-09-02 09:19:27
180080070101M2012H,微分拓扑,微分拓扑,数学科学学院,雁栖湖,https://jwba.ucas.ac.cn/sc/course/courseplan/315203,40,2.00,专业核心课,郑恺,2026-09-02 09:19:27
180080070101M3003H,抽象代数,抽象代数,数学科学学院,雁栖湖,https://jwba.ucas.ac.cn/sc/course/courseplan/315204,60,3.00,专业课,唐国平,2026-09-02 09:19:27
180080070102P2001H,偏微分方程数值解I,偏微分方程数值解I,数学科学学院,雁栖湖,https://jwba.ucas.ac.cn/sc/course/courseplan/320117,60,3.00,专业核心课,张文生等,2026-09-02 09:19:27
180080070104M2001H,计算机代数,计算机代数,数学科学学院,雁栖湖,https://jwba.ucas.ac.cn/sc/course/courseplan/315205,60,3.00,专业核心课,申立勇,2026-09-02 09:19:27
180080070104M2002H,计算机辅助几何设计,计算机辅助几何设计,数学科学学院,雁栖湖,https://jwba.ucas.ac.cn/sc/course/courseplan/320069,60,3.00,专业核心课,申立勇,2026-09-02 09:19:27
180080070105P3001H,信息与信号处理理论,信息与信号处理理论,数学科学学院,雁栖湖,https://jwba.ucas.ac.cn/sc/course/courseplan/320068,40,2.00,专业课,邵明杰,2026-09-02 09:19:27
180081070100PX001Y,计算机代数在科学与工程中的应用,计算机代数在科学与工程中的应用,物理科学学院,玉泉路,https://jwba.ucas.ac.cn/sc/course/courseplan/315294,40,1.00,公共选修课,骆文于,2026-09-02 09:19:27
180081070200P1001Y,高等量子力学,高等量子力学,物理科学学院,玉泉路,https://jwba.ucas.ac.cn/sc/course/courseplan/315345,60,3.00,学科核心课,周稀楠等,2026-09-02 09:19:27
180081070200P1003H,现代物理实验,现代物理实验,物理科学学院,雁栖湖,https://jwba.ucas.ac.cn/sc/course/courseplan/315086,40,2.00,学科核心课,何会海等,2026-09-02 09:19:27
180081070201P4003H,非平衡统计物理讨论课,非平衡统计物理讨论课,物理科学学院,雁栖湖,https://jwba.ucas.ac.cn/sc/course/courseplan/314902,20,1.00,研讨课,王正川,2026-09-02 09:19:27
180081070202P3007Y,物理中的概率和统计,物理中的概率和统计,物理科学学院,玉泉路,https://jwba.ucas.ac.cn/sc/course/courseplan/315343,60,3.00,专业课,李祖豪,2026-09-02 09:19:27
180081070203P2001H,原子分子光谱与结构理论,原子分子光谱与结构理论,物理科学学院,雁栖湖,https://jwba.ucas.ac.cn/sc/course/courseplan/314903,60,3.00,专业核心课,钟志萍,2026-09-02 09:19:27
180081070203P2002H,激光光谱学,激光光谱学,物理科学学院,雁栖湖,https://jwba.ucas.ac.cn/sc/course/courseplan/314904,60,3.00,专业核心课,张新惠,2026-09-02 09:19:27
180081070203P4002H,原子分子光谱与结构理论专题研讨,原子分子光谱与结构理论专题研讨,物理科学学院,雁栖湖,https://jwba.ucas.ac.cn/sc/course/courseplan/314905,20,1.00,研讨课,钟志萍,2026-09-02 09:19:27
180081070206P2002Y,理论声学I,理论声学I,物理科学学院,玉泉路,https://jwba.ucas.ac.cn/sc/course/courseplan/315292,60,3.00,专业核心课,李晓东,2026-09-02 09:19:27
180081070206P3005Y,海洋声学,海洋声学,物理科学学院,玉泉路,https://jwba.ucas.ac.cn/sc/course/courseplan/315293,50,2.50,专业课,吴立新,2026-09-02 09:19:27
180081070206P3006Y,医学超声,医学超声,物理科学学院,玉泉路,https://jwba.ucas.ac.cn/sc/course/courseplan/315344,50,2.50,专业课,林伟军等,2026-09-02 09:19:27
180081070206P3009H,非线性声学,非线性声学,物理科学学院,雁栖湖,https://jwba.ucas.ac.cn/sc/course/courseplan/314906,40,2.00,专业课,贾晗,2026-09-02 09:19:27
180082070300P1002H,化学反应动力学,化学反应动力学,化学科学学院,雁栖湖,https://jwba.ucas.ac.cn/sc/course/courseplan/314064,60,3.00,学科核心课,陈波珍,2026-09-02 09:19:27
180082070300P1003H,高等仪器分析,高等仪器分析,化学科学学院,雁栖湖,https://jwba.ucas.ac.cn/sc/course/courseplan/314679,60,3.00,学科核心课,汪福意等,2026-09-02 09:19:27
180082070300P1005H-01,有机结构分析（A班）,有机结构分析（A班）,化学科学学院,雁栖湖,https://jwba.ucas.ac.cn/sc/course/courseplan/315649,60,3.00,学科核心课,王德先等,2026-09-02 09:19:27
180082070300P1005H-02,有机结构分析（B班）,有机结构分析（B班）,化学科学学院,雁栖湖,https://jwba.ucas.ac.cn/sc/course/courseplan/315650,60,3.00,学科核心课,徐伟等,2026-09-02 09:19:27
180082070300P1005H-03,有机结构分析（C班）,有机结构分析（C班）,化学科学学院,雁栖湖,https://jwba.ucas.ac.cn/sc/course/courseplan/315651,60,3.00,学科核心课,向俊锋等,2026-09-02 09:19:27
180082070300P1006H-01,高等有机合成（A班）,高等有机合成（A班）,化学科学学院,雁栖湖,https://jwba.ucas.ac.cn/sc/course/courseplan/315595,50,2.50,学科核心课,陈传峰等,2026-09-02 09:19:27
180082070300P1006H-02,高等有机合成（B班）,高等有机合成（B班）,化学科学学院,雁栖湖,https://jwba.ucas.ac.cn/sc/course/courseplan/315596,50,2.50,学科核心课,程靓等,2026-09-02 09:19:27
180082070300P1007H,基础化学生物学,基础化学生物学,化学科学学院,雁栖湖,https://jwba.ucas.ac.cn/sc/course/courseplan/314558,50,2.50,学科核心课,何裕建等,2026-09-02 09:19:27
180082070300P1009H,量子化学理论及其应用,量子化学理论及其应用,化学科学学院,雁栖湖,https://jwba.ucas.ac.cn/sc/course/courseplan/313816,50,2.50,学科核心课,汪志祥,2026-09-02 09:19:27
180082070300P1016H,高等高分子物理,高等高分子物理,化学科学学院,雁栖湖,https://jwba.ucas.ac.cn/sc/course/courseplan/314557,60,3.00,学科核心课,赵江等,2026-09-02 09:19:27
180082070300P1017H,高等结构化学,高等结构化学,化学科学学院,雁栖湖,https://jwba.ucas.ac.cn/sc/course/courseplan/314464,50,2.50,学科核心课,王建平等,2026-09-02 09:19:27
180082070300P1018H,高等高分子化学,高等高分子化学,化学科学学院,雁栖湖,https://jwba.ucas.ac.cn/sc/course/courseplan/314678,60,3.00,学科核心课,董金勇等,2026-09-02 09:19:27
180082070300P6001H,化学实验操作规范与实验室安全,化学实验操作规范与实验室安全,化学科学学院,雁栖湖,https://jwba.ucas.ac.cn/sc/course/courseplan/314848,10,0.50,实践课,马家海等,2026-09-02 09:19:27
180082070300PB001H-01,学术道德与学术写作规范-分论（A班）,学术道德与学术写作规范-分论（A班）,化学科学学院,雁栖湖,https://jwba.ucas.ac.cn/sc/course/courseplan/315565,10,0.50,公共必修课,张凤娇,2026-09-02 09:19:27
180082070300PB001H-02,学术道德与学术写作规范-分论（B班）,学术道德与学术写作规范-分论（B班）,化学科学学院,雁栖湖,https://jwba.ucas.ac.cn/sc/course/courseplan/315566,10,0.50,公共必修课,张凤娇,2026-09-02 09:19:27
180082070301P2001H-01,配位化学（A班）,配位化学（A班）,化学科学学院,雁栖湖,https://jwba.ucas.ac.cn/sc/course/courseplan/315545,60,3.00,专业核心课,高丽华,2026-09-02 09:19:27
180082070301P2001H-02,配位化学（B班）,配位化学（B班）,化学科学学院,雁栖湖,https://jwba.ucas.ac.cn/sc/course/courseplan/315546,60,3.00,专业核心课,楚甲祥等,2026-09-02 09:19:27
180082070301P2003H,纳米科学与技术,纳米科学与技术,化学科学学院,雁栖湖,https://jwba.ucas.ac.cn/sc/course/courseplan/314530,50,2.50,专业核心课,江鹏,2026-09-02 09:19:27
180082070301P4001H,纳米材料的应用,纳米材料的应用,化学科学学院,雁栖湖,https://jwba.ucas.ac.cn/sc/course/courseplan/314036,20,1.00,研讨课,胡劲松,2026-09-02 09:19:27
180082070302P2001H,质谱分析,质谱分析,化学科学学院,雁栖湖,https://jwba.ucas.ac.cn/sc/course/courseplan/313813,50,2.50,专业核心课,赵镇文,2026-09-02 09:19:27
180082070302P2002H,高等电分析化学,高等电分析化学,化学科学学院,雁栖湖,https://jwba.ucas.ac.cn/sc/course/courseplan/314898,50,2.50,专业核心课,赵红等,2026-09-02 09:19:27
180082070302P2003H,化学与生物传感分析,化学与生物传感分析,化学科学学院,雁栖湖,https://jwba.ucas.ac.cn/sc/course/courseplan/314468,50,2.50,专业核心课,马会民等,2026-09-02 09:19:27
180082070302P3002H,单分子与单细胞分析技术,单分子与单细胞分析技术,化学科学学院,雁栖湖,https://jwba.ucas.ac.cn/sc/course/courseplan/313831,40,2.00,专业课,吴海臣等,2026-09-02 09:19:27
180082070302P5001H-09,材料分析与表征技术实验-9班,材料分析与表征技术实验-9班,化学科学学院,雁栖湖,https://jwba.ucas.ac.cn/sc/course/courseplan/315554,30,1.00,实验课,赵红等,2026-09-02 09:19:27
180082070302P5001H-10,材料分析与表征技术实验-10班,材料分析与表征技术实验-10班,化学科学学院,雁栖湖,https://jwba.ucas.ac.cn/sc/course/courseplan/315555,30,1.00,实验课,赵红等,2026-09-02 09:19:27
180082070303P2003H,药物化学,药物化学,化学科学学院,雁栖湖,https://jwba.ucas.ac.cn/sc/course/courseplan/314483,40,2.00,专业核心课,俞初一等,2026-09-02 09:19:27
180082070303P2004H,有机光化学,有机光化学,化学科学学院,雁栖湖,https://jwba.ucas.ac.cn/sc/course/courseplan/314470,50,2.50,专业核心课,李嫕等,2026-09-02 09:19:27
180082070303P2006H,高等杂环化学,高等杂环化学,化学科学学院,雁栖湖,https://jwba.ucas.ac.cn/sc/course/courseplan/313812,40,2.00,专业核心课,杨镜奎,2026-09-02 09:19:27
180082070303P4006H,有机合成方法及应用,有机合成方法及应用,化学科学学院,雁栖湖,https://jwba.ucas.ac.cn/sc/course/courseplan/313819,20,1.00,研讨课,张昕,2026-09-02 09:19:27
180082070304P2001H,固体表面物理化学,固体表面物理化学,化学科学学院,雁栖湖,https://jwba.ucas.ac.cn/sc/course/courseplan/314673,60,3.00,专业核心课,裘晓辉等,2026-09-02 09:19:27
180082070304P2003H,光化学原理与应用,光化学原理与应用,化学科学学院,雁栖湖,https://jwba.ucas.ac.cn/sc/course/courseplan/313810,60,3.00,专业核心课,田志远,2026-09-02 09:19:27
180082070304P2004H-01,电化学原理及应用（A班）,电化学原理及应用（A班）,化学科学学院,雁栖湖,https://jwba.ucas.ac.cn/sc/course/courseplan/315568,60,3.00,专业核心课,张占军,2026-09-02 09:19:27
180082070304P2004H-02,电化学原理及应用（B班）,电化学原理及应用（B班）,化学科学学院,雁栖湖,https://jwba.ucas.ac.cn/sc/course/courseplan/315569,60,3.00,专业核心课,王雪飞,2026-09-02 09:19:27
180082070304P3001H,胶体与界面化学,胶体与界面化学,化学科学学院,雁栖湖,https://jwba.ucas.ac.cn/sc/course/courseplan/314899,60,3.00,专业课,杨志勇,2026-09-02 09:19:27
180082070304P3003H,自组装物理化学,自组装物理化学,化学科学学院,雁栖湖,https://jwba.ucas.ac.cn/sc/course/courseplan/314507,50,2.50,专业课,刘鸣华等,2026-09-02 09:19:27
180082070304P3004H,分子模拟与计算机化学,分子模拟与计算机化学,化学科学学院,雁栖湖,https://jwba.ucas.ac.cn/sc/course/courseplan/314060,50,2.50,专业课,计明娟等,2026-09-02 09:19:27
180082070304P3005H,分子电子材料与器件,分子电子材料与器件,化学科学学院,雁栖湖,https://jwba.ucas.ac.cn/sc/course/courseplan/314062,60,3.00,专业课,张凤娇等,2026-09-02 09:19:27
180082070304P5001H,分子模拟实验(必须同时修读《分子模拟与计算机化学》课程),分子模拟实验,化学科学学院,雁栖湖,https://jwba.ucas.ac.cn/sc/course/courseplan/314061,30,1.00,实验课,计明娟等,2026-09-02 09:19:27
180082070305P2002H,特种高分子材料,特种高分子材料,化学科学学院,雁栖湖,https://jwba.ucas.ac.cn/sc/course/courseplan/313695,40,2.00,专业核心课,范琳等,2026-09-02 09:19:27
180082070305P2005H,天然与功能高分子,天然与功能高分子,化学科学学院,雁栖湖,https://jwba.ucas.ac.cn/sc/course/courseplan/314561,60,3.00,专业核心课,张军等,2026-09-02 09:19:27
180082070305P3003H,软物质,软物质,化学科学学院,雁栖湖,https://jwba.ucas.ac.cn/sc/course/courseplan/314467,40,2.00,专业课,陈尔强等,2026-09-02 09:19:27
180082070305P3006H,生物大分子化学,生物大分子化学,化学科学学院,雁栖湖,https://jwba.ucas.ac.cn/sc/course/courseplan/314943,40,2.00,专业课,张鹏飞,2026-09-02 09:19:27
180082070305P4001H,高分子结晶,高分子结晶,化学科学学院,雁栖湖,https://jwba.ucas.ac.cn/sc/course/courseplan/314033,20,1.00,研讨课,刘国明,2026-09-02 09:19:27
1800820703Z1P4001H,化学生物学主题研讨课,化学生物学主题研讨课,化学科学学院,雁栖湖,https://jwba.ucas.ac.cn/sc/course/courseplan/314038,20,1.00,研讨课,吕雪光等,2026-09-02 09:19:27
1800820703Z2P3001H,生物无机化学,生物无机化学,化学科学学院,雁栖湖,https://jwba.ucas.ac.cn/sc/course/courseplan/314532,40,2.00,专业课,赵耀,2026-09-02 09:19:27
180083070600P1002H,大气物理学,大气物理学,地球与行星科学学院,雁栖湖,https://jwba.ucas.ac.cn/sc/course/courseplan/313974,60,3.00,学科核心课,卞建春等,2026-09-02 09:19:27
180083070600P1003H,气候变化的统计分析方法,气候变化的统计分析方法,地球与行星科学学院,雁栖湖,https://jwba.ucas.ac.cn/sc/course/courseplan/313855,40,2.00,学科核心课,钱诚等,2026-09-02 09:19:27
180083070600P1004H,大气科学概论,大气科学概论,地球与行星科学学院,雁栖湖,https://jwba.ucas.ac.cn/sc/course/courseplan/313559,40,2.00,学科核心课,孙建奇等,2026-09-02 09:19:27
180083070601P2001H,云降水物理学及其数值模拟,云降水物理学及其数值模拟,地球与行星科学学院,雁栖湖,https://jwba.ucas.ac.cn/sc/course/courseplan/313973,60,3.00,专业核心课,孙继明,2026-09-02 09:19:27
180083070601P2002H,高等大气动力学,高等大气动力学,地球与行星科学学院,雁栖湖,https://jwba.ucas.ac.cn/sc/course/courseplan/313968,60,3.00,专业核心课,林一骅,2026-09-02 09:19:27
180083070601P2004H,中小尺度天气动力学与数值模拟,中小尺度天气动力学与数值模拟,地球与行星科学学院,雁栖湖,https://jwba.ucas.ac.cn/sc/course/courseplan/313912,60,3.00,专业核心课,高守亭等,2026-09-02 09:19:27
180083070601P3001H,水文气候学概论,水文气候学概论,地球与行星科学学院,雁栖湖,https://jwba.ucas.ac.cn/sc/course/courseplan/313969,50,2.50,专业课,华丽娟,2026-09-02 09:19:27
180083070601P3002H,农业气候学,农业气候学,地球与行星科学学院,雁栖湖,https://jwba.ucas.ac.cn/sc/course/courseplan/313972,40,2.00,专业课,姚凤梅等,2026-09-02 09:19:27
180083070601P3003H,天气动力学与诊断分析,天气动力学与诊断分析,地球与行星科学学院,雁栖湖,https://jwba.ucas.ac.cn/sc/course/courseplan/313913,50,2.50,专业课,崔晓鹏等,2026-09-02 09:19:27
180083070601P3004H,雷达气象学原理和应用,雷达气象学原理和应用,地球与行星科学学院,雁栖湖,https://jwba.ucas.ac.cn/sc/course/courseplan/313970,50,2.50,专业课,肖辉等,2026-09-02 09:19:27
180083070601P4001H,气候变化讨论课,气候变化讨论课,地球与行星科学学院,雁栖湖,https://jwba.ucas.ac.cn/sc/course/courseplan/313971,20,1.00,研讨课,周天军等,2026-09-02 09:19:27
180083070602P2001H,碳氮循环及其测量原理与方法,碳氮循环及其测量原理与方法,地球与行星科学学院,雁栖湖,https://jwba.ucas.ac.cn/sc/course/courseplan/313907,40,2.00,专业核心课,刘春岩等,2026-09-02 09:19:27
180083070602P2002H,大气化学,大气化学,地球与行星科学学院,雁栖湖,https://jwba.ucas.ac.cn/sc/course/courseplan/313863,60,3.00,专业核心课,徐永福等,2026-09-02 09:19:27
180083070602P2003H,大气辐射学,大气辐射学,地球与行星科学学院,雁栖湖,https://jwba.ucas.ac.cn/sc/course/courseplan/313914,60,3.00,专业核心课,王普才等,2026-09-02 09:19:27
180083070602P2004H,大气探测学,大气探测学,地球与行星科学学院,雁栖湖,https://jwba.ucas.ac.cn/sc/course/courseplan/313916,60,3.00,专业核心课,夏祥鳌等,2026-09-02 09:19:27
180083070602P3001H,大气污染数值预报基础和模式,大气污染数值预报基础和模式,地球与行星科学学院,雁栖湖,https://jwba.ucas.ac.cn/sc/course/courseplan/313909,40,2.00,专业课,张美根等,2026-09-02 09:19:27
180083070602P3003H,大气和空间电学,大气和空间电学,地球与行星科学学院,雁栖湖,https://jwba.ucas.ac.cn/sc/course/courseplan/313915,50,2.50,专业课,郄秀书等,2026-09-02 09:19:27
180083070602P4001H,土壤碳氮过程与温室气体,土壤碳氮过程与温室气体,地球与行星科学学院,雁栖湖,https://jwba.ucas.ac.cn/sc/course/courseplan/314026,20,1.00,研讨课,徐星凯,2026-09-02 09:19:27
180083070800P1001H,地球科学反演导论,地球科学反演导论,地球与行星科学学院,雁栖湖,https://jwba.ucas.ac.cn/sc/course/courseplan/313976,50,2.50,学科核心课,王彦飞等,2026-09-02 09:19:27
180083070800P1002H,地球介质力学,地球介质力学,地球与行星科学学院,雁栖湖,https://jwba.ucas.ac.cn/sc/course/courseplan/313919,50,2.50,学科核心课,罗纲等,2026-09-02 09:19:27
180083070800P1003H,数字信号处理（地学）,数字信号处理（地学）,地球与行星科学学院,雁栖湖,https://jwba.ucas.ac.cn/sc/course/courseplan/313918,60,3.00,学科核心课,周元泽等,2026-09-02 09:19:27
180083070800P1004H,地球动力学基础,地球动力学基础,地球与行星科学学院,雁栖湖,https://jwba.ucas.ac.cn/sc/course/courseplan/313867,60,3.00,学科核心课,王世民,2026-09-02 09:19:27
180083070800P1005H,地球物理学基础,地球物理学基础,地球与行星科学学院,雁栖湖,https://jwba.ucas.ac.cn/sc/course/courseplan/313975,60,3.00,学科核心课,魏东平等,2026-09-02 09:19:27
180083070800P1006H,地球电磁现象物理学,地球电磁现象物理学,地球与行星科学学院,雁栖湖,https://jwba.ucas.ac.cn/sc/course/courseplan/313917,60,3.00,学科核心课,杜爱民等,2026-09-02 09:19:27
180083070800P1008H,计算地球物理学,计算地球物理学,地球与行星科学学院,雁栖湖,https://jwba.ucas.ac.cn/sc/course/courseplan/313865,50,2.50,学科核心课,王彦宾,2026-09-02 09:19:27
180083070800P1009H,高等地震学,高等地震学,地球与行星科学学院,雁栖湖,https://jwba.ucas.ac.cn/sc/course/courseplan/313920,60,3.00,学科核心课,陈晓非等,2026-09-02 09:19:27
180083070800P1012H,岩石物理学,岩石物理学,地球与行星科学学院,雁栖湖,https://jwba.ucas.ac.cn/sc/course/courseplan/314918,60,3.00,学科核心课,马麦宁等,2026-09-02 09:19:27
180083070800PB001H-1,学术道德与学术写作规范-分论1班,学术道德与学术写作规范-分论1班,地球与行星科学学院,雁栖湖,https://jwba.ucas.ac.cn/sc/course/courseplan/315611,10,0.50,公共必修课,孙涛,2026-09-02 09:19:27
180083070800PB001H-2,学术道德与学术写作规范-分论2班,学术道德与学术写作规范-分论2班,地球与行星科学学院,雁栖湖,https://jwba.ucas.ac.cn/sc/course/courseplan/315612,10,0.50,公共必修课,孙涛,2026-09-02 09:19:27
180083070801P2001H,工程地震学,工程地震学,地球与行星科学学院,雁栖湖,https://jwba.ucas.ac.cn/sc/course/courseplan/313941,60,3.00,专业核心课,章文波,2026-09-02 09:19:27
180083070801PX001H,科技论文写作与投稿,科技论文写作与投稿,地球与行星科学学院,雁栖湖,https://jwba.ucas.ac.cn/sc/course/courseplan/318924,30,1.00,公共选修课,任胜利等,2026-09-02 09:19:27
180083070802P2001H,空间环境探测原理（上）,空间环境探测原理（上）,地球与行星科学学院,雁栖湖,https://jwba.ucas.ac.cn/sc/course/courseplan/313870,50,2.50,专业核心课,乐新安等,2026-09-02 09:19:27
180083070802P2002H,空间等离子体物理学,空间等离子体物理学,地球与行星科学学院,雁栖湖,https://jwba.ucas.ac.cn/sc/course/courseplan/313869,60,3.00,专业核心课,周煦之等,2026-09-02 09:19:27
180083070802P2005H,空间环境基本物理过程,空间环境基本物理过程,地球与行星科学学院,雁栖湖,https://jwba.ucas.ac.cn/sc/course/courseplan/318932,40,2.00,专业核心课,张清和等,2026-09-02 09:19:27
180083070802P3001H,计算空间物理学,计算空间物理学,地球与行星科学学院,雁栖湖,https://jwba.ucas.ac.cn/sc/course/courseplan/313921,50,2.50,专业课,沈芳等,2026-09-02 09:19:27
180083070802P3002H,空间物理数据分析方法,空间物理数据分析方法,地球与行星科学学院,雁栖湖,https://jwba.ucas.ac.cn/sc/course/courseplan/313871,60,3.00,专业课,赵必强等,2026-09-02 09:19:27
1800830708Z1P2001H,构造物理学基础,构造物理学基础,地球与行星科学学院,雁栖湖,https://jwba.ucas.ac.cn/sc/course/courseplan/314503,50,2.50,专业核心课,宁杰远等,2026-09-02 09:19:27
1800830708Z1P2002H,有限元方法与计算地球动力学,有限元方法与计算地球动力学,地球与行星科学学院,雁栖湖,https://jwba.ucas.ac.cn/sc/course/courseplan/313868,60,3.00,专业核心课,张怀,2026-09-02 09:19:27
1800830708Z1P3001H,大陆动力学与地质建模,大陆动力学与地质建模,地球与行星科学学院,雁栖湖,https://jwba.ucas.ac.cn/sc/course/courseplan/314951,40,2.00,专业课,皇甫鹏鹏,2026-09-02 09:19:27
1800830708Z1P3002H,板块动力学,板块动力学,地球与行星科学学院,雁栖湖,https://jwba.ucas.ac.cn/sc/course/courseplan/313866,40,2.00,专业课,何建坤,2026-09-02 09:19:27
1800830708Z1P3005H,并行算法与高性能计算,并行算法与高性能计算,地球与行星科学学院,雁栖湖,https://jwba.ucas.ac.cn/sc/course/courseplan/314492,60,3.00,专业课,张怀,2026-09-02 09:19:27
1800830708Z1P5001H,地震学观测实践,地震学观测实践,地球与行星科学学院,雁栖湖,https://jwba.ucas.ac.cn/sc/course/courseplan/314487,50,1.50,实验课,艾印双等,2026-09-02 09:19:27
1800830708Z2P2001H,空间环境天基探测技术与方法,空间环境天基探测技术与方法,地球与行星科学学院,雁栖湖,https://jwba.ucas.ac.cn/sc/course/courseplan/313922,60,3.00,专业核心课,葛亚松等,2026-09-02 09:19:27
1800830708Z2P2004H,星际航行环境感知与利用,星际航行环境感知与利用,地球与行星科学学院,雁栖湖,https://jwba.ucas.ac.cn/sc/course/courseplan/318931,50,2.50,专业核心课,张贤国等,2026-09-02 09:19:27
180083070900P1001H,地球化学概论,地球化学概论,地球与行星科学学院,雁栖湖,https://jwba.ucas.ac.cn/sc/course/courseplan/313879,40,2.00,学科核心课,英基丰等,2026-09-02 09:19:27
180083070900P1002H,古气候学,古气候学,地球与行星科学学院,雁栖湖,https://jwba.ucas.ac.cn/sc/course/courseplan/313980,60,3.00,学科核心课,陈祚伶等,2026-09-02 09:19:27
180083070900P1003H,超大陆与全球演化,超大陆与全球演化,地球与行星科学学院,雁栖湖,https://jwba.ucas.ac.cn/sc/course/courseplan/314565,40,2.00,学科核心课,彭澎等,2026-09-02 09:19:27
180083070900P1005H,板块构造学,板块构造学,地球与行星科学学院,雁栖湖,https://jwba.ucas.ac.cn/sc/course/courseplan/315166,40,2.00,学科核心课,闫全人,2026-09-02 09:19:27
180083070900PX001H,地球科学与人类文明,地球科学与人类文明,地球与行星科学学院,雁栖湖,https://jwba.ucas.ac.cn/sc/course/courseplan/320299,34,1.50,公共选修课,王会军等,2026-09-02 09:19:27
180083070901P2001H,火成岩石学,火成岩石学,地球与行星科学学院,雁栖湖,https://jwba.ucas.ac.cn/sc/course/courseplan/313924,60,3.00,专业核心课,吴福元等,2026-09-02 09:19:27
180083070901P2002H,岩石热力学,岩石热力学,地球与行星科学学院,雁栖湖,https://jwba.ucas.ac.cn/sc/course/courseplan/314488,50,2.50,专业核心课,吴春明等,2026-09-02 09:19:27
180083070901P2003H,矿物物理学,矿物物理学,地球与行星科学学院,雁栖湖,https://jwba.ucas.ac.cn/sc/course/courseplan/313875,50,2.50,专业核心课,郭光军等,2026-09-02 09:19:27
180083070901P2004H,高等矿物学,高等矿物学,地球与行星科学学院,雁栖湖,https://jwba.ucas.ac.cn/sc/course/courseplan/313923,40,2.00,专业核心课,刘建明等,2026-09-02 09:19:27
180083070901P2005H,矿床地球化学,矿床地球化学,地球与行星科学学院,雁栖湖,https://jwba.ucas.ac.cn/sc/course/courseplan/313925,60,3.00,专业核心课,范宏瑞等,2026-09-02 09:19:27
180083070901P3001H,金属矿床成矿理论前沿,金属矿床成矿理论前沿,地球与行星科学学院,雁栖湖,https://jwba.ucas.ac.cn/sc/course/courseplan/313877,40,2.00,专业课,李晓峰等,2026-09-02 09:19:27
180083070901P3002H,贵金属地质学,贵金属地质学,地球与行星科学学院,雁栖湖,https://jwba.ucas.ac.cn/sc/course/courseplan/313872,40,2.00,专业课,刘庆,2026-09-02 09:19:27
180083070901P3003H,矿物晶体化学,矿物晶体化学,地球与行星科学学院,雁栖湖,https://jwba.ucas.ac.cn/sc/course/courseplan/313874,40,2.00,专业课,李永兵等,2026-09-02 09:19:27
180083070901P4001H,火山学,火山学,地球与行星科学学院,雁栖湖,https://jwba.ucas.ac.cn/sc/course/courseplan/313873,20,1.00,研讨课,史锋等,2026-09-02 09:19:27
180083070901P5001H,新兴分析技术在矿床学中的应用,新兴分析技术在矿床学中的应用,地球与行星科学学院,雁栖湖,https://jwba.ucas.ac.cn/sc/course/courseplan/313878,30,1.00,实验课,苏本勋等,2026-09-02 09:19:27
180083070901P5002H,岩浆岩岩相学,岩浆岩岩相学,地球与行星科学学院,雁栖湖,https://jwba.ucas.ac.cn/sc/course/courseplan/313876,30,1.00,实验课,张吉衡等,2026-09-02 09:19:27
180083070901P5003H,变质岩岩相学,变质岩岩相学,地球与行星科学学院,雁栖湖,https://jwba.ucas.ac.cn/sc/course/courseplan/314494,30,1.00,实验课,张慧,2026-09-02 09:19:27
180083070902P2001H,有机地球化学,有机地球化学,地球与行星科学学院,雁栖湖,https://jwba.ucas.ac.cn/sc/course/courseplan/313942,60,3.00,专业核心课,彭平安等,2026-09-02 09:19:27
180083070902P2002H,元素地球化学,元素地球化学,地球与行星科学学院,雁栖湖,https://jwba.ucas.ac.cn/sc/course/courseplan/313978,60,3.00,专业核心课,陈意等,2026-09-02 09:19:27
180083070903P2003H,脊椎动物进化,脊椎动物进化,地球与行星科学学院,雁栖湖,https://jwba.ucas.ac.cn/sc/course/courseplan/313931,50,2.50,专业核心课,朱敏等,2026-09-02 09:19:27
180083070903P5001H,古脊椎动物学实验,古脊椎动物学实验,地球与行星科学学院,雁栖湖,https://jwba.ucas.ac.cn/sc/course/courseplan/313885,30,1.00,实验课,侯素宽等,2026-09-02 09:19:27
180083070903P6001H,计算系统发生学,计算系统发生学,地球与行星科学学院,雁栖湖,https://jwba.ucas.ac.cn/sc/course/courseplan/314027,30,1.00,实践课,张驰,2026-09-02 09:19:27
180083070903P6003H,骨组织学基础及应用,骨组织学基础及应用,地球与行星科学学院,雁栖湖,https://jwba.ucas.ac.cn/sc/course/courseplan/313930,30,1.00,实践课,赵祺等,2026-09-02 09:19:27
180083070903PX003H,生物进化论,生物进化论,地球与行星科学学院,雁栖湖,https://jwba.ucas.ac.cn/sc/course/courseplan/313886,40,1.00,公共选修课,郭建崴,2026-09-02 09:19:27
180083070904P2002H,沉积盆地分析,沉积盆地分析,地球与行星科学学院,雁栖湖,https://jwba.ucas.ac.cn/sc/course/courseplan/314952,50,2.50,专业核心课,孟庆任,2026-09-02 09:19:27
180083070904P2003H,高等构造地质学,高等构造地质学,地球与行星科学学院,雁栖湖,https://jwba.ucas.ac.cn/sc/course/courseplan/314484,60,3.00,专业核心课,侯泉林等,2026-09-02 09:19:27
180083070904P2004H,岩石流变学,岩石流变学,地球与行星科学学院,雁栖湖,https://jwba.ucas.ac.cn/sc/course/courseplan/313926,40,2.00,专业核心课,周永胜,2026-09-02 09:19:27
180083070904P2005H,能源地质学,能源地质学,地球与行星科学学院,雁栖湖,https://jwba.ucas.ac.cn/sc/course/courseplan/313982,60,3.00,专业核心课,琚宜文等,2026-09-02 09:19:27
180083070904P3001H,构造作用与成矿,构造作用与成矿,地球与行星科学学院,雁栖湖,https://jwba.ucas.ac.cn/sc/course/courseplan/313881,40,2.00,专业课,徐兴旺等,2026-09-02 09:19:27
180083070904P3003H,沉积环境分析理论与实践,沉积环境分析理论与实践,地球与行星科学学院,雁栖湖,https://jwba.ucas.ac.cn/sc/course/courseplan/313887,60,3.00,专业课,张玉修等,2026-09-02 09:19:27
180083070904P3004H,层序地层学,层序地层学,地球与行星科学学院,雁栖湖,https://jwba.ucas.ac.cn/sc/course/courseplan/314486,40,2.00,专业课,陈代钊等,2026-09-02 09:19:27
180083070904P4001H,中国区域地质及热点问题,中国区域地质及热点问题,地球与行星科学学院,雁栖湖,https://jwba.ucas.ac.cn/sc/course/courseplan/313882,20,1.00,研讨课,郭谦谦等,2026-09-02 09:19:27
180083070904P4002H,岩石大地构造与深部过程,岩石大地构造与深部过程,地球与行星科学学院,雁栖湖,https://jwba.ucas.ac.cn/sc/course/courseplan/313880,20,1.00,研讨课,刘庆,2026-09-02 09:19:27
180083070904P4006H,应力化学及其在地学中的应用,应力化学及其在地学中的应用,地球与行星科学学院,雁栖湖,https://jwba.ucas.ac.cn/sc/course/courseplan/318926,20,1.00,研讨课,侯泉林等,2026-09-02 09:19:27
180083070904P5001H,沉积岩岩相学,沉积岩岩相学,地球与行星科学学院,雁栖湖,https://jwba.ucas.ac.cn/sc/course/courseplan/313888,30,1.00,实验课,谭锋奇,2026-09-02 09:19:27
180083070905P2001H,第四纪沉积与环境,第四纪沉积与环境,地球与行星科学学院,雁栖湖,https://jwba.ucas.ac.cn/sc/course/courseplan/313927,60,3.00,专业核心课,郝青振等,2026-09-02 09:19:27
180083070905P3001H,地表过程与地貌学,地表过程与地貌学,地球与行星科学学院,雁栖湖,https://jwba.ucas.ac.cn/sc/course/courseplan/313928,40,2.00,专业课,方小敏等,2026-09-02 09:19:27
180083070905P3002H,环境地球化学,环境地球化学,地球与行星科学学院,雁栖湖,https://jwba.ucas.ac.cn/sc/course/courseplan/313929,60,3.00,专业课,顾兆炎等,2026-09-02 09:19:27
180083070905P3003H,环境考古学,环境考古学,地球与行星科学学院,雁栖湖,https://jwba.ucas.ac.cn/sc/course/courseplan/314485,50,2.50,专业课,李小强等,2026-09-02 09:19:27
180083070905P5001H,分子化石与古环境,分子化石与古环境,地球与行星科学学院,雁栖湖,https://jwba.ucas.ac.cn/sc/course/courseplan/313883,40,1.00,实验课,李玉梅,2026-09-02 09:19:27
180083070905P5002H,考古遗址定年与化石统计分析,考古遗址定年与化石统计分析,地球与行星科学学院,雁栖湖,https://jwba.ucas.ac.cn/sc/course/courseplan/314509,40,1.00,实验课,葛俊逸等,2026-09-02 09:19:27
1800830709Z1P3001H,地质微生物学,地质微生物学,地球与行星科学学院,雁栖湖,https://jwba.ucas.ac.cn/sc/course/courseplan/313884,40,2.00,专业课,曹长乾等,2026-09-02 09:19:27
180083075100P1002H,区域气候环境模拟与应用,区域气候环境模拟与应用,地球与行星科学学院,雁栖湖,https://jwba.ucas.ac.cn/sc/course/courseplan/320595,50,2.50,学科核心课,丹利等,2026-09-02 09:19:27
180083075100P3001H,副热带和青藏高原气候动力学,副热带和青藏高原气候动力学,地球与行星科学学院,雁栖湖,https://jwba.ucas.ac.cn/sc/course/courseplan/320559,40,2.00,专业课,刘屹岷等,2026-09-02 09:19:27
180083075100P3003H,天气与气候可预报性,天气与气候可预报性,地球与行星科学学院,雁栖湖,https://jwba.ucas.ac.cn/sc/course/courseplan/320590,40,2.00,专业课,段晚锁等,2026-09-02 09:19:27
180083081600P1001H,物理大地测量学,物理大地测量学,地球与行星科学学院,雁栖湖,https://jwba.ucas.ac.cn/sc/course/courseplan/313898,60,3.00,学科核心课,陆洋,2026-09-02 09:19:27
180083081600P1002H,时变重力学,时变重力学,地球与行星科学学院,雁栖湖,https://jwba.ucas.ac.cn/sc/course/courseplan/313899,60,3.00,学科核心课,孙文科等,2026-09-02 09:19:27
180083081600P1003H,影像大地测量学,影像大地测量学,地球与行星科学学院,雁栖湖,https://jwba.ucas.ac.cn/sc/course/courseplan/313900,40,2.00,学科核心课,江利明等,2026-09-02 09:19:27
180083081600P1004H,测量数据处理理论与方法,测量数据处理理论与方法,地球与行星科学学院,雁栖湖,https://jwba.ucas.ac.cn/sc/course/courseplan/313901,40,2.00,学科核心课,闫昊明等,2026-09-02 09:19:27
180083081800P1001H,工程地质学,工程地质学,地球与行星科学学院,雁栖湖,https://jwba.ucas.ac.cn/sc/course/courseplan/313933,60,3.00,学科核心课,胡瑞林等,2026-09-02 09:19:27
180083081800P1002H,地震勘探原理,地震勘探原理,地球与行星科学学院,雁栖湖,https://jwba.ucas.ac.cn/sc/course/courseplan/314493,60,3.00,学科核心课,王一博等,2026-09-02 09:19:27
180083081801P2001H,经济地质学(原名高等矿床学),经济地质学,地球与行星科学学院,雁栖湖,https://jwba.ucas.ac.cn/sc/course/courseplan/313932,60,3.00,专业核心课,秦克章等,2026-09-02 09:19:27
180083081802P2002H,井孔地球物理方法原理,井孔地球物理方法原理,地球与行星科学学院,雁栖湖,https://jwba.ucas.ac.cn/sc/course/courseplan/313891,60,3.00,专业核心课,陈德华等,2026-09-02 09:19:27
180083081802P3001H,现代应用地球物理,现代应用地球物理,地球与行星科学学院,雁栖湖,https://jwba.ucas.ac.cn/sc/course/courseplan/314950,60,3.00,专业课,张健等,2026-09-02 09:19:27
180083081803P2001H,岩体力学,岩体力学,地球与行星科学学院,雁栖湖,https://jwba.ucas.ac.cn/sc/course/courseplan/313889,50,2.50,专业核心课,李晓等,2026-09-02 09:19:27
180083085704M5002H,常用测量数据处理与绘图软件实践,常用测量数据处理与绘图软件实践,地球与行星科学学院,雁栖湖,https://jwba.ucas.ac.cn/sc/course/courseplan/318935,60,2.00,实验课,汪秋昱,2026-09-02 09:19:27
180083990100P1001H,行星磁学,行星磁学,地球与行星科学学院,雁栖湖,https://jwba.ucas.ac.cn/sc/course/courseplan/313936,50,2.50,学科核心课,葛亚松等,2026-09-02 09:19:27
180083990100P1002H,行星探测导论,行星探测导论,地球与行星科学学院,雁栖湖,https://jwba.ucas.ac.cn/sc/course/courseplan/313937,60,3.00,学科核心课,何飞等,2026-09-02 09:19:27
180083990101P2001H,行星地质导论,行星地质导论,地球与行星科学学院,雁栖湖,https://jwba.ucas.ac.cn/sc/course/courseplan/313895,40,2.00,专业核心课,李雄耀等,2026-09-02 09:19:27
180083990101P3001H,行星表面演化概论,行星表面演化概论,地球与行星科学学院,雁栖湖,https://jwba.ucas.ac.cn/sc/course/courseplan/314568,40,2.00,专业课,刘洋等,2026-09-02 09:19:27
180083990101P4001H,火星地质前沿进展,火星地质前沿进展,地球与行星科学学院,雁栖湖,https://jwba.ucas.ac.cn/sc/course/courseplan/313938,20,1.00,研讨课,唐红,2026-09-02 09:19:27
180083990102P2001H,太阳系演化和陨石学,太阳系演化和陨石学,地球与行星科学学院,雁栖湖,https://jwba.ucas.ac.cn/sc/course/courseplan/313894,40,2.00,专业核心课,林杨挺等,2026-09-02 09:19:27
180083990102P4001H,行星年代学,行星年代学,地球与行星科学学院,雁栖湖,https://jwba.ucas.ac.cn/sc/course/courseplan/313893,20,1.00,研讨课,李秋立等,2026-09-02 09:19:27
180083990105P2001H,行星大气物理,行星大气物理,地球与行星科学学院,雁栖湖,https://jwba.ucas.ac.cn/sc/course/courseplan/313892,40,2.00,专业核心课,任志鹏等,2026-09-02 09:19:27
180083990105P2004H,太阳系行星际环境,太阳系行星际环境,地球与行星科学学院,雁栖湖,https://jwba.ucas.ac.cn/sc/course/courseplan/315068,60,3.00,专业核心课,钟俊等,2026-09-02 09:19:27
180084070500P1001H,现代地图学,现代地图学,资源与环境学院,雁栖湖,https://jwba.ucas.ac.cn/sc/course/courseplan/314133,50,2.50,学科核心课,程维明等,2026-09-02 09:19:27
180084070500P1002H,地理信息科学-A,地理信息科学-A,资源与环境学院,雁栖湖,https://jwba.ucas.ac.cn/sc/course/courseplan/314134,50,2.50,学科核心课,宋现锋等,2026-09-02 09:19:27
180084070500P1003H,地理信息科学-B,地理信息科学-B,资源与环境学院,雁栖湖,https://jwba.ucas.ac.cn/sc/course/courseplan/314245,50,2.50,学科核心课,陆锋等,2026-09-02 09:19:27
180084070500P1004H-1,遥感科学-A,遥感科学-A,资源与环境学院,雁栖湖,https://jwba.ucas.ac.cn/sc/course/courseplan/315588,60,3.00,学科核心课,宋小宁等,2026-09-02 09:19:27
180084070500P1004H-2,遥感科学-B,遥感科学-B,资源与环境学院,雁栖湖,https://jwba.ucas.ac.cn/sc/course/courseplan/315589,60,3.00,学科核心课,姜小光等,2026-09-02 09:19:27
180084070500P1005H,区域可持续发展理论与实践,区域可持续发展理论与实践,资源与环境学院,雁栖湖,https://jwba.ucas.ac.cn/sc/course/courseplan/314329,50,2.50,学科核心课,刘毅等,2026-09-02 09:19:27
180084070500P1006H,资源科学导论,资源科学导论,资源与环境学院,雁栖湖,https://jwba.ucas.ac.cn/sc/course/courseplan/314126,50,2.50,学科核心课,封志明等,2026-09-02 09:19:27
180084070500P1008H,现代水文学与水资源学,现代水文学与水资源学,资源与环境学院,雁栖湖,https://jwba.ucas.ac.cn/sc/course/courseplan/314243,60,3.00,学科核心课,宋献方等,2026-09-02 09:19:27
180084070500PB001H-1,学术道德与学术写作规范分论-地理学方向,学术道德与学术写作规范分论-地理学方向,资源与环境学院,雁栖湖,https://jwba.ucas.ac.cn/sc/course/courseplan/315590,10,0.50,公共必修课,唐家奎,2026-09-02 09:19:27
180084070500PB001H-2,学术道德与学术写作规范分论-地理学方向,学术道德与学术写作规范分论-地理学方向,资源与环境学院,雁栖湖,https://jwba.ucas.ac.cn/sc/course/courseplan/315591,10,0.50,公共必修课,唐家奎,2026-09-02 09:19:27
180084070501P2001H,冰冻圈科学概论,冰冻圈科学概论,资源与环境学院,雁栖湖,https://jwba.ucas.ac.cn/sc/course/courseplan/314244,50,2.50,专业核心课,秦大河等,2026-09-02 09:19:27
180084070501P4004H,全球变化与粮食安全,全球变化与粮食安全,资源与环境学院,雁栖湖,https://jwba.ucas.ac.cn/sc/course/courseplan/318960,20,1.00,研讨课,刘玉洁,2026-09-02 09:19:27
180084070502P3004H,人文与经济地理学文献阅读,人文与经济地理学文献阅读,资源与环境学院,雁栖湖,https://jwba.ucas.ac.cn/sc/course/courseplan/314237,40,2.00,专业课,杨振山,2026-09-02 09:19:27
180084070502P3005H,行政区划与政治地理学,行政区划与政治地理学,资源与环境学院,雁栖湖,https://jwba.ucas.ac.cn/sc/course/courseplan/314330,40,2.00,专业课,王开泳等,2026-09-02 09:19:27
180084070503P2002H,空间分析,空间分析,资源与环境学院,雁栖湖,https://jwba.ucas.ac.cn/sc/course/courseplan/314399,60,3.00,专业核心课,裴韬等,2026-09-02 09:19:27
180084070503P3002H,海洋遥感,海洋遥感,资源与环境学院,雁栖湖,https://jwba.ucas.ac.cn/sc/course/courseplan/314240,50,2.50,专业课,苏奋振等,2026-09-02 09:19:27
180084070503P3006H,全球导航卫星系统原理与应用,全球导航卫星系统原理与应用,资源与环境学院,雁栖湖,https://jwba.ucas.ac.cn/sc/course/courseplan/314246,50,2.50,专业课,党亚民等,2026-09-02 09:19:27
180084070503P3007H,热红外遥感,热红外遥感,资源与环境学院,雁栖湖,https://jwba.ucas.ac.cn/sc/course/courseplan/314400,50,2.50,专业课,李召良等,2026-09-02 09:19:27
180084070503P3010H,遥感物理,遥感物理,资源与环境学院,雁栖湖,https://jwba.ucas.ac.cn/sc/course/courseplan/314401,60,3.00,专业课,郭华东等,2026-09-02 09:19:27
180084070503P3011H,遥感智能计算与信息提取,遥感智能计算与信息提取,资源与环境学院,雁栖湖,https://jwba.ucas.ac.cn/sc/course/courseplan/314402,40,2.00,专业课,杨晓梅等,2026-09-02 09:19:27
180084070503P4001H,城市地理信息系统,城市地理信息系统,资源与环境学院,雁栖湖,https://jwba.ucas.ac.cn/sc/course/courseplan/314094,20,1.00,研讨课,陆锋等,2026-09-02 09:19:27
180084070503P4003H,高光谱遥感,高光谱遥感,资源与环境学院,雁栖湖,https://jwba.ucas.ac.cn/sc/course/courseplan/314095,20,1.00,研讨课,张兵,2026-09-02 09:19:27
180084070503P4006H,空间数据挖掘,空间数据挖掘,资源与环境学院,雁栖湖,https://jwba.ucas.ac.cn/sc/course/courseplan/315144,20,1.00,研讨课,杜云艳等,2026-09-02 09:19:27
180084070503P6002H,Python空间数据处理,Python空间数据处理,资源与环境学院,雁栖湖,https://jwba.ucas.ac.cn/sc/course/courseplan/314096,60,2.00,实践课,宋现锋等,2026-09-02 09:19:27
180084070503P6004H-1,地理信息系统应用实践,地理信息系统应用实践,资源与环境学院,雁栖湖,https://jwba.ucas.ac.cn/sc/course/courseplan/315572,40,1.00,实践课,杜云艳等,2026-09-02 09:19:27
180084070503P6004H-2,地理信息系统应用实践,地理信息系统应用实践,资源与环境学院,雁栖湖,https://jwba.ucas.ac.cn/sc/course/courseplan/315573,40,1.00,实践课,杜云艳等,2026-09-02 09:19:27
180084070503P6005H,数字地图制图与应用,数字地图制图与应用,资源与环境学院,雁栖湖,https://jwba.ucas.ac.cn/sc/course/courseplan/314097,30,1.00,实践课,齐清文等,2026-09-02 09:19:27
1800840705Z1MX001H,资源利用与生态文明建设：理论与评价,资源利用与生态文明建设：理论与评价,资源与环境学院,雁栖湖,https://jwba.ucas.ac.cn/sc/course/courseplan/317967,30,1.00,公共选修课,刘东,2026-09-02 09:19:27
1800840705Z1P2001H,环境修复与资源工程,环境修复与资源工程,资源与环境学院,雁栖湖,https://jwba.ucas.ac.cn/sc/course/courseplan/314127,50,2.50,专业核心课,雷梅等,2026-09-02 09:19:27
1800840705Z1P2002H,资源地理学,资源地理学,资源与环境学院,雁栖湖,https://jwba.ucas.ac.cn/sc/course/courseplan/314128,50,2.50,专业核心课,吕爱锋等,2026-09-02 09:19:27
1800840705Z1P2003H,资源经济学,资源经济学,资源与环境学院,雁栖湖,https://jwba.ucas.ac.cn/sc/course/courseplan/314242,60,3.00,专业核心课,沈镭等,2026-09-02 09:19:27
1800840705Z1P2004H,资源生态学,资源生态学,资源与环境学院,雁栖湖,https://jwba.ucas.ac.cn/sc/course/courseplan/314129,50,2.50,专业核心课,谢高地等,2026-09-02 09:19:27
1800840705Z1P3001H,环境与自然资源系统建模,环境与自然资源系统建模,资源与环境学院,雁栖湖,https://jwba.ucas.ac.cn/sc/course/courseplan/314090,50,2.50,专业课,Ayman Elshkaki等,2026-09-02 09:19:27
1800840705Z1P3002H,资源循环利用与生态经济,资源循环利用与生态经济,资源与环境学院,雁栖湖,https://jwba.ucas.ac.cn/sc/course/courseplan/314130,40,2.00,专业课,董锁成等,2026-09-02 09:19:27
1800840705Z1P4003H,资源环境承载力理论与方法,资源环境承载力理论与方法,资源与环境学院,雁栖湖,https://jwba.ucas.ac.cn/sc/course/courseplan/314087,20,1.00,研讨课,封志明等,2026-09-02 09:19:27
1800840705Z1P4004H,自然与文化遗产概论,自然与文化遗产概论,资源与环境学院,雁栖湖,https://jwba.ucas.ac.cn/sc/course/courseplan/314088,20,1.00,研讨课,闵庆文等,2026-09-02 09:19:27
1800840705Z1P4005H,自然资本与生态系统服务核算方法与应用,自然资本与生态系统服务核算方法与应用,资源与环境学院,雁栖湖,https://jwba.ucas.ac.cn/sc/course/courseplan/314089,20,1.00,研讨课,杨艳昭等,2026-09-02 09:19:27
180084071300P1001H,植物生理生态学,植物生理生态学,资源与环境学院,雁栖湖,https://jwba.ucas.ac.cn/sc/course/courseplan/314174,40,2.00,学科核心课,张文浩等,2026-09-02 09:19:27
180084071300P1002H,全球变化生态学,全球变化生态学,资源与环境学院,雁栖湖,https://jwba.ucas.ac.cn/sc/course/courseplan/314172,60,3.00,学科核心课,刘玲莉等,2026-09-02 09:19:27
180084071300P1003H,高级生态学,高级生态学,资源与环境学院,雁栖湖,https://jwba.ucas.ac.cn/sc/course/courseplan/314104,50,2.50,学科核心课,欧阳志云等,2026-09-02 09:19:27
180084071300P1006H,景观与区域生态学,景观与区域生态学,资源与环境学院,雁栖湖,https://jwba.ucas.ac.cn/sc/course/courseplan/314105,60,3.00,学科核心课,马克明等,2026-09-02 09:19:27
180084071300P1007H,高级陆地生态系统生态学,高级陆地生态系统生态学,资源与环境学院,雁栖湖,https://jwba.ucas.ac.cn/sc/course/courseplan/314173,60,3.00,学科核心课,白永飞等,2026-09-02 09:19:27
180084071300PB001H,学术道德与学术写作规范-分论（生态学方向）,学术道德与学术写作规范-分论（生态学方向）,资源与环境学院,雁栖湖,https://jwba.ucas.ac.cn/sc/course/courseplan/314159,10,0.50,公共必修课,牛海山,2026-09-02 09:19:27
180084071300PX001H,生态科学仪器发展史,生态科学仪器发展史,资源与环境学院,雁栖湖,https://jwba.ucas.ac.cn/sc/course/courseplan/317968,30,1.00,公共选修课,艾治频,2026-09-02 09:19:27
1800840713X1P2002H,大尺度宏观生态系统科学,大尺度宏观生态系统科学,资源与环境学院,雁栖湖,https://jwba.ucas.ac.cn/sc/course/courseplan/314176,50,2.50,专业核心课,于贵瑞等,2026-09-02 09:19:27
1800840713X1P2003H,土地利用变化生态学,土地利用变化生态学,资源与环境学院,雁栖湖,https://jwba.ucas.ac.cn/sc/course/courseplan/314177,50,2.50,专业核心课,戴尔阜等,2026-09-02 09:19:27
1800840713X1P3001H,流域水生态健康评价,流域水生态健康评价,资源与环境学院,雁栖湖,https://jwba.ucas.ac.cn/sc/course/courseplan/314106,40,2.00,专业课,王丽静等,2026-09-02 09:19:27
1800840713X1P5001H,高级土壤生态学实验,高级土壤生态学实验,资源与环境学院,雁栖湖,https://jwba.ucas.ac.cn/sc/course/courseplan/314108,50,1.50,实验课,张莘等,2026-09-02 09:19:27
1800840713X2P2003H,生态遥感原理与方法,生态遥感原理与方法,资源与环境学院,雁栖湖,https://jwba.ucas.ac.cn/sc/course/courseplan/314109,40,2.00,专业核心课,王思远等,2026-09-02 09:19:27
1800840713X2P3003H,环境变化的生态效应,环境变化的生态效应,资源与环境学院,雁栖湖,https://jwba.ucas.ac.cn/sc/course/courseplan/314110,40,2.00,专业课,王章玮等,2026-09-02 09:19:27
1800840713X2P3005H,流域生态学,流域生态学,资源与环境学院,雁栖湖,https://jwba.ucas.ac.cn/sc/course/courseplan/314111,40,2.00,专业课,赵洪涛等,2026-09-02 09:19:27
1800840713X2P3006H,生态统计分析方法,生态统计分析方法,资源与环境学院,雁栖湖,https://jwba.ucas.ac.cn/sc/course/courseplan/314112,40,2.00,专业课,张霜,2026-09-02 09:19:27
1800840713X2P3007H,生态系统模型与模拟,生态系统模型与模拟,资源与环境学院,雁栖湖,https://jwba.ucas.ac.cn/sc/course/courseplan/314113,40,2.00,专业课,陈晓东等,2026-09-02 09:19:27
1800840713X2P4005H,生态恢复与效应前沿,生态恢复与效应前沿,资源与环境学院,雁栖湖,https://jwba.ucas.ac.cn/sc/course/courseplan/314331,20,1.00,研讨课,高光耀等,2026-09-02 09:19:27
1800840713X2P4006H,生态系统服务前沿,生态系统服务前沿,资源与环境学院,雁栖湖,https://jwba.ucas.ac.cn/sc/course/courseplan/314114,20,1.00,研讨课,郑华等,2026-09-02 09:19:27
1800840713X2P4007H,生态与健康前沿,生态与健康前沿,资源与环境学院,雁栖湖,https://jwba.ucas.ac.cn/sc/course/courseplan/314115,20,1.00,研讨课,吕一河等,2026-09-02 09:19:27
1800840713X3P2001H,生态统计学原理与实践,生态统计学原理与实践,资源与环境学院,雁栖湖,https://jwba.ucas.ac.cn/sc/course/courseplan/314166,50,2.50,专业核心课,牛海山等,2026-09-02 09:19:27
1800840713X3P2002H,生态系统恢复理论与技术,生态系统恢复理论与技术,资源与环境学院,雁栖湖,https://jwba.ucas.ac.cn/sc/course/courseplan/314953,40,2.00,专业核心课,黄振英等,2026-09-02 09:19:27
1800840713X3P3001H-1,R语言及其在生态学中的应用-1,R语言及其在生态学中的应用-1,资源与环境学院,雁栖湖,https://jwba.ucas.ac.cn/sc/course/courseplan/318580,40,2.00,专业课,赖江山等,2026-09-02 09:19:27
1800840713X3P3001H-2,R语言及其在生态学中的应用-2,R语言及其在生态学中的应用-2,资源与环境学院,雁栖湖,https://jwba.ucas.ac.cn/sc/course/courseplan/318581,40,2.00,专业课,赖江山等,2026-09-02 09:19:27
1800840713X3P3002H,根系生态学,根系生态学,资源与环境学院,雁栖湖,https://jwba.ucas.ac.cn/sc/course/courseplan/314099,40,2.00,专业课,白文明等,2026-09-02 09:19:27
1800840713X3P3006H,面向生态学数据的统计分析方法与应用,面向生态学数据的统计分析方法与应用,资源与环境学院,雁栖湖,https://jwba.ucas.ac.cn/sc/course/courseplan/314954,50,2.50,专业课,程淑兰,2026-09-02 09:19:27
1800840713X3P3007H,面向生态学数据的统计分析原理与方法,面向生态学数据的统计分析原理与方法,资源与环境学院,雁栖湖,https://jwba.ucas.ac.cn/sc/course/courseplan/314158,50,2.50,专业课,程淑兰,2026-09-02 09:19:27
1800840713X6P4001H,生物多样性经济学前沿,生物多样性经济学前沿,资源与环境学院,雁栖湖,https://jwba.ucas.ac.cn/sc/course/courseplan/314103,20,1.00,研讨课,白云丽等,2026-09-02 09:19:27
180084083000P1002H,大气污染控制原理与技术,大气污染控制原理与技术,资源与环境学院,雁栖湖,https://jwba.ucas.ac.cn/sc/course/courseplan/314163,60,3.00,学科核心课,余运波等,2026-09-02 09:19:27
180084083000P1003H,现代分子毒理学,现代分子毒理学,资源与环境学院,雁栖湖,https://jwba.ucas.ac.cn/sc/course/courseplan/317969,50,2.50,学科核心课,秦占芬等,2026-09-02 09:19:27
180084083000P1004H,高等环境化学,高等环境化学,资源与环境学院,雁栖湖,https://jwba.ucas.ac.cn/sc/course/courseplan/314160,60,3.00,学科核心课,江桂斌等,2026-09-02 09:19:27
180084083000P1005H,现代环境分析,现代环境分析,资源与环境学院,雁栖湖,https://jwba.ucas.ac.cn/sc/course/courseplan/314161,60,3.00,学科核心课,郑明辉等,2026-09-02 09:19:27
180084083000P1007H,饮用水安全,饮用水安全,资源与环境学院,雁栖湖,https://jwba.ucas.ac.cn/sc/course/courseplan/314119,60,3.00,学科核心课,杨敏等,2026-09-02 09:19:27
180084083000PB001H,学术道德与学术写作规范-分论（环境科学与工程方向）,学术道德与学术写作规范-分论（环境科学与工程方向）,资源与环境学院,雁栖湖,https://jwba.ucas.ac.cn/sc/course/courseplan/314162,10,0.50,公共必修课,郑建中等,2026-09-02 09:19:27
180084083001P2001H,大气环境化学,大气环境化学,资源与环境学院,雁栖湖,https://jwba.ucas.ac.cn/sc/course/courseplan/314164,50,2.50,专业核心课,牟玉静等,2026-09-02 09:19:27
180084083001P2003H,高等环境毒理学,高等环境毒理学,资源与环境学院,雁栖湖,https://jwba.ucas.ac.cn/sc/course/courseplan/314124,50,2.50,专业核心课,周群芳等,2026-09-02 09:19:27
180084083001P3001H,湖泊学概论,湖泊学概论,资源与环境学院,雁栖湖,https://jwba.ucas.ac.cn/sc/course/courseplan/314118,40,2.00,专业课,张运林等,2026-09-02 09:19:27
180084083001P3002H,环境毒理学研究方法与原理,环境毒理学研究方法与原理,资源与环境学院,雁栖湖,https://jwba.ucas.ac.cn/sc/course/courseplan/314125,50,2.50,专业课,刘思金等,2026-09-02 09:19:27
180084083001P3010H,环境土壤学,环境土壤学,资源与环境学院,雁栖湖,https://jwba.ucas.ac.cn/sc/course/courseplan/314086,40,2.00,专业课,崔岩山等,2026-09-02 09:19:27
180084083001P4007H,土壤健康进展,土壤健康进展,资源与环境学院,雁栖湖,https://jwba.ucas.ac.cn/sc/course/courseplan/314234,20,1.00,研讨课,孙国新等,2026-09-02 09:19:27
180084083002P2001H,高级污水生物处理工程,高级污水生物处理工程,资源与环境学院,雁栖湖,https://jwba.ucas.ac.cn/sc/course/courseplan/314120,50,2.50,专业核心课,刘俊新等,2026-09-02 09:19:27
180084083002P3001H,温室气体减排与控制技术,温室气体减排与控制技术,资源与环境学院,雁栖湖,https://jwba.ucas.ac.cn/sc/course/courseplan/314156,50,2.50,专业课,郝郑平等,2026-09-02 09:19:27
180084083002P3003H,水质界面过程原理,水质界面过程原理,资源与环境学院,雁栖湖,https://jwba.ucas.ac.cn/sc/course/courseplan/314165,50,2.50,专业课,郑建中等,2026-09-02 09:19:27
180084083002P5001H,现代水质分析实验,现代水质分析实验,资源与环境学院,雁栖湖,https://jwba.ucas.ac.cn/sc/course/courseplan/314230,30,1.00,实验课,李红岩等,2026-09-02 09:19:27
1800840830Z1P2001H,环境规划与管理,环境规划与管理,资源与环境学院,雁栖湖,https://jwba.ucas.ac.cn/sc/course/courseplan/314116,40,2.00,专业核心课,贺桂珍等,2026-09-02 09:19:27
1800840830Z1P2003H,生态环境损害鉴定概论,生态环境损害鉴定概论,资源与环境学院,雁栖湖,https://jwba.ucas.ac.cn/sc/course/courseplan/314117,40,2.00,专业核心课,张元勋等,2026-09-02 09:19:27
180084085701M3008H,环境工程基础,环境工程基础,资源与环境学院,雁栖湖,https://jwba.ucas.ac.cn/sc/course/courseplan/318314,40,2.00,专业课,刘新春等,2026-09-02 09:19:27
180084085701M3012H,高等仪器分析,高等仪器分析,资源与环境学院,雁栖湖,https://jwba.ucas.ac.cn/sc/course/courseplan/317970,60,3.00,专业课,何滨等,2026-09-02 09:19:27
180084085701M4004H,污泥处理与资源化利用,污泥处理与资源化利用,资源与环境学院,雁栖湖,https://jwba.ucas.ac.cn/sc/course/courseplan/318358,20,1.00,研讨课,张伟军等,2026-09-02 09:19:27
180084085701M6005H,碳中和与碳资源利用技术实践,碳中和与碳资源利用技术实践,资源与环境学院,雁栖湖,https://jwba.ucas.ac.cn/sc/course/courseplan/320118,60,2.00,实践课,陈扬等,2026-09-02 09:19:27
180085071000M3004H,生物伦理学,生物伦理学,生命科学学院,雁栖湖,https://jwba.ucas.ac.cn/sc/course/courseplan/315072,40,2.00,专业课,黄小茹等,2026-09-02 09:19:27
180085071000P4001H-1,科学制图-1班,科学制图-1班,生命科学学院,雁栖湖,https://jwba.ucas.ac.cn/sc/course/courseplan/320206,20,1.00,研讨课,郝彦宾,2026-09-02 09:19:27
180085071000P4001H-2,科学制图-2班,科学制图-2班,生命科学学院,雁栖湖,https://jwba.ucas.ac.cn/sc/course/courseplan/320207,20,1.00,研讨课,郝彦宾,2026-09-02 09:19:27
180085086001M2017H,磁共振成像系统和脉冲序列基础,磁共振成像系统和脉冲序列基础,生命科学学院,雁栖湖,https://jwba.ucas.ac.cn/sc/course/courseplan/315116,40,2.00,专业核心课,薛蓉等,2026-09-02 09:19:27
180085086001M2018H,微生物组学前沿技术与应用,微生物组学前沿技术与应用,生命科学学院,雁栖湖,https://jwba.ucas.ac.cn/sc/course/courseplan/315117,40,2.00,专业核心课,王关红等,2026-09-02 09:19:27
180085086001M2019H,细胞稳态与应激,细胞稳态与应激,生命科学学院,雁栖湖,https://jwba.ucas.ac.cn/sc/course/courseplan/315110,40,2.00,专业核心课,王磊等,2026-09-02 09:19:27
180085086001M2020H,媒介生物学,媒介生物学,生命科学学院,雁栖湖,https://jwba.ucas.ac.cn/sc/course/courseplan/315111,60,3.00,专业核心课,崔峰等,2026-09-02 09:19:27
180085086001M3025H,DCS多组学大数据解析与实践,DCS多组学大数据解析与实践,生命科学学院,雁栖湖,https://jwba.ucas.ac.cn/sc/course/courseplan/315115,40,2.00,专业课,孙海汐等,2026-09-02 09:19:27
180085086001M4002H,病原微生物学研讨课,病原微生物学研讨课,生命科学学院,雁栖湖,https://jwba.ucas.ac.cn/sc/course/courseplan/320198,20,1.00,研讨课,邓红雨,2026-09-02 09:19:27
180086081200P1002H,算法设计与分析,算法设计与分析,计算机科学与技术学院,雁栖湖,https://jwba.ucas.ac.cn/sc/course/courseplan/314393,60,3.00,学科核心课,卜东波,2026-09-02 09:19:27
180086081200P1003H,计算机体系结构,计算机体系结构,计算机科学与技术学院,雁栖湖,https://jwba.ucas.ac.cn/sc/course/courseplan/314215,60,3.00,学科核心课,胡伟武等,2026-09-02 09:19:27
180086081200P1004H,计算机网络,计算机网络,计算机科学与技术学院,雁栖湖,https://jwba.ucas.ac.cn/sc/course/courseplan/314137,60,3.00,学科核心课,李振宇等,2026-09-02 09:19:27
180086081200P1005H,高级人工智能,高级人工智能,计算机科学与技术学院,雁栖湖,https://jwba.ucas.ac.cn/sc/course/courseplan/314136,60,3.00,学科核心课,沈华伟等,2026-09-02 09:19:27
180086081200PB001Y,学术道德与学术写作规范-分论,学术道德与学术写作规范-分论,计算机科学与技术学院,玉泉路,https://jwba.ucas.ac.cn/sc/course/courseplan/315251,10,0.50,公共必修课,刘兴武,2026-09-02 09:19:27
180086081201P2001H,并行处理,并行处理,计算机科学与技术学院,雁栖湖,https://jwba.ucas.ac.cn/sc/course/courseplan/315085,60,3.00,专业核心课,叶笑春等,2026-09-02 09:19:27
180086081201P3002H,VLSI测试与可测试性设计,VLSI测试与可测试性设计,计算机科学与技术学院,雁栖湖,https://jwba.ucas.ac.cn/sc/course/courseplan/313718,40,2.00,专业课,李华伟等,2026-09-02 09:19:27
180086081201P3003H,超大规模集成电路基础,超大规模集成电路基础,计算机科学与技术学院,雁栖湖,https://jwba.ucas.ac.cn/sc/course/courseplan/313852,40,2.00,专业课,齐洪钢,2026-09-02 09:19:27
180086081201P3003Y,超大规模集成电路基础,超大规模集成电路基础,计算机科学与技术学院,玉泉路,https://jwba.ucas.ac.cn/sc/course/courseplan/315246,40,2.00,专业课,齐洪钢,2026-09-02 09:19:27
180086081202P2001H,数理逻辑与程序理论,数理逻辑与程序理论,计算机科学与技术学院,雁栖湖,https://jwba.ucas.ac.cn/sc/course/courseplan/313716,60,3.00,专业核心课,眭跃飞,2026-09-02 09:19:27
180086081202P3001Y,矩阵分析与应用,矩阵分析与应用,计算机科学与技术学院,玉泉路,https://jwba.ucas.ac.cn/sc/course/courseplan/315247,40,2.00,专业课,李保滨,2026-09-02 09:19:27
180086081202P3002H,数据挖掘,数据挖掘,计算机科学与技术学院,雁栖湖,https://jwba.ucas.ac.cn/sc/course/courseplan/314390,40,2.00,专业课,刘莹,2026-09-02 09:19:27
180086081202P3003H,形式语言与自动机理论,形式语言与自动机理论,计算机科学与技术学院,雁栖湖,https://jwba.ucas.ac.cn/sc/course/courseplan/313836,40,2.00,专业课,姚刚,2026-09-02 09:19:27
180086081202PX002H,C++程序设计,C++程序设计,计算机科学与技术学院,雁栖湖,https://jwba.ucas.ac.cn/sc/course/courseplan/313851,40,1.00,公共选修课,杨力祥,2026-09-02 09:19:27
180086081202PX002Y,C++程序设计,C++程序设计,计算机科学与技术学院,玉泉路,https://jwba.ucas.ac.cn/sc/course/courseplan/315248,40,1.00,公共选修课,杨力祥,2026-09-02 09:19:27
180086081202PX003H,科学研究中的机器学习方法,科学研究中的机器学习方法,计算机科学与技术学院,雁栖湖,https://jwba.ucas.ac.cn/sc/course/courseplan/314972,40,1.00,公共选修课,杨智勇,2026-09-02 09:19:27
180086081202PX003Y,科学研究中的机器学习方法,科学研究中的机器学习方法,计算机科学与技术学院,玉泉路,https://jwba.ucas.ac.cn/sc/course/courseplan/315250,40,1.00,公共选修课,杨智勇,2026-09-02 09:19:27
180086081202PX005H,面向对象程序设计—C++,面向对象程序设计—C++,计算机科学与技术学院,雁栖湖,https://jwba.ucas.ac.cn/sc/course/courseplan/315084,40,1.00,公共选修课,刘立祥等,2026-09-02 09:19:27
180086081202PX005Y,面向对象程序设计—C++,面向对象程序设计—C++,计算机科学与技术学院,玉泉路,https://jwba.ucas.ac.cn/sc/course/courseplan/315249,40,1.00,公共选修课,刘立祥,2026-09-02 09:19:27
180086081202PX007H,Python编程基础,Python编程基础,计算机科学与技术学院,雁栖湖,https://jwba.ucas.ac.cn/sc/course/courseplan/314392,40,1.00,公共选修课,刘艳,2026-09-02 09:19:27
180086081202PX009H,智能科学技术导论,智能科学技术导论,计算机科学与技术学院,雁栖湖,https://jwba.ucas.ac.cn/sc/course/courseplan/314397,40,1.00,公共选修课,刘慧,2026-09-02 09:19:27
180086081203P2002H,自然语言处理,自然语言处理,计算机科学与技术学院,雁栖湖,https://jwba.ucas.ac.cn/sc/course/courseplan/314218,60,3.00,专业核心课,胡玥等,2026-09-02 09:19:27
180086081203P3002H,现代数字信号处理,现代数字信号处理,计算机科学与技术学院,雁栖湖,https://jwba.ucas.ac.cn/sc/course/courseplan/313710,40,2.00,专业课,刘艳,2026-09-02 09:19:27
180086081203P3003H,现代信息检索,现代信息检索,计算机科学与技术学院,雁栖湖,https://jwba.ucas.ac.cn/sc/course/courseplan/313711,40,2.00,专业课,何苯,2026-09-02 09:19:27
180086081203P3004H,大数据分析,大数据分析,计算机科学与技术学院,雁栖湖,https://jwba.ucas.ac.cn/sc/course/courseplan/313835,40,2.00,专业课,靳小龙等,2026-09-02 09:19:27
180086081203P3005H,信息论与编码,信息论与编码,计算机科学与技术学院,雁栖湖,https://jwba.ucas.ac.cn/sc/course/courseplan/313850,40,2.00,专业课,张新峰,2026-09-02 09:19:27
180086081203P5001H,智能机器人原型设计与制造实践,智能机器人原型设计与制造实践,计算机科学与技术学院,雁栖湖,https://jwba.ucas.ac.cn/sc/course/courseplan/315391,30,1.00,实验课,蒋树强等,2026-09-02 09:19:27
180086083500P1001H,计算机算法设计与分析,计算机算法设计与分析,计算机科学与技术学院,雁栖湖,https://jwba.ucas.ac.cn/sc/course/courseplan/313713,60,3.00,学科核心课,陈玉福,2026-09-02 09:19:27
180086083500P1002H,操作系统高级教程,操作系统高级教程,计算机科学与技术学院,雁栖湖,https://jwba.ucas.ac.cn/sc/course/courseplan/313853,60,3.00,学科核心课,杨力祥,2026-09-02 09:19:27
180086083500P1002Y,操作系统高级教程,操作系统高级教程,计算机科学与技术学院,玉泉路,https://jwba.ucas.ac.cn/sc/course/courseplan/315244,60,3.00,学科核心课,杨力祥,2026-09-02 09:19:27
180086083500P4001H,知识工程前沿,知识工程前沿,计算机科学与技术学院,雁栖湖,https://jwba.ucas.ac.cn/sc/course/courseplan/313944,20,1.00,研讨课,孙乐等,2026-09-02 09:19:27
180086085404M3003Y,数值分析及其应用,数值分析及其应用,计算机科学与技术学院,玉泉路,https://jwba.ucas.ac.cn/sc/course/courseplan/315367,40,2.00,专业课,张君玉,2026-09-02 09:19:27
180086085404M3005Y,分布式多媒体系统与技术,分布式多媒体系统与技术,计算机科学与技术学院,玉泉路,https://jwba.ucas.ac.cn/sc/course/courseplan/315362,40,2.00,专业课,纪雯,2026-09-02 09:19:27
180086085404P2003Y-1,模式识别与机器学习,模式识别与机器学习,计算机科学与技术学院,玉泉路,https://jwba.ucas.ac.cn/sc/course/courseplan/315417,60,3.00,专业核心课,卿来云等,2026-09-02 09:19:27
180086085404P2003Y-2,模式识别与机器学习,模式识别与机器学习,计算机科学与技术学院,玉泉路,https://jwba.ucas.ac.cn/sc/course/courseplan/315418,60,3.00,专业核心课,卿来云等,2026-09-02 09:19:27
180086085404P2004Y,算法设计与分析,算法设计与分析,计算机科学与技术学院,玉泉路,https://jwba.ucas.ac.cn/sc/course/courseplan/315225,60,3.00,专业核心课,马丙鹏,2026-09-02 09:19:27
180086085404P2005Y,计算机网络,计算机网络,计算机科学与技术学院,玉泉路,https://jwba.ucas.ac.cn/sc/course/courseplan/315359,60,3.00,专业核心课,孙毅等,2026-09-02 09:19:27
180086085404P2007Y,图像处理,图像处理,计算机科学与技术学院,玉泉路,https://jwba.ucas.ac.cn/sc/course/courseplan/315226,60,3.00,专业核心课,王伟强,2026-09-02 09:19:27
180086085404P2008Y,计算机体系结构,计算机体系结构,计算机科学与技术学院,玉泉路,https://jwba.ucas.ac.cn/sc/course/courseplan/315360,60,3.00,专业核心课,高婉铃等,2026-09-02 09:19:27
180086085404P3001Y,应用矩阵理论,应用矩阵理论,计算机科学与技术学院,玉泉路,https://jwba.ucas.ac.cn/sc/course/courseplan/315368,50,2.50,专业课,叶世伟,2026-09-02 09:19:27
180086085404P3002Y,算法中的最优化方法与实现,算法中的最优化方法与实现,计算机科学与技术学院,玉泉路,https://jwba.ucas.ac.cn/sc/course/courseplan/315227,40,2.00,专业课,林姝,2026-09-02 09:19:27
180086085404P3003H,GPU架构与编程,GPU架构与编程,计算机科学与技术学院,雁栖湖,https://jwba.ucas.ac.cn/sc/course/courseplan/313709,40,2.00,专业课,赵地,2026-09-02 09:19:27
180086085404P4002Y,集成电路设计与验证,集成电路设计与验证,计算机科学与技术学院,玉泉路,https://jwba.ucas.ac.cn/sc/course/courseplan/315231,20,1.00,研讨课,沈海华,2026-09-02 09:19:27
180086085405M3001Y,网络协议工程,网络协议工程,计算机科学与技术学院,玉泉路,https://jwba.ucas.ac.cn/sc/course/courseplan/315370,40,2.00,专业课,刘立祥,2026-09-02 09:19:27
180086085405M3003Y,软件测试技术与实践,软件测试技术与实践,计算机科学与技术学院,玉泉路,https://jwba.ucas.ac.cn/sc/course/courseplan/315228,40,2.00,专业课,芮建武等,2026-09-02 09:19:27
180086085405P2001Y,高级操作系统教程,高级操作系统教程,计算机科学与技术学院,玉泉路,https://jwba.ucas.ac.cn/sc/course/courseplan/315371,60,3.00,专业核心课,武延军等,2026-09-02 09:19:27
180086085405P2002Y,计算机算法设计与分析,计算机算法设计与分析,计算机科学与技术学院,玉泉路,https://jwba.ucas.ac.cn/sc/course/courseplan/315361,60,3.00,专业核心课,刘玉贵,2026-09-02 09:19:27
180087020200MX011Y,国际贸易与金融基础,国际贸易与金融基础,经济与管理学院,玉泉路,https://jwba.ucas.ac.cn/sc/course/courseplan/317884,30,1.00,公共选修课,杨海珍,2026-09-02 09:19:27
180087020200MX012H,国际商法,国际商法,经济与管理学院,雁栖湖,https://jwba.ucas.ac.cn/sc/course/courseplan/314850,30,1.00,公共选修课,杨如彦,2026-09-02 09:19:27
180087020200MX013H,行为金融学,行为金融学,经济与管理学院,雁栖湖,https://jwba.ucas.ac.cn/sc/course/courseplan/314048,30,1.00,公共选修课,李秀婷,2026-09-02 09:19:27
180087020200MX013Y,行为金融学,行为金融学,经济与管理学院,玉泉路,https://jwba.ucas.ac.cn/sc/course/courseplan/315145,30,1.00,公共选修课,李秀婷,2026-09-02 09:19:27
180087020200MX024H,气候经济学,气候经济学,经济与管理学院,雁栖湖,https://jwba.ucas.ac.cn/sc/course/courseplan/317890,30,1.00,公共选修课,李娜,2026-09-02 09:19:27
180087020200MX030H,微观经济学基础,微观经济学基础,经济与管理学院,雁栖湖,https://jwba.ucas.ac.cn/sc/course/courseplan/317885,30,1.00,公共选修课,彭赓,2026-09-02 09:19:27
180087020200P1001Z-1,宏观经济学II,宏观经济学II,经济与管理学院,中关村,https://jwba.ucas.ac.cn/sc/course/courseplan/315524,60,3.00,学科核心课,许健等,2026-09-02 09:19:27
180087020200P1002Z-1,微观经济学II,微观经济学II,经济与管理学院,中关村,https://jwba.ucas.ac.cn/sc/course/courseplan/315557,60,3.00,学科核心课,乔晗等,2026-09-02 09:19:27
180087020200P1004Z,数理经济学,数理经济学,经济与管理学院,中关村,https://jwba.ucas.ac.cn/sc/course/courseplan/314002,60,3.00,学科核心课,段宏波,2026-09-02 09:19:27
180087020200PX002H,能源经济与绿色发展,能源经济与绿色发展,经济与管理学院,雁栖湖,https://jwba.ucas.ac.cn/sc/course/courseplan/314051,30,1.00,公共选修课,李娜,2026-09-02 09:19:27
180087020204P2001Z,金融工程,金融工程,经济与管理学院,中关村,https://jwba.ucas.ac.cn/sc/course/courseplan/315038,40,2.00,专业核心课,吴德胜,2026-09-02 09:19:27
180087020204P3001Z,投资学,投资学,经济与管理学院,中关村,https://jwba.ucas.ac.cn/sc/course/courseplan/315029,40,2.00,专业课,杨海珍等,2026-09-02 09:19:27
180087020209P2002Z,复杂数据分析、建模及应用,复杂数据分析、建模及应用,经济与管理学院,中关村,https://jwba.ucas.ac.cn/sc/course/courseplan/314955,40,2.00,专业核心课,汪寿阳等,2026-09-02 09:19:27
180087027000P1001Z,统计与机器学习,统计与机器学习,经济与管理学院,中关村,https://jwba.ucas.ac.cn/sc/course/courseplan/313648,60,3.00,学科核心课,田英杰等,2026-09-02 09:19:27
180087120100MX030Z,金融欺诈分析,金融欺诈分析,经济与管理学院,中关村,https://jwba.ucas.ac.cn/sc/course/courseplan/317889,30,1.00,公共选修课,朱晓谦,2026-09-02 09:19:27
180087120100P1001Z,随机建模,随机建模,经济与管理学院,中关村,https://jwba.ucas.ac.cn/sc/course/courseplan/315036,60,3.00,学科核心课,李海东,2026-09-02 09:19:27
180087120100P1002Z,供应链管理,供应链管理,经济与管理学院,中关村,https://jwba.ucas.ac.cn/sc/course/courseplan/315021,60,3.00,学科核心课,龚其国,2026-09-02 09:19:27
180087120100P1003Z,预测理论与方法,预测理论与方法,经济与管理学院,中关村,https://jwba.ucas.ac.cn/sc/course/courseplan/314001,60,3.00,学科核心课,汤铃等,2026-09-02 09:19:27
1800871201Z1M4002Z,运营管理前沿专题,运营管理前沿专题,经济与管理学院,中关村,https://jwba.ucas.ac.cn/sc/course/courseplan/317883,20,1.00,研讨课,田歆,2026-09-02 09:19:27
180087120200MX007H,工作压力管理,工作压力管理,经济与管理学院,雁栖湖,https://jwba.ucas.ac.cn/sc/course/courseplan/314044,30,1.00,公共选修课,刘蓉晖,2026-09-02 09:19:27
180087120200MX008Z,管理、组织和人工智能,管理、组织和人工智能,经济与管理学院,中关村,https://jwba.ucas.ac.cn/sc/course/courseplan/315213,30,1.00,公共选修课,杨朦晰,2026-09-02 09:19:27
180087120200MX010Y,国际商务礼仪,国际商务礼仪,经济与管理学院,玉泉路,https://jwba.ucas.ac.cn/sc/course/courseplan/315140,30,1.00,公共选修课,张秋柳,2026-09-02 09:19:27
180087120200MX010Z,国际商务礼仪,国际商务礼仪,经济与管理学院,中关村,https://jwba.ucas.ac.cn/sc/course/courseplan/315142,30,1.00,公共选修课,张秋柳,2026-09-02 09:19:27
180087120200MX011Y,国内外市场营销经典案例分析,国内外市场营销经典案例分析,经济与管理学院,玉泉路,https://jwba.ucas.ac.cn/sc/course/courseplan/315141,30,1.00,公共选修课,张秋柳,2026-09-02 09:19:27
180087120200MX015Y,社会心理与自我发展,社会心理与自我发展,经济与管理学院,玉泉路,https://jwba.ucas.ac.cn/sc/course/courseplan/318005,30,1.00,公共选修课,刘蓉晖,2026-09-02 09:19:27
180087120200MX016H,诗词鉴赏与管理应用,诗词鉴赏与管理应用,经济与管理学院,雁栖湖,https://jwba.ucas.ac.cn/sc/course/courseplan/314913,30,1.00,公共选修课,王冬梅,2026-09-02 09:19:27
180087120200MX017H,市场营销基础,市场营销基础,经济与管理学院,雁栖湖,https://jwba.ucas.ac.cn/sc/course/courseplan/317886,30,1.00,公共选修课,彭赓,2026-09-02 09:19:27
180087120200MX025H,正念领导力,正念领导力,经济与管理学院,雁栖湖,https://jwba.ucas.ac.cn/sc/course/courseplan/318006,30,1.00,公共选修课,刘蓉晖,2026-09-02 09:19:27
180087120202M4004Z,营销管理前沿专题,营销管理前沿专题,经济与管理学院,中关村,https://jwba.ucas.ac.cn/sc/course/courseplan/318381,20,1.00,研讨课,张莎,2026-09-02 09:19:27
180087120500MX006H,实用数据统计分析,实用数据统计分析,经济与管理学院,雁栖湖,https://jwba.ucas.ac.cn/sc/course/courseplan/314040,30,1.00,公共选修课,王春,2026-09-02 09:19:27
180087120500P1002Z-1,数据科学导论,数据科学导论,经济与管理学院,中关村,https://jwba.ucas.ac.cn/sc/course/courseplan/315563,60,3.00,学科核心课,刘峥等,2026-09-02 09:19:27
180087120500PB001Z,学术道德与学术写作规范-分论,学术道德与学术写作规范-分论,经济与管理学院,中关村,https://jwba.ucas.ac.cn/sc/course/courseplan/315035,10,0.50,公共必修课,卢涛,2026-09-02 09:19:27
180087120500PB002H-1,学术道德与学术写作规范（仅面向高年级）,学术道德与学术写作规范（仅面向高年级）,经济与管理学院,雁栖湖,https://jwba.ucas.ac.cn/sc/course/courseplan/315477,20,1.00,公共必修课,李玲,2026-09-02 09:19:27
180087120500PB002Z-1,学术道德与学术写作规范(仅面向高年级),学术道德与学术写作规范,经济与管理学院,中关村,https://jwba.ucas.ac.cn/sc/course/courseplan/315575,20,1.00,公共必修课,张冬荣,2026-09-02 09:19:27
180087120500PB002Z-2,学术道德与学术写作规范(仅面向高年级),学术道德与学术写作规范,经济与管理学院,中关村,https://jwba.ucas.ac.cn/sc/course/courseplan/315576,20,1.00,公共必修课,张冬荣,2026-09-02 09:19:27
180087120500PB002Z-3,学术道德与学术写作规范(仅面向高年级),学术道德与学术写作规范,经济与管理学院,中关村,https://jwba.ucas.ac.cn/sc/course/courseplan/315577,20,1.00,公共必修课,李玲,2026-09-02 09:19:27
180087120500PB002Z-4,学术道德与学术写作规范(仅面向高年级),学术道德与学术写作规范,经济与管理学院,中关村,https://jwba.ucas.ac.cn/sc/course/courseplan/315578,20,1.00,公共必修课,李玲,2026-09-02 09:19:27
180087120500PX004H,科技信息检索与利用（地球资环领域）,科技信息检索与利用（地球资环领域）,经济与管理学院,雁栖湖,https://jwba.ucas.ac.cn/sc/course/courseplan/314054,30,1.00,公共选修课,李扬,2026-09-02 09:19:27
180087120500PX005Y,科技信息检索与利用（电子通讯领域）,科技信息检索与利用（电子通讯领域）,经济与管理学院,玉泉路,https://jwba.ucas.ac.cn/sc/course/courseplan/315139,30,1.00,公共选修课,于健,2026-09-02 09:19:27
180087120500PX006H,科技信息检索与利用（工程材料领域）,科技信息检索与利用（工程材料领域）,经济与管理学院,雁栖湖,https://jwba.ucas.ac.cn/sc/course/courseplan/314055,30,1.00,公共选修课,张超,2026-09-02 09:19:27
180087120500PX007H,科技信息检索与利用（化学化工领域）,科技信息检索与利用（化学化工领域）,经济与管理学院,雁栖湖,https://jwba.ucas.ac.cn/sc/course/courseplan/314042,30,1.00,公共选修课,吴鸣,2026-09-02 09:19:27
180087120500PX008H,科技信息检索与利用（计算机领域）,科技信息检索与利用（计算机领域）,经济与管理学院,雁栖湖,https://jwba.ucas.ac.cn/sc/course/courseplan/314041,30,1.00,公共选修课,李玲,2026-09-02 09:19:27
180087120500PX009H,科技信息检索与利用（空天与能源领域）,科技信息检索与利用（空天与能源领域）,经济与管理学院,雁栖湖,https://jwba.ucas.ac.cn/sc/course/courseplan/314056,30,1.00,公共选修课,王辉,2026-09-02 09:19:27
180087120500PX010H,科技信息检索与利用（生命科学领域）,科技信息检索与利用（生命科学领域）,经济与管理学院,雁栖湖,https://jwba.ucas.ac.cn/sc/course/courseplan/314053,30,1.00,公共选修课,郭文姣,2026-09-02 09:19:27
180087120500PX011H-1,科技信息检索与利用（综合）,科技信息检索与利用（综合）,经济与管理学院,雁栖湖,https://jwba.ucas.ac.cn/sc/course/courseplan/315592,30,1.00,公共选修课,宋秀芳,2026-09-02 09:19:27
180087120500PX011Y,科技信息检索与利用（综合）,科技信息检索与利用（综合）,经济与管理学院,玉泉路,https://jwba.ucas.ac.cn/sc/course/courseplan/315143,30,1.00,公共选修课,王保成,2026-09-02 09:19:27
180087120500PX011Z,科技信息检索与利用（综合）,科技信息检索与利用（综合）,经济与管理学院,中关村,https://jwba.ucas.ac.cn/sc/course/courseplan/315043,30,1.00,公共选修课,闫亚飞,2026-09-02 09:19:27
180087120500PX012H,科学数据管理与利用,科学数据管理与利用,经济与管理学院,雁栖湖,https://jwba.ucas.ac.cn/sc/course/courseplan/314057,30,1.00,公共选修课,青秀玲,2026-09-02 09:19:27
180087120500PX015Z,学科信息学基础与应用,学科信息学基础与应用,经济与管理学院,中关村,https://jwba.ucas.ac.cn/sc/course/courseplan/315044,30,1.00,公共选修课,许哲平,2026-09-02 09:19:27
180087120500PX017H,专利申请与专利信息利用,专利申请与专利信息利用,经济与管理学院,雁栖湖,https://jwba.ucas.ac.cn/sc/course/courseplan/314058,30,1.00,公共选修课,马亚鹏,2026-09-02 09:19:27
180087120502P2002Z,情报研究分析方法,情报研究分析方法,经济与管理学院,中关村,https://jwba.ucas.ac.cn/sc/course/courseplan/315037,40,2.00,专业核心课,李宏等,2026-09-02 09:19:27
180087120502P3001Z,专利分析方法与技术,专利分析方法与技术,经济与管理学院,中关村,https://jwba.ucas.ac.cn/sc/course/courseplan/315027,40,2.00,专业课,赵亚娟等,2026-09-02 09:19:27
180088010100M1001H,形而上学,形而上学,人文学院,雁栖湖,https://jwba.ucas.ac.cn/sc/course/courseplan/319017,50,2.50,学科核心课,郝刘祥等,2026-09-02 09:19:27
180088010100M3001H,西方哲学史,西方哲学史,人文学院,雁栖湖,https://jwba.ucas.ac.cn/sc/course/courseplan/315172,40,2.00,专业课,邱慧,2026-09-02 09:19:27
180088010104M2001H,数理逻辑,数理逻辑,人文学院,雁栖湖,https://jwba.ucas.ac.cn/sc/course/courseplan/315199,50,2.50,专业核心课,张立英,2026-09-02 09:19:27
180088010104M3001H,集合论,集合论,人文学院,雁栖湖,https://jwba.ucas.ac.cn/sc/course/courseplan/315173,40,2.00,专业课,范杰,2026-09-02 09:19:27
180088010104MX001Y,逻辑与批判性思维,逻辑与批判性思维,人文学院,玉泉路,https://jwba.ucas.ac.cn/sc/course/courseplan/315190,40,1.00,公共选修课,范杰,2026-09-02 09:19:27
180088010104P4001H,数理逻辑专题,数理逻辑专题,人文学院,雁栖湖,https://jwba.ucas.ac.cn/sc/course/courseplan/315170,20,1.00,研讨课,李大柱,2026-09-02 09:19:27
180088010105M2001H,伦理学,伦理学,人文学院,雁栖湖,https://jwba.ucas.ac.cn/sc/course/courseplan/315174,50,2.50,专业核心课,胡志强,2026-09-02 09:19:27
180088010106PX001H,艺术哲学,艺术哲学,人文学院,雁栖湖,https://jwba.ucas.ac.cn/sc/course/courseplan/318153,40,1.00,公共选修课,王颢霖,2026-09-02 09:19:27
180088010108D2004H,科技哲学前沿,科技哲学前沿,人文学院,雁栖湖,https://jwba.ucas.ac.cn/sc/course/courseplan/315186,40,2.00,专业核心课,郝刘祥等,2026-09-02 09:19:27
180088010108M2001H,科学的社会研究,科学的社会研究,人文学院,雁栖湖,https://jwba.ucas.ac.cn/sc/course/courseplan/315175,60,3.00,专业核心课,尚智丛,2026-09-02 09:19:27
180088010108M2002H,技术与工程哲学,技术与工程哲学,人文学院,雁栖湖,https://jwba.ucas.ac.cn/sc/course/courseplan/315176,60,3.00,专业核心课,王大洲等,2026-09-02 09:19:27
180088050302M2001H,传播理论研究,传播理论研究,人文学院,雁栖湖,https://jwba.ucas.ac.cn/sc/course/courseplan/315201,60,3.00,专业核心课,张增一等,2026-09-02 09:19:27
180088050302M2002H,传播研究方法,传播研究方法,人文学院,雁栖湖,https://jwba.ucas.ac.cn/sc/course/courseplan/315177,60,3.00,专业核心课,张增一,2026-09-02 09:19:27
180088050302M3001H,新闻采访与写作,新闻采访与写作,人文学院,雁栖湖,https://jwba.ucas.ac.cn/sc/course/courseplan/315178,40,2.00,专业课,莫扬,2026-09-02 09:19:27
180088050302M3003H,科学传播理论研究,科学传播理论研究,人文学院,雁栖湖,https://jwba.ucas.ac.cn/sc/course/courseplan/315179,40,2.00,专业课,詹琰,2026-09-02 09:19:27
180088050302M4001H,科学新闻专题研究,科学新闻专题研究,人文学院,雁栖湖,https://jwba.ucas.ac.cn/sc/course/courseplan/315181,20,1.00,研讨课,莫扬,2026-09-02 09:19:27
180088050302MX001H,科幻、科普创作理论与实践,科幻、科普创作理论与实践,人文学院,雁栖湖,https://jwba.ucas.ac.cn/sc/course/courseplan/314309,40,1.00,公共选修课,苏湛等,2026-09-02 09:19:27
1800880601X3P2001H,科技考古,科技考古,人文学院,雁栖湖,https://jwba.ucas.ac.cn/sc/course/courseplan/315200,60,3.00,专业核心课,杨益民等,2026-09-02 09:19:27
180088071200M1001H,科学技术通史,科学技术通史,人文学院,雁栖湖,https://jwba.ucas.ac.cn/sc/course/courseplan/315182,60,3.00,学科核心课,王扬宗等,2026-09-02 09:19:27
180088071200M1002H,科学编史学,科学编史学,人文学院,雁栖湖,https://jwba.ucas.ac.cn/sc/course/courseplan/318241,60,3.00,学科核心课,袁江洋等,2026-09-02 09:19:27
180088071200M1003H,中国科技史,中国科技史,人文学院,雁栖湖,https://jwba.ucas.ac.cn/sc/course/courseplan/315183,60,3.00,学科核心课,孙小淳,2026-09-02 09:19:27
180088071200MX002Y,密码学史,密码学史,人文学院,玉泉路,https://jwba.ucas.ac.cn/sc/course/courseplan/315304,40,1.00,公共选修课,赵振江,2026-09-02 09:19:27
180088071200MX004Y,西方数学史概论,西方数学史概论,人文学院,玉泉路,https://jwba.ucas.ac.cn/sc/course/courseplan/315305,40,1.00,公共选修课,赵振江,2026-09-02 09:19:27
180088071200MX012Y,传统写印材料,传统写印材料,人文学院,玉泉路,https://jwba.ucas.ac.cn/sc/course/courseplan/315188,40,1.00,公共选修课,韩宾,2026-09-02 09:19:27
180088071200MX013Y,美国科学技术史概论,美国科学技术史概论,人文学院,玉泉路,https://jwba.ucas.ac.cn/sc/course/courseplan/315192,40,1.00,公共选修课,王大明,2026-09-02 09:19:27
180088071200MX014Y,植物学史,植物学史,人文学院,玉泉路,https://jwba.ucas.ac.cn/sc/course/courseplan/315196,40,1.00,公共选修课,蒋洪恩,2026-09-02 09:19:27
180088071200MX016Y,人工智能发展历程及其伦理、风险议题,人工智能发展历程及其伦理、风险议题,人文学院,玉泉路,https://jwba.ucas.ac.cn/sc/course/courseplan/315194,40,1.00,公共选修课,王彦雨,2026-09-02 09:19:27
180088071200MX018Y,科学技术史,科学技术史,人文学院,玉泉路,https://jwba.ucas.ac.cn/sc/course/courseplan/315195,40,1.00,公共选修课,刘二中,2026-09-02 09:19:27
180088071200MX027Y,中国近现代史专题,中国近现代史专题,人文学院,玉泉路,https://jwba.ucas.ac.cn/sc/course/courseplan/315197,40,1.00,公共选修课,王丽娜,2026-09-02 09:19:27
180088071200MX034H,学术论文写作,学术论文写作,人文学院,雁栖湖,https://jwba.ucas.ac.cn/sc/course/courseplan/314441,40,1.00,公共选修课,王广超,2026-09-02 09:19:27
180088071200MX047H,科学通史：专题,科学通史：专题,人文学院,雁栖湖,https://jwba.ucas.ac.cn/sc/course/courseplan/318243,40,1.00,公共选修课,李润虎,2026-09-02 09:19:27
180088071200MX050H,古代中国技艺与发明,古代中国技艺与发明,人文学院,雁栖湖,https://jwba.ucas.ac.cn/sc/course/courseplan/318163,40,1.00,公共选修课,黄兴,2026-09-02 09:19:27
1800880712X1M2003H,科学思想史,科学思想史,人文学院,雁栖湖,https://jwba.ucas.ac.cn/sc/course/courseplan/315193,50,2.50,专业核心课,宁晓玉,2026-09-02 09:19:27
1800880712X1M3006H,中国现代科技史专题,中国现代科技史专题,人文学院,雁栖湖,https://jwba.ucas.ac.cn/sc/course/courseplan/315185,40,2.00,专业课,王丽娜,2026-09-02 09:19:27
1800880712X1M3023H,中国农学史,中国农学史,人文学院,雁栖湖,https://jwba.ucas.ac.cn/sc/course/courseplan/319177,40,2.00,专业课,杜新豪,2026-09-02 09:19:27
1800880712X1M4002H,“两弹一星”历史研讨,“两弹一星”历史研讨,人文学院,雁栖湖,https://jwba.ucas.ac.cn/sc/course/courseplan/318872,20,1.00,研讨课,刘晓,2026-09-02 09:19:27
1800880712X1M5002Y,科技考古实验,科技考古实验,人文学院,玉泉路,https://jwba.ucas.ac.cn/sc/course/courseplan/319244,30,1.00,实验课,韩宾,2026-09-02 09:19:27
180088130100MX001Y,西方美术史,西方美术史,人文学院,玉泉路,https://jwba.ucas.ac.cn/sc/course/courseplan/315189,40,1.00,公共选修课,詹琰,2026-09-02 09:19:27
180089050200MX008Y,德语（初级）,德语（初级）,外语系,玉泉路,https://jwba.ucas.ac.cn/sc/course/courseplan/315255,60,2.00,公共选修课,孙瑾琳,2026-09-02 09:19:27
180089050200MX016Y,日语（初级）,日语（初级）,外语系,玉泉路,https://jwba.ucas.ac.cn/sc/course/courseplan/315256,60,2.00,公共选修课,马潇漪,2026-09-02 09:19:27
180089050200MX023Y,学术全球胜任力提升课程,学术全球胜任力提升课程,外语系,玉泉路,https://jwba.ucas.ac.cn/sc/course/courseplan/318368,30,1.00,公共选修课,高原,2026-09-02 09:19:27
180089050200PX003H-01,国际学术交往礼仪,国际学术交往礼仪,外语系,雁栖湖,https://jwba.ucas.ac.cn/sc/course/courseplan/318460,8,0.50,公共选修课,赵竹轩,2026-09-02 09:19:27
180089050200PX003H-02,国际学术交往礼仪,国际学术交往礼仪,外语系,雁栖湖,https://jwba.ucas.ac.cn/sc/course/courseplan/318461,8,0.50,公共选修课,赵竹轩,2026-09-02 09:19:27
180089050200PX003H-03,国际学术交往礼仪,国际学术交往礼仪,外语系,雁栖湖,https://jwba.ucas.ac.cn/sc/course/courseplan/318462,8,0.50,公共选修课,赵竹轩,2026-09-02 09:19:27
180089050200PX003H-04,国际学术交往礼仪,国际学术交往礼仪,外语系,雁栖湖,https://jwba.ucas.ac.cn/sc/course/courseplan/318463,8,0.50,公共选修课,赵竹轩,2026-09-02 09:19:27
180089050200PX004H-01,星际探索中的科学沟通力,星际探索中的科学沟通力,外语系,雁栖湖,https://jwba.ucas.ac.cn/sc/course/courseplan/318464,8,0.50,公共选修课,崔雅琼,2026-09-02 09:19:27
180089050200PX004H-02,星际探索中的科学沟通力,星际探索中的科学沟通力,外语系,雁栖湖,https://jwba.ucas.ac.cn/sc/course/courseplan/318465,8,0.50,公共选修课,崔雅琼,2026-09-02 09:19:27
180089050200PX004H-03,星际探索中的科学沟通力,星际探索中的科学沟通力,外语系,雁栖湖,https://jwba.ucas.ac.cn/sc/course/courseplan/318466,8,0.50,公共选修课,崔雅琼,2026-09-02 09:19:27
180089050200PX004H-04,星际探索中的科学沟通力,星际探索中的科学沟通力,外语系,雁栖湖,https://jwba.ucas.ac.cn/sc/course/courseplan/318467,8,0.50,公共选修课,崔雅琼,2026-09-02 09:19:27
180089050200PX005H-01,学术沟通力成长：从实验室到世界学术中心,学术沟通力成长：从实验室到世界学术中心,外语系,雁栖湖,https://jwba.ucas.ac.cn/sc/course/courseplan/318468,8,0.50,公共选修课,刘云龙,2026-09-02 09:19:27
180089050200PX005H-02,学术沟通力成长：从实验室到世界学术中心,学术沟通力成长：从实验室到世界学术中心,外语系,雁栖湖,https://jwba.ucas.ac.cn/sc/course/courseplan/318469,8,0.50,公共选修课,刘云龙,2026-09-02 09:19:27
180089050200PX006H-01,幽默力实验室：英语脱口秀创作体验课,幽默力实验室：英语脱口秀创作体验课,外语系,雁栖湖,https://jwba.ucas.ac.cn/sc/course/courseplan/318470,8,0.50,公共选修课,杜朋,2026-09-02 09:19:27
180089050200PX006H-02,幽默力实验室：英语脱口秀创作体验课,幽默力实验室：英语脱口秀创作体验课,外语系,雁栖湖,https://jwba.ucas.ac.cn/sc/course/courseplan/318471,8,0.50,公共选修课,杜朋,2026-09-02 09:19:27
180089050200PX006H-03,幽默力实验室：英语脱口秀创作体验课,幽默力实验室：英语脱口秀创作体验课,外语系,雁栖湖,https://jwba.ucas.ac.cn/sc/course/courseplan/318472,8,0.50,公共选修课,杜朋,2026-09-02 09:19:27
180089050200PX006H-04,幽默力实验室：英语脱口秀创作体验课,幽默力实验室：英语脱口秀创作体验课,外语系,雁栖湖,https://jwba.ucas.ac.cn/sc/course/courseplan/318473,8,0.50,公共选修课,杜朋,2026-09-02 09:19:27
180089050201M2002Y,当代西方文艺批评理论,当代西方文艺批评理论,外语系,玉泉路,https://jwba.ucas.ac.cn/sc/course/courseplan/318356,36,2.00,专业核心课,陈必豪,2026-09-02 09:19:27
180089050211D2001Y,语言学与应用语言学研究方法,语言学与应用语言学研究方法,外语系,玉泉路,https://jwba.ucas.ac.cn/sc/course/courseplan/318357,36,2.00,专业核心课,孙海洋,2026-09-02 09:19:27
180089055102M2005H,高级汉英笔译,高级汉英笔译,外语系,雁栖湖,https://jwba.ucas.ac.cn/sc/course/courseplan/313965,36,2.00,专业核心课,孙丽冰,2026-09-02 09:19:27
180089055102M3001H,带稿同传-I,带稿同传-I,外语系,雁栖湖,https://jwba.ucas.ac.cn/sc/course/courseplan/313860,36,2.00,专业课,杨阳,2026-09-02 09:19:27
180089055102M3004H,数智化翻译技术与实践,数智化翻译技术与实践,外语系,雁栖湖,https://jwba.ucas.ac.cn/sc/course/courseplan/313911,36,2.00,专业课,范嘉舜,2026-09-02 09:19:27
180089055102M3005H,科技演讲,科技演讲,外语系,雁栖湖,https://jwba.ucas.ac.cn/sc/course/courseplan/315340,18,1.00,专业课,杜朋,2026-09-02 09:19:27
180090080103P4002H,高超声速气动布局理论和设计方法,高超声速气动布局理论和设计方法,工程科学学院,雁栖湖,https://jwba.ucas.ac.cn/sc/course/courseplan/314946,20,1.00,研讨课,崔凯等,2026-09-02 09:19:27
180090080103P4007H,高超飞行,高超飞行,工程科学学院,雁栖湖,https://jwba.ucas.ac.cn/sc/course/courseplan/315239,20,1.00,研讨课,李帅辉等,2026-09-02 09:19:27
180090080701P2003H,深空能源转换与热管理技术,深空能源转换与热管理技术,工程科学学院,雁栖湖,https://jwba.ucas.ac.cn/sc/course/courseplan/318573,40,2.00,专业核心课,陈林等,2026-09-02 09:19:27
180090125600M1001Y-01,工程伦理（专业选修课慕课））,工程伦理（专业选修课慕课））,工程科学学院,玉泉路,https://jwba.ucas.ac.cn/sc/course/courseplan/320241,40,2.00,学科核心课,姜卉,2026-09-02 09:19:27
180090125600M1001Y-02,工程伦理(非全日制),工程伦理,工程科学学院,玉泉路,https://jwba.ucas.ac.cn/sc/course/courseplan/320249,40,2.00,学科核心课,姜卉,2026-09-02 09:19:27
180090125600M1005Y-02,项目计划与控制-2班,项目计划与控制-2班,工程科学学院,玉泉路,https://jwba.ucas.ac.cn/sc/course/courseplan/318717,40,2.00,学科核心课,隋杰,2026-09-02 09:19:27
180090125601M3010H,应急信息管理与决策心理,应急信息管理与决策心理,工程科学学院,雁栖湖,https://jwba.ucas.ac.cn/sc/course/courseplan/315162,40,2.00,专业课,隋杰,2026-09-02 09:19:27
180090125601M3012Y,创新方法理论与应用,创新方法理论与应用,工程科学学院,玉泉路,https://jwba.ucas.ac.cn/sc/course/courseplan/318716,40,2.00,专业课,李华晶,2026-09-02 09:19:27
180090125601M3013H,大型复杂工程管理,大型复杂工程管理,工程科学学院,雁栖湖,https://jwba.ucas.ac.cn/sc/course/courseplan/318572,40,2.00,专业课,宋元涛,2026-09-02 09:19:27
180090125603M3001Y,云计算,云计算,工程科学学院,玉泉路,https://jwba.ucas.ac.cn/sc/course/courseplan/313671,40,2.00,专业课,薛健,2026-09-02 09:19:27
180092080400P1001H,新型传感技术及应用,新型传感技术及应用,材料科学与光电技术学院,雁栖湖,https://jwba.ucas.ac.cn/sc/course/courseplan/314536,50,2.50,学科核心课,谢亮,2026-09-02 09:19:27
180092080401P4002H,光束控制先进技术,光束控制先进技术,材料科学与光电技术学院,雁栖湖,https://jwba.ucas.ac.cn/sc/course/courseplan/314681,20,1.00,研讨课,马浩统等,2026-09-02 09:19:27
180092080402P2002H,精密时间的产生与测量,精密时间的产生与测量,材料科学与光电技术学院,雁栖湖,https://jwba.ucas.ac.cn/sc/course/courseplan/314559,60,3.00,专业核心课,李孝辉等,2026-09-02 09:19:27
180092080402P2002Y,精密时间的产生与测量,精密时间的产生与测量,材料科学与光电技术学院,玉泉路,https://jwba.ucas.ac.cn/sc/course/courseplan/315303,60,3.00,专业核心课,李孝辉等,2026-09-02 09:19:27
180092080402P2005H,现代光电检测技术,现代光电检测技术,材料科学与光电技术学院,雁栖湖,https://jwba.ucas.ac.cn/sc/course/courseplan/313989,50,2.50,专业核心课,谢芳,2026-09-02 09:19:27
180092080402P3001H,导波光学传感器原理与技术,导波光学传感器原理与技术,材料科学与光电技术学院,雁栖湖,https://jwba.ucas.ac.cn/sc/course/courseplan/314546,50,2.50,专业课,祁志美,2026-09-02 09:19:27
180092080402P3002H,光电传感器及其应用,光电传感器及其应用,材料科学与光电技术学院,雁栖湖,https://jwba.ucas.ac.cn/sc/course/courseplan/313954,40,2.00,专业课,张文涛等,2026-09-02 09:19:27
180092080500P1002H-1,固体物理-1班,固体物理-1班,材料科学与光电技术学院,雁栖湖,https://jwba.ucas.ac.cn/sc/course/courseplan/315749,50,2.50,学科核心课,王开友等,2026-09-02 09:19:27
180092080500P1002H-2,固体物理-2班,固体物理-2班,材料科学与光电技术学院,雁栖湖,https://jwba.ucas.ac.cn/sc/course/courseplan/315750,50,2.50,学科核心课,王开友等,2026-09-02 09:19:27
180092080500P1003H,固体材料化学,固体材料化学,材料科学与光电技术学院,雁栖湖,https://jwba.ucas.ac.cn/sc/course/courseplan/314067,50,2.50,学科核心课,向军辉等,2026-09-02 09:19:27
180092080500P1004H,材料热力学与动力学,材料热力学与动力学,材料科学与光电技术学院,雁栖湖,https://jwba.ucas.ac.cn/sc/course/courseplan/314059,60,3.00,学科核心课,李晓毅,2026-09-02 09:19:27
180092080500P1005H,功能材料,功能材料,材料科学与光电技术学院,雁栖湖,https://jwba.ucas.ac.cn/sc/course/courseplan/313847,40,2.00,学科核心课,牛智川等,2026-09-02 09:19:27
180092080500P1006H,材料科学与工程中的数学方法,材料科学与工程中的数学方法,材料科学与光电技术学院,雁栖湖,https://jwba.ucas.ac.cn/sc/course/courseplan/314000,50,2.50,学科核心课,苗兵,2026-09-02 09:19:27
180092080500P1007H,材料分析方法,材料分析方法,材料科学与光电技术学院,雁栖湖,https://jwba.ucas.ac.cn/sc/course/courseplan/314071,60,3.00,学科核心课,陈广超,2026-09-02 09:19:27
180092080501P3002H,显微拉曼光谱学,显微拉曼光谱学,材料科学与光电技术学院,雁栖湖,https://jwba.ucas.ac.cn/sc/course/courseplan/319775,50,2.50,专业课,谭平恒等,2026-09-02 09:19:27
180092080501P3004H,表面与界面的统计热力学,表面与界面的统计热力学,材料科学与光电技术学院,雁栖湖,https://jwba.ucas.ac.cn/sc/course/courseplan/313999,40,2.00,专业课,苗兵,2026-09-02 09:19:27
180092080501P3005H,可降解高分子材料,可降解高分子材料,材料科学与光电技术学院,雁栖湖,https://jwba.ucas.ac.cn/sc/course/courseplan/314068,40,2.00,专业课,刘仁材,2026-09-02 09:19:27
180092080501P4001H,新型光电材料与器件,新型光电材料与器件,材料科学与光电技术学院,雁栖湖,https://jwba.ucas.ac.cn/sc/course/courseplan/313991,20,1.00,研讨课,游经碧,2026-09-02 09:19:27
180092080501P4003H,聚合物基复合材料,聚合物基复合材料,材料科学与光电技术学院,雁栖湖,https://jwba.ucas.ac.cn/sc/course/courseplan/314070,20,1.00,研讨课,刘仁材,2026-09-02 09:19:27
180092080501P5001H,生物材料实验,生物材料实验,材料科学与光电技术学院,雁栖湖,https://jwba.ucas.ac.cn/sc/course/courseplan/314069,30,1.00,实验课,刘仁材,2026-09-02 09:19:27
180092080502P2001H,太阳能电池基础与应用,太阳能电池基础与应用,材料科学与光电技术学院,雁栖湖,https://jwba.ucas.ac.cn/sc/course/courseplan/313987,50,2.50,专业核心课,张兴旺等,2026-09-02 09:19:27
180092080502P2002H,新能源材料与技术,新能源材料与技术,材料科学与光电技术学院,雁栖湖,https://jwba.ucas.ac.cn/sc/course/courseplan/313990,50,2.50,专业核心课,肖小玲等,2026-09-02 09:19:27
180092080502P2004H,高分子材料结构与性能,高分子材料结构与性能,材料科学与光电技术学院,雁栖湖,https://jwba.ucas.ac.cn/sc/course/courseplan/313842,40,2.00,专业核心课,屈小中,2026-09-02 09:19:27
180092080502P3001H,发光材料学,发光材料学,材料科学与光电技术学院,雁栖湖,https://jwba.ucas.ac.cn/sc/course/courseplan/313837,50,2.50,专业课,曲胜春等,2026-09-02 09:19:27
180092080502P3002H,先进功能高分子材料,先进功能高分子材料,材料科学与光电技术学院,雁栖湖,https://jwba.ucas.ac.cn/sc/course/courseplan/314541,40,2.00,专业课,张昕,2026-09-02 09:19:27
180092080503P2001H,材料加工计算机模拟,材料加工计算机模拟,材料科学与光电技术学院,雁栖湖,https://jwba.ucas.ac.cn/sc/course/courseplan/314034,60,3.00,专业核心课,于强,2026-09-02 09:19:27
180092080503P3004H,等离子体工程,等离子体工程,材料科学与光电技术学院,雁栖湖,https://jwba.ucas.ac.cn/sc/course/courseplan/314897,40,2.00,专业课,封红青,2026-09-02 09:19:27
1800920805J1P3002H,纳米材料基础,纳米材料基础,材料科学与光电技术学院,雁栖湖,https://jwba.ucas.ac.cn/sc/course/courseplan/314039,40,2.00,专业课,彭爱东,2026-09-02 09:19:27
1800920805Z2P2002H,半导体器件物理,半导体器件物理,材料科学与光电技术学院,雁栖湖,https://jwba.ucas.ac.cn/sc/course/courseplan/314063,50,2.50,专业核心课,刘丰珍等,2026-09-02 09:19:27
1800920805Z2P2004H,高等半导体物理,高等半导体物理,材料科学与光电技术学院,雁栖湖,https://jwba.ucas.ac.cn/sc/course/courseplan/314065,50,2.50,专业核心课,周玉琴,2026-09-02 09:19:27
1800920805Z2P2006H,半导体材料测试与分析,半导体材料测试与分析,材料科学与光电技术学院,雁栖湖,https://jwba.ucas.ac.cn/sc/course/courseplan/313622,60,3.00,专业核心课,金鹏等,2026-09-02 09:19:27
1800920805Z2P3001H,有机半导体材料与器件,有机半导体材料与器件,材料科学与光电技术学院,雁栖湖,https://jwba.ucas.ac.cn/sc/course/courseplan/313998,50,2.50,专业课,王丽丽等,2026-09-02 09:19:27
1800920805Z2P3007H,硅基光电子材料与器件,硅基光电子材料与器件,材料科学与光电技术学院,雁栖湖,https://jwba.ucas.ac.cn/sc/course/courseplan/313858,60,3.00,专业课,成步文等,2026-09-02 09:19:27
1800920805Z2P4001H,石墨烯及类石墨烯光电子材料与器件,石墨烯及类石墨烯光电子材料与器件,材料科学与光电技术学院,雁栖湖,https://jwba.ucas.ac.cn/sc/course/courseplan/314031,20,1.00,研讨课,陈弘达等,2026-09-02 09:19:27
1800920805Z2P4002H,光电子与微电子集成,光电子与微电子集成,材料科学与光电技术学院,雁栖湖,https://jwba.ucas.ac.cn/sc/course/courseplan/313856,20,1.00,研讨课,黄北举等,2026-09-02 09:19:27
1800920805Z2P4004H,低维半导体及其器件,低维半导体及其器件,材料科学与光电技术学院,雁栖湖,https://jwba.ucas.ac.cn/sc/course/courseplan/313834,20,1.00,研讨课,李桂荣等,2026-09-02 09:19:27
1800920805Z2P4005H,半导体异质结物理,半导体异质结物理,材料科学与光电技术学院,雁栖湖,https://jwba.ucas.ac.cn/sc/course/courseplan/313817,20,1.00,研讨课,王晓亮等,2026-09-02 09:19:27
1800920805Z2P5004H,半导体器件的制备与表征,半导体器件的制备与表征,材料科学与光电技术学院,雁栖湖,https://jwba.ucas.ac.cn/sc/course/courseplan/318639,40,1.00,实验课,周玉荣,2026-09-02 09:19:27
180092085407P2001H,传感器与信息测试技术,传感器与信息测试技术,材料科学与光电技术学院,雁栖湖,https://jwba.ucas.ac.cn/sc/course/courseplan/314542,50,2.50,专业核心课,陈嘉民等,2026-09-02 09:19:27
180092085407P2001Y,传感器与信息测试技术,传感器与信息测试技术,材料科学与光电技术学院,玉泉路,https://jwba.ucas.ac.cn/sc/course/courseplan/315180,50,2.50,专业核心课,陈嘉民等,2026-09-02 09:19:27
180092085601P2001H,材料结构分析（材料与化工）,材料结构分析（材料与化工）,材料科学与光电技术学院,雁栖湖,https://jwba.ucas.ac.cn/sc/course/courseplan/313809,60,3.00,专业核心课,黄继军,2026-09-02 09:19:27
180092085601P2002H,固体材料化学（材料与化工）,固体材料化学（材料与化工）,材料科学与光电技术学院,雁栖湖,https://jwba.ucas.ac.cn/sc/course/courseplan/314066,50,2.50,专业核心课,向军辉等,2026-09-02 09:19:27
180092085601P2003H,固体物理（材料与化工）,固体物理（材料与化工）,材料科学与光电技术学院,雁栖湖,https://jwba.ucas.ac.cn/sc/course/courseplan/313947,40,2.00,专业核心课,闫清波等,2026-09-02 09:19:27
180092085601P3001H,宽禁带半导体材料与器件（材料与化工）,宽禁带半导体材料与器件（材料与化工）,材料科学与光电技术学院,雁栖湖,https://jwba.ucas.ac.cn/sc/course/courseplan/314544,50,2.50,专业课,袁国栋等,2026-09-02 09:19:27
180092085601P3002H,半导体光子学（材料与化工）,半导体光子学（材料与化工）,材料科学与光电技术学院,雁栖湖,https://jwba.ucas.ac.cn/sc/course/courseplan/313808,50,2.50,专业课,陈少武,2026-09-02 09:19:27
180092085601P5001H,有机半导体材料性能测试,有机半导体材料性能测试,材料科学与光电技术学院,雁栖湖,https://jwba.ucas.ac.cn/sc/course/courseplan/314545,30,1.00,实验课,张昕等,2026-09-02 09:19:27
180093080802P4001H,电力能源的变革和走向新型电力系统,电力能源的变革和走向新型电力系统,电子电气与通信工程学院,雁栖湖,https://jwba.ucas.ac.cn/sc/course/courseplan/313743,20,1.00,研讨课,肖浩,2026-09-02 09:19:27
180093080805P4002H,超导磁体科学,超导磁体科学,电子电气与通信工程学院,雁栖湖,https://jwba.ucas.ac.cn/sc/course/courseplan/313746,20,1.00,研讨课,王磊,2026-09-02 09:19:27
180093080901P3003H,太阳能光伏技术与应用,太阳能光伏技术与应用,电子电气与通信工程学院,雁栖湖,https://jwba.ucas.ac.cn/sc/course/courseplan/313749,40,2.00,专业课,韩培德,2026-09-02 09:19:27
180093080901P4001Y,飞秒激光技术应用,飞秒激光技术应用,电子电气与通信工程学院,玉泉路,https://jwba.ucas.ac.cn/sc/course/courseplan/318416,20,1.00,研讨课,孙辉,2026-09-02 09:19:27
180093080902P2001Y,超大规模集成电路与系统设计,超大规模集成电路与系统设计,电子电气与通信工程学院,玉泉路,https://jwba.ucas.ac.cn/sc/course/courseplan/315372,60,3.00,专业核心课,段成华,2026-09-02 09:19:27
180093080902P2002Y,高等模拟集成电路分析与设计,高等模拟集成电路分析与设计,电子电气与通信工程学院,玉泉路,https://jwba.ucas.ac.cn/sc/course/courseplan/315373,60,3.00,专业核心课,刘力源,2026-09-02 09:19:27
180093080903P2003Y,半导体器件物理学,半导体器件物理学,电子电气与通信工程学院,玉泉路,https://jwba.ucas.ac.cn/sc/course/courseplan/315374,60,3.00,专业核心课,许军,2026-09-02 09:19:27
180093080903P2004Y,半导体工艺与制造技术,半导体工艺与制造技术,电子电气与通信工程学院,玉泉路,https://jwba.ucas.ac.cn/sc/course/courseplan/315375,50,2.50,专业核心课,韩郑生,2026-09-02 09:19:27
180093080904P2001Y,天线理论与设计,天线理论与设计,电子电气与通信工程学院,玉泉路,https://jwba.ucas.ac.cn/sc/course/courseplan/318415,50,2.50,专业核心课,薛谦忠,2026-09-02 09:19:27
180093081000M1001Y,随机过程（电子与通信类）,随机过程（电子与通信类）,电子电气与通信工程学院,玉泉路,https://jwba.ucas.ac.cn/sc/course/courseplan/315235,60,3.00,学科核心课,孙应飞,2026-09-02 09:19:27
180093081000P1004Y,信息论,信息论,电子电气与通信工程学院,玉泉路,https://jwba.ucas.ac.cn/sc/course/courseplan/315236,60,3.00,学科核心课,陈德元,2026-09-02 09:19:27
180093081000PB001Y-1,学术道德与学术写作规范-分论一班,学术道德与学术写作规范-分论一班,电子电气与通信工程学院,玉泉路,https://jwba.ucas.ac.cn/sc/course/courseplan/315416,10,0.50,公共必修课,闫珺,2026-09-02 09:19:27
180093081000PB001Y-2,学术道德与学术写作规范-分论二班,学术道德与学术写作规范-分论二班,电子电气与通信工程学院,玉泉路,https://jwba.ucas.ac.cn/sc/course/courseplan/315415,10,0.50,公共必修课,闫珺,2026-09-02 09:19:27
180093081001P2001Y,高级通信原理I,高级通信原理I,电子电气与通信工程学院,玉泉路,https://jwba.ucas.ac.cn/sc/course/courseplan/315237,50,2.50,专业核心课,凃国防,2026-09-02 09:19:27
180093081001P3001Y,空间光通信技术,空间光通信技术,电子电气与通信工程学院,玉泉路,https://jwba.ucas.ac.cn/sc/course/courseplan/315307,40,2.00,专业课,陈雄斌,2026-09-02 09:19:27
180093081002P2001Y,遥感原理及图像处理,遥感原理及图像处理,电子电气与通信工程学院,玉泉路,https://jwba.ucas.ac.cn/sc/course/courseplan/315308,50,2.50,专业核心课,闫冬梅,2026-09-02 09:19:27
180093081002P3004H,声成像原理与技术,声成像原理与技术,电子电气与通信工程学院,雁栖湖,https://jwba.ucas.ac.cn/sc/course/courseplan/318475,40,2.00,专业课,吴永清,2026-09-02 09:19:27
180093081002P3004Y,声成像原理与技术,声成像原理与技术,电子电气与通信工程学院,玉泉路,https://jwba.ucas.ac.cn/sc/course/courseplan/318476,40,2.00,专业课,吴永清,2026-09-02 09:19:27
180093081002P3008Y,数字图像处理与分析,数字图像处理与分析,电子电气与通信工程学院,玉泉路,https://jwba.ucas.ac.cn/sc/course/courseplan/315376,50,2.50,专业课,韩振军,2026-09-02 09:19:27
180093081002P3011H,数字地球技术及应用,数字地球技术及应用,电子电气与通信工程学院,雁栖湖,https://jwba.ucas.ac.cn/sc/course/courseplan/313770,40,2.00,专业课,黄文江,2026-09-02 09:19:27
180093081002P4011H,合成孔径雷达海洋图像理解,合成孔径雷达海洋图像理解,电子电气与通信工程学院,雁栖湖,https://jwba.ucas.ac.cn/sc/course/courseplan/318474,20,1.00,研讨课,种劲松,2026-09-02 09:19:27
180093085401M4001Y,数据挖掘技术与应用,数据挖掘技术与应用,电子电气与通信工程学院,玉泉路,https://jwba.ucas.ac.cn/sc/course/courseplan/315377,20,1.00,研讨课,陈曙东,2026-09-02 09:19:27
180093085401P2004H,高等电磁理论及应用,高等电磁理论及应用,电子电气与通信工程学院,雁栖湖,https://jwba.ucas.ac.cn/sc/course/courseplan/315122,50,2.50,专业核心课,李超,2026-09-02 09:19:27
180093085401P2004Y,高等电磁理论及应用,高等电磁理论及应用,电子电气与通信工程学院,玉泉路,https://jwba.ucas.ac.cn/sc/course/courseplan/315378,50,2.50,专业核心课,李超,2026-09-02 09:19:27
180093085401P2005Y,微机电系统技术,微机电系统技术,电子电气与通信工程学院,玉泉路,https://jwba.ucas.ac.cn/sc/course/courseplan/315379,50,2.50,专业核心课,邹旭东,2026-09-02 09:19:27
180093085401P3005Y,现代开关电源技术,现代开关电源技术,电子电气与通信工程学院,玉泉路,https://jwba.ucas.ac.cn/sc/course/courseplan/315380,50,2.50,专业课,赵斌,2026-09-02 09:19:27
180093085402M2001Y,光纤通信技术,光纤通信技术,电子电气与通信工程学院,玉泉路,https://jwba.ucas.ac.cn/sc/course/courseplan/315311,50,2.50,专业核心课,曹玉莲,2026-09-02 09:19:27
180093085402M4001Y,电磁波数值模拟与应用,电磁波数值模拟与应用,电子电气与通信工程学院,玉泉路,https://jwba.ucas.ac.cn/sc/course/courseplan/315310,20,1.00,研讨课,李兆峰,2026-09-02 09:19:27
180093085402P2004Y-1,数字信号处理原理与应用一班,数字信号处理原理与应用一班,电子电气与通信工程学院,玉泉路,https://jwba.ucas.ac.cn/sc/course/courseplan/315409,40,2.00,专业核心课,迟骋,2026-09-02 09:19:27
180093085402P2004Y-2,数字信号处理原理与应用二班,数字信号处理原理与应用二班,电子电气与通信工程学院,玉泉路,https://jwba.ucas.ac.cn/sc/course/courseplan/315410,40,2.00,专业核心课,吴鸣,2026-09-02 09:19:27
180093085402P2005Y,GNSS信号处理与实现,GNSS信号处理与实现,电子电气与通信工程学院,玉泉路,https://jwba.ucas.ac.cn/sc/course/courseplan/315309,40,2.00,专业核心课,卢晓春等,2026-09-02 09:19:27
180093085402P3003H,声学MEMS器件原理与技术,声学MEMS器件原理与技术,电子电气与通信工程学院,雁栖湖,https://jwba.ucas.ac.cn/sc/course/courseplan/315123,40,2.00,专业课,李俊红,2026-09-02 09:19:27
180093085402P3003Y,声学MEMS器件原理与技术,声学MEMS器件原理与技术,电子电气与通信工程学院,玉泉路,https://jwba.ucas.ac.cn/sc/course/courseplan/315306,40,2.00,专业课,李俊红,2026-09-02 09:19:27
180093085402P3005H,航天器设计概论,航天器设计概论,电子电气与通信工程学院,雁栖湖,https://jwba.ucas.ac.cn/sc/course/courseplan/315124,40,2.00,专业课,张华春,2026-09-02 09:19:27
180093085402P3005Y,航天器设计概论,航天器设计概论,电子电气与通信工程学院,玉泉路,https://jwba.ucas.ac.cn/sc/course/courseplan/315233,40,2.00,专业课,张华春,2026-09-02 09:19:27
180093085402P3006H,多源遥感图像融合,多源遥感图像融合,电子电气与通信工程学院,雁栖湖,https://jwba.ucas.ac.cn/sc/course/courseplan/315125,40,2.00,专业课,郭擎,2026-09-02 09:19:27
180093085402P3006Y,多源遥感图像融合,多源遥感图像融合,电子电气与通信工程学院,玉泉路,https://jwba.ucas.ac.cn/sc/course/courseplan/315234,40,2.00,专业课,郭擎,2026-09-02 09:19:27
180096030100MX008Y,刑法实务,刑法实务,公共政策与管理学院,玉泉路,https://jwba.ucas.ac.cn/sc/course/courseplan/315161,30,1.00,公共选修课,尹锋林,2026-09-02 09:19:27
180096030100MX010Y,知识产权,知识产权,公共政策与管理学院,玉泉路,https://jwba.ucas.ac.cn/sc/course/courseplan/315187,30,1.00,公共选修课,阎文军,2026-09-02 09:19:27
180096030100MX012Z,劳动法,劳动法,公共政策与管理学院,中关村,https://jwba.ucas.ac.cn/sc/course/courseplan/315214,30,1.00,公共选修课,唐素琴,2026-09-02 09:19:27
180096030100MX016H,商业秘密立法与实践,商业秘密立法与实践,公共政策与管理学院,雁栖湖,https://jwba.ucas.ac.cn/sc/course/courseplan/319124,30,1.00,公共选修课,马一德,2026-09-02 09:19:27
180096030100MX019H,知识产权实务与案例,知识产权实务与案例,公共政策与管理学院,雁栖湖,https://jwba.ucas.ac.cn/sc/course/courseplan/319125,30,1.00,公共选修课,马一德,2026-09-02 09:19:27
180096120400MX002Z,创造性思维,创造性思维,公共政策与管理学院,中关村,https://jwba.ucas.ac.cn/sc/course/courseplan/318798,30,1.00,公共选修课,梁洪力,2026-09-02 09:19:27
180096120400MX004Y,高等教育管理,高等教育管理,公共政策与管理学院,玉泉路,https://jwba.ucas.ac.cn/sc/course/courseplan/315158,30,1.00,公共选修课,徐艳茹,2026-09-02 09:19:27
180096120400MX005Y,环境保护与公众行为,环境保护与公众行为,公共政策与管理学院,玉泉路,https://jwba.ucas.ac.cn/sc/course/courseplan/318527,30,1.00,公共选修课,袁永娜,2026-09-02 09:19:27
180096120400MX006Z,环境管理与政策,环境管理与政策,公共政策与管理学院,中关村,https://jwba.ucas.ac.cn/sc/course/courseplan/315157,30,1.00,公共选修课,周立华,2026-09-02 09:19:27
180096120400MX008H,科研项目质量管理,科研项目质量管理,公共政策与管理学院,雁栖湖,https://jwba.ucas.ac.cn/sc/course/courseplan/318820,30,1.00,公共选修课,王富良,2026-09-02 09:19:27
180096120400MX010H,绿色技术创新,绿色技术创新,公共政策与管理学院,雁栖湖,https://jwba.ucas.ac.cn/sc/course/courseplan/313996,30,1.00,公共选修课,李颖明,2026-09-02 09:19:27
180096120400MX011H,美国政府管理,美国政府管理,公共政策与管理学院,雁栖湖,https://jwba.ucas.ac.cn/sc/course/courseplan/318262,30,1.00,公共选修课,赛娜,2026-09-02 09:19:27
180096120400MX013H,社会政策理论与实践,社会政策理论与实践,公共政策与管理学院,雁栖湖,https://jwba.ucas.ac.cn/sc/course/courseplan/319103,30,1.00,公共选修课,胡乃军,2026-09-02 09:19:27
180096120400MX013Z,社会政策理论与实践,社会政策理论与实践,公共政策与管理学院,中关村,https://jwba.ucas.ac.cn/sc/course/courseplan/315224,30,1.00,公共选修课,胡乃军,2026-09-02 09:19:27
180096120400MX017Z,国家公园与自然保护地治理,国家公园与自然保护地治理,公共政策与管理学院,中关村,https://jwba.ucas.ac.cn/sc/course/courseplan/318273,30,1.00,公共选修课,黄宝荣,2026-09-02 09:19:27
180096120400MX020Y,科技创新政策分析,科技创新政策分析,公共政策与管理学院,玉泉路,https://jwba.ucas.ac.cn/sc/course/courseplan/318937,30,1.00,公共选修课,黄天航,2026-09-02 09:19:27
180096120400MX023H,全球化创新与治理,全球化创新与治理,公共政策与管理学院,雁栖湖,https://jwba.ucas.ac.cn/sc/course/courseplan/319107,30,1.00,公共选修课,刘云,2026-09-02 09:19:27
180096120400MX025H,人口统计学,人口统计学,公共政策与管理学院,雁栖湖,https://jwba.ucas.ac.cn/sc/course/courseplan/318486,30,1.00,公共选修课,张庆芝,2026-09-02 09:19:27
180096120400MX029Y,世界现代化进程,世界现代化进程,公共政策与管理学院,玉泉路,https://jwba.ucas.ac.cn/sc/course/courseplan/315163,30,1.00,公共选修课,刘雷,2026-09-02 09:19:27
180096120400MX030H,数字政府与治理概论,数字政府与治理概论,公共政策与管理学院,雁栖湖,https://jwba.ucas.ac.cn/sc/course/courseplan/318224,30,1.00,公共选修课,关欣,2026-09-02 09:19:27
180096120400MX033H,新兴产业创新发展导论,新兴产业创新发展导论,公共政策与管理学院,雁栖湖,https://jwba.ucas.ac.cn/sc/course/courseplan/318487,30,1.00,公共选修课,张庆芝,2026-09-02 09:19:27
180096120400PB001Y-01,学术道德与学术写作规范-通论,学术道德与学术写作规范-通论,公共政策与管理学院,玉泉路,https://jwba.ucas.ac.cn/sc/course/courseplan/315463,10,0.50,公共必修课,张古鹏,2026-09-02 09:19:27
180096120400PB001Y-02,学术道德与学术写作规范-通论,学术道德与学术写作规范-通论,公共政策与管理学院,玉泉路,https://jwba.ucas.ac.cn/sc/course/courseplan/315464,10,0.50,公共必修课,张古鹏,2026-09-02 09:19:27
180096120400PB001Y-03,学术道德与学术写作规范-通论,学术道德与学术写作规范-通论,公共政策与管理学院,玉泉路,https://jwba.ucas.ac.cn/sc/course/courseplan/315465,10,0.50,公共必修课,梁洪力,2026-09-02 09:19:27
180096120400PB001Y-04,学术道德与学术写作规范-通论,学术道德与学术写作规范-通论,公共政策与管理学院,玉泉路,https://jwba.ucas.ac.cn/sc/course/courseplan/315466,10,0.50,公共必修课,梁洪力,2026-09-02 09:19:27
180096120400PB001Y-05,学术道德与学术写作规范-通论,学术道德与学术写作规范-通论,公共政策与管理学院,玉泉路,https://jwba.ucas.ac.cn/sc/course/courseplan/315467,10,0.50,公共必修课,袁军鹏,2026-09-02 09:19:27
180096120400PB001Y-06,学术道德与学术写作规范-通论,学术道德与学术写作规范-通论,公共政策与管理学院,玉泉路,https://jwba.ucas.ac.cn/sc/course/courseplan/315468,10,0.50,公共必修课,袁军鹏,2026-09-02 09:19:27
1800961204X1M2001Z,创新经济学,创新经济学,公共政策与管理学院,中关村,https://jwba.ucas.ac.cn/sc/course/courseplan/319105,40,2.00,专业核心课,温珂等,2026-09-02 09:19:27
180101050101PX001Y,在戏剧中体味中国文化,在戏剧中体味中国文化,国际学院,玉泉路,https://jwba.ucas.ac.cn/sc/course/courseplan/314466,40,1.00,公共选修课,吴海燕,2026-09-02 09:19:27
180101070201P2005Y,数学物理方法,数学物理方法,国际学院,玉泉路,https://jwba.ucas.ac.cn/sc/course/courseplan/314944,50,2.50,专业核心课,周宇峰等,2026-09-02 09:19:27
1801010703I0P1003Y,纳米技术在太阳能的应用,纳米技术在太阳能的应用,国际学院,玉泉路,https://jwba.ucas.ac.cn/sc/course/courseplan/318439,50,2.50,学科核心课,贺涛,2026-09-02 09:19:27
1801010705I0P1003Y,"遥感在气候变化,土地科学和强天气的应用","遥感在气候变化,土地科学和强天气的应用",国际学院,玉泉路,https://jwba.ucas.ac.cn/sc/course/courseplan/318440,60,3.00,学科核心课,戚友存等,2026-09-02 09:19:27
1801010706I0P1001Y,气候变化科学概论,气候变化科学概论,国际学院,玉泉路,https://jwba.ucas.ac.cn/sc/course/courseplan/313470,60,3.00,学科核心课,康世昌等,2026-09-02 09:19:27
1801010710I0P1006Y,病原与媒介,病原与媒介,国际学院,玉泉路,https://jwba.ucas.ac.cn/sc/course/courseplan/318442,51,2.50,学科核心课,郑爱华等,2026-09-02 09:19:27
1801010817I0P1002Y,绿色化学工程,绿色化学工程,国际学院,玉泉路,https://jwba.ucas.ac.cn/sc/course/courseplan/318441,60,3.00,学科核心课,张光晋,2026-09-02 09:19:27
180101120100P1006Y,投入产出分析及其在环境管理中的应用,投入产出分析及其在环境管理中的应用,国际学院,玉泉路,https://jwba.ucas.ac.cn/sc/course/courseplan/314945,50,2.50,学科核心课,刘秀丽,2026-09-02 09:19:27
18017B040300PX003Y-01,网球,网球,体育部,玉泉路,https://jwba.ucas.ac.cn/sc/course/courseplan/315419,30,0.50,公共选修课,廖小龙,2026-09-02 09:19:27
18017B040300PX004Y-01,足球,足球,体育部,玉泉路,https://jwba.ucas.ac.cn/sc/course/courseplan/315408,30,0.50,公共选修课,陈琪,2026-09-02 09:19:27
18017B040300PX005H-01,乒乓球,乒乓球,体育部,雁栖湖,https://jwba.ucas.ac.cn/sc/course/courseplan/315652,30,0.50,公共选修课,张子枢,2026-09-02 09:19:27
18017B040300PX005H-02,乒乓球,乒乓球,体育部,雁栖湖,https://jwba.ucas.ac.cn/sc/course/courseplan/315653,30,0.50,公共选修课,张子枢,2026-09-02 09:19:27
18017B040300PX005H-03,乒乓球,乒乓球,体育部,雁栖湖,https://jwba.ucas.ac.cn/sc/course/courseplan/315654,30,0.50,公共选修课,张子枢,2026-09-02 09:19:27
18017B040300PX005H-04,乒乓球,乒乓球,体育部,雁栖湖,https://jwba.ucas.ac.cn/sc/course/courseplan/315655,30,0.50,公共选修课,张子枢,2026-09-02 09:19:27
18017B040300PX010Y-01,瑜伽,瑜伽,体育部,玉泉路,https://jwba.ucas.ac.cn/sc/course/courseplan/315406,30,0.50,公共选修课,陈静,2026-09-02 09:19:27
18017B040300PX010Y-02,瑜伽,瑜伽,体育部,玉泉路,https://jwba.ucas.ac.cn/sc/course/courseplan/315407,30,0.50,公共选修课,陈静,2026-09-02 09:19:27
18017B040300PX013Z-01,羽毛球,羽毛球,体育部,中关村,https://jwba.ucas.ac.cn/sc/course/courseplan/315425,30,0.50,公共选修课,黄淳甲,2026-09-02 09:19:27
18017B040300PX013Z-02,羽毛球,羽毛球,体育部,中关村,https://jwba.ucas.ac.cn/sc/course/courseplan/315426,30,0.50,公共选修课,黄淳甲,2026-09-02 09:19:27
18017B040300PX013Z-03,羽毛球,羽毛球,体育部,中关村,https://jwba.ucas.ac.cn/sc/course/courseplan/315427,30,0.50,公共选修课,黄淳甲,2026-09-02 09:19:27
18017B040300PX013Z-04,羽毛球,羽毛球,体育部,中关村,https://jwba.ucas.ac.cn/sc/course/courseplan/315428,30,0.50,公共选修课,黄淳甲,2026-09-02 09:19:27
18017B040300PX013Z-05,羽毛球,羽毛球,体育部,中关村,https://jwba.ucas.ac.cn/sc/course/courseplan/315429,30,0.50,公共选修课,黄淳甲,2026-09-02 09:19:27
18017B040300PX013Z-06,羽毛球,羽毛球,体育部,中关村,https://jwba.ucas.ac.cn/sc/course/courseplan/315430,30,0.50,公共选修课,黄淳甲,2026-09-02 09:19:27
18017B040300PX013Z-07,羽毛球,羽毛球,体育部,中关村,https://jwba.ucas.ac.cn/sc/course/courseplan/315431,30,0.50,公共选修课,戚双双,2026-09-02 09:19:27
18017B040300PX013Z-08,羽毛球,羽毛球,体育部,中关村,https://jwba.ucas.ac.cn/sc/course/courseplan/315432,30,0.50,公共选修课,戚双双,2026-09-02 09:19:27
18017B040300PX022H-01,有氧健身操,有氧健身操,体育部,雁栖湖,https://jwba.ucas.ac.cn/sc/course/courseplan/315457,30,0.50,公共选修课,苏奇宏,2026-09-02 09:19:27
18017B040300PX022H-02,有氧健身操,有氧健身操,体育部,雁栖湖,https://jwba.ucas.ac.cn/sc/course/courseplan/315458,30,0.50,公共选修课,苏奇宏,2026-09-02 09:19:27
18017B040300PX022H-03,有氧健身操,有氧健身操,体育部,雁栖湖,https://jwba.ucas.ac.cn/sc/course/courseplan/315459,30,0.50,公共选修课,苏奇宏,2026-09-02 09:19:27
18017B040300PX023H-01,单板基础入门,单板基础入门,体育部,雁栖湖,https://jwba.ucas.ac.cn/sc/course/courseplan/315422,8,0.50,公共选修课,李占胜,2026-09-02 09:19:27
18017B040300PX023H-02,单板基础入门,单板基础入门,体育部,雁栖湖,https://jwba.ucas.ac.cn/sc/course/courseplan/315423,8,0.50,公共选修课,李占胜,2026-09-02 09:19:27
18017B040300PX023H-03,单板基础入门,单板基础入门,体育部,雁栖湖,https://jwba.ucas.ac.cn/sc/course/courseplan/315424,8,0.50,公共选修课,李占胜,2026-09-02 09:19:27
18017B040300PX024H-01,双板基础入门,双板基础入门,体育部,雁栖湖,https://jwba.ucas.ac.cn/sc/course/courseplan/315439,8,0.50,公共选修课,赵国庆,2026-09-02 09:19:27
18017B040300PX024H-02,双板基础入门,双板基础入门,体育部,雁栖湖,https://jwba.ucas.ac.cn/sc/course/courseplan/315440,8,0.50,公共选修课,赵国庆,2026-09-02 09:19:27
18017B040300PX024H-03,双板基础入门,双板基础入门,体育部,雁栖湖,https://jwba.ucas.ac.cn/sc/course/courseplan/315441,8,0.50,公共选修课,赵国庆,2026-09-02 09:19:27
18017B040300PX025Z-01,冰壶,冰壶,体育部,中关村,https://jwba.ucas.ac.cn/sc/course/courseplan/315404,30,0.50,公共选修课,赵月,2026-09-02 09:19:27
18017B040300PX025Z-02,冰壶,冰壶,体育部,中关村,https://jwba.ucas.ac.cn/sc/course/courseplan/315405,30,0.50,公共选修课,赵月,2026-09-02 09:19:27
18017B040300PX026H-01,轮滑,轮滑,体育部,雁栖湖,https://jwba.ucas.ac.cn/sc/course/courseplan/315398,30,0.50,公共选修课,魏强,2026-09-02 09:19:27
18017B040300PX026H-02,轮滑,轮滑,体育部,雁栖湖,https://jwba.ucas.ac.cn/sc/course/courseplan/315399,30,0.50,公共选修课,魏强,2026-09-02 09:19:27
18017B040300PX027H-01,跆拳道,跆拳道,体育部,雁栖湖,https://jwba.ucas.ac.cn/sc/course/courseplan/315400,30,0.50,公共选修课,刘桂海,2026-09-02 09:19:27
18017B040300PX027H-02,跆拳道,跆拳道,体育部,雁栖湖,https://jwba.ucas.ac.cn/sc/course/courseplan/315401,30,0.50,公共选修课,刘桂海,2026-09-02 09:19:27
18017B040300PX028H-01,咏春拳,咏春拳,体育部,雁栖湖,https://jwba.ucas.ac.cn/sc/course/courseplan/315392,30,0.50,公共选修课,马国威,2026-09-02 09:19:27
18017B040300PX028H-02,咏春拳,咏春拳,体育部,雁栖湖,https://jwba.ucas.ac.cn/sc/course/courseplan/315393,30,0.50,公共选修课,马国威,2026-09-02 09:19:27
18017B040300PX028H-03,咏春拳,咏春拳,体育部,雁栖湖,https://jwba.ucas.ac.cn/sc/course/courseplan/315394,30,0.50,公共选修课,马国威,2026-09-02 09:19:27
18017B040300PX029H-01,攀岩,攀岩,体育部,雁栖湖,https://jwba.ucas.ac.cn/sc/course/courseplan/315402,30,0.50,公共选修课,张鹏,2026-09-02 09:19:27
18017B040300PX029H-02,攀岩,攀岩,体育部,雁栖湖,https://jwba.ucas.ac.cn/sc/course/courseplan/315403,30,0.50,公共选修课,张鹏,2026-09-02 09:19:27
18017B040300PX029H-03,攀岩,攀岩,体育部,雁栖湖,https://jwba.ucas.ac.cn/sc/course/courseplan/318537,30,0.50,公共选修课,张鹏,2026-09-02 09:19:27
18017B040300PX029H-04,攀岩,攀岩,体育部,雁栖湖,https://jwba.ucas.ac.cn/sc/course/courseplan/318539,30,0.50,公共选修课,张鹏,2026-09-02 09:19:27
18017B040300PX029H-05,攀岩,攀岩,体育部,雁栖湖,https://jwba.ucas.ac.cn/sc/course/courseplan/318540,30,0.50,公共选修课,张鹏,2026-09-02 09:19:27
18017B040300PX029H-06,攀岩,攀岩,体育部,雁栖湖,https://jwba.ucas.ac.cn/sc/course/courseplan/318541,30,0.50,公共选修课,张鹏,2026-09-02 09:19:27
18017B040300PX029H-07,攀岩,攀岩,体育部,雁栖湖,https://jwba.ucas.ac.cn/sc/course/courseplan/318542,30,0.50,公共选修课,张鹏,2026-09-02 09:19:27
18017B040300PX031H-01,匹克球,匹克球,体育部,雁栖湖,https://jwba.ucas.ac.cn/sc/course/courseplan/318565,30,0.50,公共选修课,白洋,2026-09-02 09:19:27
18017B040300PX031H-02,匹克球,匹克球,体育部,雁栖湖,https://jwba.ucas.ac.cn/sc/course/courseplan/318566,30,0.50,公共选修课,白洋,2026-09-02 09:19:27
18017B040300PX031H-03,匹克球,匹克球,体育部,雁栖湖,https://jwba.ucas.ac.cn/sc/course/courseplan/318567,30,0.50,公共选修课,白洋,2026-09-02 09:19:27
18017B040300PX031H-04,匹克球,匹克球,体育部,雁栖湖,https://jwba.ucas.ac.cn/sc/course/courseplan/318568,30,0.50,公共选修课,白洋,2026-09-02 09:19:27
18017B040300PX031H-05,匹克球,匹克球,体育部,雁栖湖,https://jwba.ucas.ac.cn/sc/course/courseplan/318569,30,0.50,公共选修课,白洋,2026-09-02 09:19:27
1802000831X3P3007H,水凝胶概论,水凝胶概论,医学院,雁栖湖,https://jwba.ucas.ac.cn/sc/course/courseplan/315014,40,2.00,专业课,顾奇等,2026-09-02 09:19:27
180200100100P1002H,医学实验动物学与疾病模型,医学实验动物学与疾病模型,医学院,雁栖湖,https://jwba.ucas.ac.cn/sc/course/courseplan/314167,60,3.00,学科核心课,田勇等,2026-09-02 09:19:27
180200100100P1003H,医学科研中的统计学方法,医学科研中的统计学方法,医学院,雁栖湖,https://jwba.ucas.ac.cn/sc/course/courseplan/314168,50,2.50,学科核心课,郭秀花等,2026-09-02 09:19:27
180200100100P1005H,实用生物信息学（1）：高通量测序数据分析技术,实用生物信息学（1）：高通量测序数据分析技术,医学院,雁栖湖,https://jwba.ucas.ac.cn/sc/course/courseplan/314169,40,2.00,学科核心课,赵方庆等,2026-09-02 09:19:27
180200100100P1007H,医学细胞生物学,医学细胞生物学,医学院,雁栖湖,https://jwba.ucas.ac.cn/sc/course/courseplan/314194,50,2.50,学科核心课,杨建虹,2026-09-02 09:19:27
180200100100P1008H,蛋白质组学,蛋白质组学,医学院,雁栖湖,https://jwba.ucas.ac.cn/sc/course/courseplan/314202,50,2.50,学科核心课,汪迎春等,2026-09-02 09:19:27
180200100100P1012H,高级生物化学,高级生物化学,医学院,雁栖湖,https://jwba.ucas.ac.cn/sc/course/courseplan/314193,50,2.50,学科核心课,钟良玮,2026-09-02 09:19:27
180200100100PB001H-1,学术道德与学术写作规范-分论-1,学术道德与学术写作规范-分论-1,医学院,雁栖湖,https://jwba.ucas.ac.cn/sc/course/courseplan/315586,10,0.50,公共必修课,曾长青,2026-09-02 09:19:27
180200100100PB001H-2,学术道德与学术写作规范-分论-2,学术道德与学术写作规范-分论-2,医学院,雁栖湖,https://jwba.ucas.ac.cn/sc/course/courseplan/315587,10,0.50,公共必修课,曾长青,2026-09-02 09:19:27
180200100101P2001H,现代组织胚胎学及其技术应用,现代组织胚胎学及其技术应用,医学院,雁栖湖,https://jwba.ucas.ac.cn/sc/course/courseplan/314170,50,2.50,专业核心课,李磊等,2026-09-02 09:19:27
180200100102P2004H,感染免疫学,感染免疫学,医学院,雁栖湖,https://jwba.ucas.ac.cn/sc/course/courseplan/314203,60,3.00,专业核心课,周旭宇等,2026-09-02 09:19:27
180200100103P2002H,医学微生物学及进展,医学微生物学及进展,医学院,雁栖湖,https://jwba.ucas.ac.cn/sc/course/courseplan/314204,50,2.50,专业核心课,刘翠华等,2026-09-02 09:19:27
180200100103P3004H,微生物组与微生物基因组学,微生物组与微生物基因组学,医学院,雁栖湖,https://jwba.ucas.ac.cn/sc/course/courseplan/314195,50,2.50,专业课,朱宝利等,2026-09-02 09:19:27
180200100103P3005H,病毒病与监控,病毒病与监控,医学院,雁栖湖,https://jwba.ucas.ac.cn/sc/course/courseplan/314205,40,2.00,专业课,罗敏华等,2026-09-02 09:19:27
180200100104P2004H,现代生殖医学之生理基础,现代生殖医学之生理基础,医学院,雁栖湖,https://jwba.ucas.ac.cn/sc/course/courseplan/314196,50,2.50,专业核心课,于乐谦等,2026-09-02 09:19:27
180200100104P2005H,现代生殖医学之病理概论,现代生殖医学之病理概论,医学院,雁栖湖,https://jwba.ucas.ac.cn/sc/course/courseplan/314197,50,2.50,专业核心课,王雁玲等,2026-09-02 09:19:27
1802001001J6P2003H,干细胞生物学,干细胞生物学,医学院,雁栖湖,https://jwba.ucas.ac.cn/sc/course/courseplan/314206,60,3.00,专业核心课,李伟等,2026-09-02 09:19:27
1802001001J6P2004H,再生医学导论,再生医学导论,医学院,雁栖湖,https://jwba.ucas.ac.cn/sc/course/courseplan/314199,50,2.50,专业核心课,胡宝洋等,2026-09-02 09:19:27
1802001001J6P3001H,医学发育与衰老,医学发育与衰老,医学院,雁栖湖,https://jwba.ucas.ac.cn/sc/course/courseplan/314198,40,2.00,专业课,姚睿等,2026-09-02 09:19:27
1802001001J6P3002H,医学材料学,医学材料学,医学院,雁栖湖,https://jwba.ucas.ac.cn/sc/course/courseplan/314200,50,2.50,专业课,邱东等,2026-09-02 09:19:27
1802001001J6P3003H,生物医学法律与伦理,生物医学法律与伦理,医学院,雁栖湖,https://jwba.ucas.ac.cn/sc/course/courseplan/314540,50,2.50,专业课,王皓毅等,2026-09-02 09:19:27
1802001001Z1P2001H,生物医学大数据,生物医学大数据,医学院,雁栖湖,https://jwba.ucas.ac.cn/sc/course/courseplan/314208,60,3.00,专业核心课,雷红星等,2026-09-02 09:19:27
1802001001Z1P2002H,人类遗传疾病,人类遗传疾病,医学院,雁栖湖,https://jwba.ucas.ac.cn/sc/course/courseplan/314207,50,2.50,专业核心课,贾顺姬等,2026-09-02 09:19:27
1802001001Z1P2003H,精准医学概论,精准医学概论,医学院,雁栖湖,https://jwba.ucas.ac.cn/sc/course/courseplan/314209,50,2.50,专业核心课,曾长青等,2026-09-02 09:19:27
1802001001Z1P3001H,遗传咨询与未来医疗,遗传咨询与未来医疗,医学院,雁栖湖,https://jwba.ucas.ac.cn/sc/course/courseplan/314210,40,2.00,专业课,米双利等,2026-09-02 09:19:27
1802001001Z1P3002H,人群队列大数据研究基础与R实战,人群队列大数据研究基础与R实战,医学院,雁栖湖,https://jwba.ucas.ac.cn/sc/course/courseplan/314201,40,2.00,专业课,贾佩林等,2026-09-02 09:19:27
1802001007Z1P2002H,药物设计方法学,药物设计方法学,医学院,雁栖湖,https://jwba.ucas.ac.cn/sc/course/courseplan/314211,50,2.50,专业核心课,李学兵等,2026-09-02 09:19:27
180200105500M1002H,波谱分析,波谱分析,医学院,雁栖湖,https://jwba.ucas.ac.cn/sc/course/courseplan/319211,60,3.00,学科核心课,谭俊杰,2026-09-02 09:19:27
180200105500M1013H,药物研发新兴技术与方法,药物研发新兴技术与方法,医学院,雁栖湖,https://jwba.ucas.ac.cn/sc/course/courseplan/319245,40,2.00,学科核心课,王亮亮等,2026-09-02 09:19:27
180200105500M3002H,药业知识产权和药品评审注册(选课学生教室集中上课),药业知识产权和药品评审注册,医学院,雁栖湖,https://jwba.ucas.ac.cn/sc/course/courseplan/319255,40,2.00,专业课,黄超峰等,2026-09-02 09:19:27
180201070400P1002H,天体物理中的辐射过程,天体物理中的辐射过程,天文与空间科学学院,雁栖湖,https://jwba.ucas.ac.cn/sc/course/courseplan/313963,60,3.00,学科核心课,刘碧芳,2026-09-02 09:19:27
180201070400P1003H,广义相对论（天文方向）,广义相对论（天文方向）,天文与空间科学学院,雁栖湖,https://jwba.ucas.ac.cn/sc/course/courseplan/313962,60,3.00,学科核心课,高长军等,2026-09-02 09:19:27
180201070400P1005H,天体测量学及其应用,天体测量学及其应用,天文与空间科学学院,雁栖湖,https://jwba.ucas.ac.cn/sc/course/courseplan/314349,60,3.00,学科核心课,齐朝祥等,2026-09-02 09:19:27
180201070400P1006H,空间环境预报,空间环境预报,天文与空间科学学院,雁栖湖,https://jwba.ucas.ac.cn/sc/course/courseplan/314351,60,3.00,学科核心课,师立勤等,2026-09-02 09:19:27
180201070400PB001H,学术道德与学术写作规范-分论,学术道德与学术写作规范-分论,天文与空间科学学院,雁栖湖,https://jwba.ucas.ac.cn/sc/course/courseplan/314311,10,0.50,公共必修课,汤勇,2026-09-02 09:19:27
180201070401P2001H,恒星内部结构和演化,恒星内部结构和演化,天文与空间科学学院,雁栖湖,https://jwba.ucas.ac.cn/sc/course/courseplan/314352,50,2.50,专业核心课,杜翠花,2026-09-02 09:19:27
180201070401P2002H,现代太阳物理导论,现代太阳物理导论,天文与空间科学学院,雁栖湖,https://jwba.ucas.ac.cn/sc/course/courseplan/314359,60,3.00,专业核心课,杨尚斌等,2026-09-02 09:19:27
180201070401P2003H,宇宙磁流体力学,宇宙磁流体力学,天文与空间科学学院,雁栖湖,https://jwba.ucas.ac.cn/sc/course/courseplan/314252,60,3.00,专业核心课,苏江涛等,2026-09-02 09:19:27
180201070401P2004H,星系天文学,星系天文学,天文与空间科学学院,雁栖湖,https://jwba.ucas.ac.cn/sc/course/courseplan/314334,60,3.00,专业核心课,马骏,2026-09-02 09:19:27
180201070401P2005H,行星科学导论,行星科学导论,天文与空间科学学院,雁栖湖,https://jwba.ucas.ac.cn/sc/course/courseplan/314306,60,3.00,专业核心课,郭建恒等,2026-09-02 09:19:27
180201070401P2006H,恒星大气与谱线分析,恒星大气与谱线分析,天文与空间科学学院,雁栖湖,https://jwba.ucas.ac.cn/sc/course/courseplan/315087,60,3.00,专业核心课,王菲鹿等,2026-09-02 09:19:27
180201070401P3001H,行星遥感与应用,行星遥感与应用,天文与空间科学学院,雁栖湖,https://jwba.ucas.ac.cn/sc/course/courseplan/314253,40,2.00,专业课,刘建军等,2026-09-02 09:19:27
180201070401P3002H,空间天文概论,空间天文概论,天文与空间科学学院,雁栖湖,https://jwba.ucas.ac.cn/sc/course/courseplan/314353,60,3.00,专业课,邓劲松等,2026-09-02 09:19:27
180201070402P2001H,天文地球动力学基础理论,天文地球动力学基础理论,天文与空间科学学院,雁栖湖,https://jwba.ucas.ac.cn/sc/course/courseplan/314335,40,2.00,专业核心课,黄乘利等,2026-09-02 09:19:27
180201070402P2002H,天文地球动力学观测技术,天文地球动力学观测技术,天文与空间科学学院,雁栖湖,https://jwba.ucas.ac.cn/sc/course/courseplan/314337,50,2.50,专业核心课,王广利等,2026-09-02 09:19:27
180201070402P2003H,时间频率理论与方法,时间频率理论与方法,天文与空间科学学院,雁栖湖,https://jwba.ucas.ac.cn/sc/course/courseplan/314354,60,3.00,专业核心课,张首刚等,2026-09-02 09:19:27
180201070402P3003H,量子频标,量子频标,天文与空间科学学院,雁栖湖,https://jwba.ucas.ac.cn/sc/course/courseplan/318401,40,2.00,专业课,常宏等,2026-09-02 09:19:27
180201070402P5001H,用于同步卫星定位的微型VLBI系统设计与实现,用于同步卫星定位的微型VLBI系统设计与实现,天文与空间科学学院,雁栖湖,https://jwba.ucas.ac.cn/sc/course/courseplan/314320,30,1.00,实验课,张志斌,2026-09-02 09:19:27
1802010704Z1P2001H,天文光学系统,天文光学系统,天文与空间科学学院,雁栖湖,https://jwba.ucas.ac.cn/sc/course/courseplan/314312,60,3.00,专业核心课,李常伟,2026-09-02 09:19:27
1802010704Z1P2002H,天基空间环境探测原理,天基空间环境探测原理,天文与空间科学学院,雁栖湖,https://jwba.ucas.ac.cn/sc/course/courseplan/314314,60,3.00,专业核心课,白伟华等,2026-09-02 09:19:27
1802010704Z1P2005H,天文信息学,天文信息学,天文与空间科学学院,雁栖湖,https://jwba.ucas.ac.cn/sc/course/courseplan/315073,50,2.50,专业核心课,崔辰州等,2026-09-02 09:19:27
1802010704Z1P3001H,望远镜集成与测试,望远镜集成与测试,天文与空间科学学院,雁栖湖,https://jwba.ucas.ac.cn/sc/course/courseplan/314355,40,2.00,专业课,姜晓军等,2026-09-02 09:19:27
1802010704Z1P4001H,天文光学与红外探测器,天文光学与红外探测器,天文与空间科学学院,雁栖湖,https://jwba.ucas.ac.cn/sc/course/courseplan/314961,20,1.00,研讨课,凌志兴,2026-09-02 09:19:27
180202085403P2001Y,模拟集成电路分析与设计,模拟集成电路分析与设计,集成电路学院,玉泉路,https://jwba.ucas.ac.cn/sc/course/courseplan/315384,60,3.00,专业核心课,刘鸣等,2026-09-02 09:19:27
180202085403P2002Y,微电子系统封装,微电子系统封装,集成电路学院,玉泉路,https://jwba.ucas.ac.cn/sc/course/courseplan/315259,50,2.50,专业核心课,曹立强等,2026-09-02 09:19:27
180202085403P2003Y,高等数字集成电路分析与设计,高等数字集成电路分析与设计,集成电路学院,玉泉路,https://jwba.ucas.ac.cn/sc/course/courseplan/315261,60,3.00,专业核心课,张锋等,2026-09-02 09:19:27
180202085403P2004Y,集成电路制造技术,集成电路制造技术,集成电路学院,玉泉路,https://jwba.ucas.ac.cn/sc/course/courseplan/315262,60,3.00,专业核心课,罗军,2026-09-02 09:19:27
180202085403P2005Y,现代半导体器件物理,现代半导体器件物理,集成电路学院,玉泉路,https://jwba.ucas.ac.cn/sc/course/courseplan/315263,60,3.00,专业核心课,殷华湘等,2026-09-02 09:19:27
180202085403P3001Y,功率半导体及智能功率集成电路设计,功率半导体及智能功率集成电路设计,集成电路学院,玉泉路,https://jwba.ucas.ac.cn/sc/course/courseplan/315260,40,2.00,专业课,蔡小五,2026-09-02 09:19:27
180202085403P3002Y,半导体材料与器件的分析与表征,半导体材料与器件的分析与表征,集成电路学院,玉泉路,https://jwba.ucas.ac.cn/sc/course/courseplan/315270,50,2.50,专业课,王晓磊等,2026-09-02 09:19:27
180202085403PB001H-1,学术道德与学术写作规范-分论,学术道德与学术写作规范-分论,集成电路学院,雁栖湖,https://jwba.ucas.ac.cn/sc/course/courseplan/315579,10,0.50,公共必修课,黄森,2026-09-02 09:19:27
180202085403PB001Y,学术道德与学术写作规范-分论,学术道德与学术写作规范-分论,集成电路学院,玉泉路,https://jwba.ucas.ac.cn/sc/course/courseplan/315264,10,0.50,公共必修课,李泠,2026-09-02 09:19:27
180202140100P3004Y,MOS器件TCAD仿真及SPICE模型,MOS器件TCAD仿真及SPICE模型,集成电路学院,玉泉路,https://jwba.ucas.ac.cn/sc/course/courseplan/315258,40,2.00,专业课,卜建辉等,2026-09-02 09:19:27
180202140100P4004H,半导体异质集成技术,半导体异质集成技术,集成电路学院,雁栖湖,https://jwba.ucas.ac.cn/sc/course/courseplan/314469,20,1.00,研讨课,杨冠华,2026-09-02 09:19:27
180202140100P4004Y,半导体异质集成技术,半导体异质集成技术,集成电路学院,玉泉路,https://jwba.ucas.ac.cn/sc/course/courseplan/315257,20,1.00,研讨课,王盛凯,2026-09-02 09:19:27
180203083900PB001Y,学术道德与学术写作规范-分论,学术道德与学术写作规范-分论,网络空间安全学院,玉泉路,https://jwba.ucas.ac.cn/sc/course/courseplan/315329,10,0.50,公共必修课,林东岱,2026-09-02 09:19:27
180203083900PX001Y,网络犯罪与安全治理,网络犯罪与安全治理,网络空间安全学院,玉泉路,https://jwba.ucas.ac.cn/sc/course/courseplan/315219,30,1.00,公共选修课,姜建国,2026-09-02 09:19:27
1802030839X3P2004H,物联网安全,物联网安全,网络空间安全学院,雁栖湖,https://jwba.ucas.ac.cn/sc/course/courseplan/318875,50,2.50,专业核心课,朱红松等,2026-09-02 09:19:27
1802030839X4P3003Y,网络协议安全,网络协议安全,网络空间安全学院,玉泉路,https://jwba.ucas.ac.cn/sc/course/courseplan/315327,40,2.00,专业课,张棪等,2026-09-02 09:19:27
1802030839X4P3004Y,芯片及处理器安全,芯片及处理器安全,网络空间安全学院,玉泉路,https://jwba.ucas.ac.cn/sc/course/courseplan/315326,40,2.00,专业课,王文浩,2026-09-02 09:19:27
1802030839X5P3002Y,网络安全数据分析基础,网络安全数据分析基础,网络空间安全学院,玉泉路,https://jwba.ucas.ac.cn/sc/course/courseplan/315328,40,2.00,专业课,刘玉岭等,2026-09-02 09:19:27
180203085412P2002Y,网络认证技术,网络认证技术,网络空间安全学院,玉泉路,https://jwba.ucas.ac.cn/sc/course/courseplan/315330,60,3.00,专业核心课,马原等,2026-09-02 09:19:27
180203085412P3001H,信号安全分析,信号安全分析,网络空间安全学院,雁栖湖,https://jwba.ucas.ac.cn/sc/course/courseplan/318480,40,2.00,专业课,吕志强,2026-09-02 09:19:27
180203085412P3001Y,信号安全分析,信号安全分析,网络空间安全学院,玉泉路,https://jwba.ucas.ac.cn/sc/course/courseplan/318451,40,2.00,专业课,吕志强,2026-09-02 09:19:27
180203085412P3002Y,智能设备安全,智能设备安全,网络空间安全学院,玉泉路,https://jwba.ucas.ac.cn/sc/course/courseplan/315320,40,2.00,专业课,张妍等,2026-09-02 09:19:27
180203085412P3003Y,大数据技术,大数据技术,网络空间安全学院,玉泉路,https://jwba.ucas.ac.cn/sc/course/courseplan/315316,40,2.00,专业课,黄晶等,2026-09-02 09:19:27
180203085412P3005H,数据安全治理,数据安全治理,网络空间安全学院,雁栖湖,https://jwba.ucas.ac.cn/sc/course/courseplan/314908,40,2.00,专业课,古晓艳等,2026-09-02 09:19:27
180203085412P3005Y,数据安全治理,数据安全治理,网络空间安全学院,玉泉路,https://jwba.ucas.ac.cn/sc/course/courseplan/315318,40,2.00,专业课,古晓艳等,2026-09-02 09:19:27
180203085412P5003Y,智能设备安全实验,智能设备安全实验,网络空间安全学院,玉泉路,https://jwba.ucas.ac.cn/sc/course/courseplan/315321,30,1.00,实验课,张妍等,2026-09-02 09:19:27
180203085412P5005Y,视音频编码及其安全应用,视音频编码及其安全应用,网络空间安全学院,玉泉路,https://jwba.ucas.ac.cn/sc/course/courseplan/315317,30,1.00,实验课,张弘等,2026-09-02 09:19:27
180203085412P5007Y,隐私保护技术实践,隐私保护技术实践,网络空间安全学院,玉泉路,https://jwba.ucas.ac.cn/sc/course/courseplan/315319,30,1.00,实验课,樊海慧,2026-09-02 09:19:27
180203085412P5008Y,漏洞利用与攻防实践,漏洞利用与攻防实践,网络空间安全学院,玉泉路,https://jwba.ucas.ac.cn/sc/course/courseplan/315322,40,1.00,实验课,李孟豪等,2026-09-02 09:19:27
180203085412P5011Y,计算机安全实践,计算机安全实践,网络空间安全学院,玉泉路,https://jwba.ucas.ac.cn/sc/course/courseplan/315324,40,1.00,实验课,李宁等,2026-09-02 09:19:27
180203085412P5012Y,人工智能攻防实践,人工智能攻防实践,网络空间安全学院,玉泉路,https://jwba.ucas.ac.cn/sc/course/courseplan/315325,30,1.00,实验课,梁瑞刚等,2026-09-02 09:19:27
1802040703X1PB001H,学术道德与学术写作规范-分论,学术道德与学术写作规范-分论,未来技术学院,雁栖湖,https://jwba.ucas.ac.cn/sc/course/courseplan/313629,10,0.50,公共必修课,王京霞等,2026-09-02 09:19:27
1802040703X2P3001H,光/电化学现代分析技术,光/电化学现代分析技术,未来技术学院,雁栖湖,https://jwba.ucas.ac.cn/sc/course/courseplan/313578,40,2.00,专业课,曾毅等,2026-09-02 09:19:27
1802040710X1P3002H,生物信息大数据挖掘分析和实践,生物信息大数据挖掘分析和实践,未来技术学院,雁栖湖,https://jwba.ucas.ac.cn/sc/course/courseplan/313630,40,2.00,专业课,赵文明等,2026-09-02 09:19:27
1802040710X1P3003H,基因组技术与健康大数据,基因组技术与健康大数据,未来技术学院,雁栖湖,https://jwba.ucas.ac.cn/sc/course/courseplan/313645,40,2.00,专业课,蒋岚等,2026-09-02 09:19:27
1802040710X2P3001H,智能行为的神经基础,智能行为的神经基础,未来技术学院,雁栖湖,https://jwba.ucas.ac.cn/sc/course/courseplan/313631,40,2.00,专业课,顾勇等,2026-09-02 09:19:27
1802040710X2P3004H,神经科学导论,神经科学导论,未来技术学院,雁栖湖,https://jwba.ucas.ac.cn/sc/course/courseplan/313632,40,2.00,专业课,杜久林等,2026-09-02 09:19:27
1802040803X6P4003H,光子集成芯片：理论与器件,光子集成芯片：理论与器件,未来技术学院,雁栖湖,https://jwba.ucas.ac.cn/sc/course/courseplan/313633,20,1.00,研讨课,王国玺等,2026-09-02 09:19:27
1802040805X1P5001H,医用材料生物兼容性实验,医用材料生物兼容性实验,未来技术学院,雁栖湖,https://jwba.ucas.ac.cn/sc/course/courseplan/313634,40,1.00,实验课,刘仁材等,2026-09-02 09:19:27
1802040805X2P3001H,仿生结构功能材料构筑技术与表征方法,仿生结构功能材料构筑技术与表征方法,未来技术学院,雁栖湖,https://jwba.ucas.ac.cn/sc/course/courseplan/313636,40,2.00,专业课,王京霞等,2026-09-02 09:19:27
1802040807X2P3001H,液态金属微流体学,液态金属微流体学,未来技术学院,雁栖湖,https://jwba.ucas.ac.cn/sc/course/courseplan/313637,40,2.00,专业课,桂林,2026-09-02 09:19:27
1802040809X1P3001H,生物医学电子电路、器件及系统前沿,生物医学电子电路、器件及系统前沿,未来技术学院,雁栖湖,https://jwba.ucas.ac.cn/sc/course/courseplan/313638,40,2.00,专业课,黄成军等,2026-09-02 09:19:27
1802040811X1P3001H,智能成像技术及python实现,智能成像技术及python实现,未来技术学院,雁栖湖,https://jwba.ucas.ac.cn/sc/course/courseplan/313639,50,2.50,专业课,张金刚,2026-09-02 09:19:27
1802040817X1P3001H,绿色制造前沿技术,绿色制造前沿技术,未来技术学院,雁栖湖,https://jwba.ucas.ac.cn/sc/course/courseplan/313640,40,2.00,专业课,黄玉红等,2026-09-02 09:19:27
1802041001X1P3001H,肿瘤精准治疗的临床实践与未来技术,肿瘤精准治疗的临床实践与未来技术,未来技术学院,雁栖湖,https://jwba.ucas.ac.cn/sc/course/courseplan/313644,40,2.00,专业课,王前飞等,2026-09-02 09:19:27
180206081100M1002H,计算机视觉,计算机视觉,人工智能学院,雁栖湖,https://jwba.ucas.ac.cn/sc/course/courseplan/315080,60,3.00,学科核心课,董秋雷等,2026-09-02 09:19:27
180206081100P3001H,AI for Science方法与磐石平台应用,AI for Science方法与磐石平台应用,人工智能学院,雁栖湖,https://jwba.ucas.ac.cn/sc/course/courseplan/319735,10,0.50,专业课,梁嘉琦,2026-09-02 09:19:27
180206085406P2005Y,模式识别原理与方法,模式识别原理与方法,人工智能学院,玉泉路,https://jwba.ucas.ac.cn/sc/course/courseplan/315365,40,2.00,专业核心课,张煦尧等,2026-09-02 09:19:27
180206085406P2006Y,人工智能原理与实践,人工智能原理与实践,人工智能学院,玉泉路,https://jwba.ucas.ac.cn/sc/course/courseplan/315366,40,2.00,专业核心课,孙哲南等,2026-09-02 09:19:27
180206085406P3001Y,计算机视觉原理与算法,计算机视觉原理与算法,人工智能学院,玉泉路,https://jwba.ucas.ac.cn/sc/course/courseplan/315363,40,2.00,专业课,原春锋等,2026-09-02 09:19:27
180206085406P3002Y,深度学习方法与应用,深度学习方法与应用,人工智能学院,玉泉路,https://jwba.ucas.ac.cn/sc/course/courseplan/315364,40,2.00,专业课,黄岩等,2026-09-02 09:19:27
180206085410M3007Y,强化学习基础,强化学习基础,人工智能学院,玉泉路,https://jwba.ucas.ac.cn/sc/course/courseplan/314919,40,2.00,专业课,岩延,2026-09-02 09:19:27
180207040200MX004Y,健康心理学,健康心理学,心理学系,玉泉路,https://jwba.ucas.ac.cn/sc/course/courseplan/315269,30,1.00,公共选修课,王玮文,2026-09-02 09:19:27
180207040200MX006Y,人脑的教育,人脑的教育,心理学系,玉泉路,https://jwba.ucas.ac.cn/sc/course/courseplan/314802,40,1.00,公共选修课,李雪冰,2026-09-02 09:19:27
180207040200MX011H,语言认知与语言素养的提升,语言认知与语言素养的提升,心理学系,雁栖湖,https://jwba.ucas.ac.cn/sc/course/courseplan/317925,30,1.00,公共选修课,屈青青,2026-09-02 09:19:27
180207040200MX014Y,文化社会心理学,文化社会心理学,心理学系,玉泉路,https://jwba.ucas.ac.cn/sc/course/courseplan/315268,30,1.00,公共选修课,任孝鹏,2026-09-02 09:19:27
180207040200PB001H,学术道德与学术写作规范-分论,学术道德与学术写作规范-分论,心理学系,雁栖湖,https://jwba.ucas.ac.cn/sc/course/courseplan/314296,10,0.50,公共必修课,古若雷,2026-09-02 09:19:27
180208082700P1002H,粒子加速器技术I,粒子加速器技术I,核科学与技术学院,雁栖湖,https://jwba.ucas.ac.cn/sc/course/courseplan/313686,50,2.50,学科核心课,陈福三等,2026-09-02 09:19:27
180208082700P1003H,粒子加速器技术II,粒子加速器技术II,核科学与技术学院,雁栖湖,https://jwba.ucas.ac.cn/sc/course/courseplan/314518,40,2.00,学科核心课,葛锐等,2026-09-02 09:19:27
180208082700P1005H,高等反应堆物理,高等反应堆物理,核科学与技术学院,雁栖湖,https://jwba.ucas.ac.cn/sc/course/courseplan/314523,60,3.00,学科核心课,杨永伟等,2026-09-02 09:19:27
180208082700P1006H,中子科学与应用I：中子物理,中子科学与应用I：中子物理,核科学与技术学院,雁栖湖,https://jwba.ucas.ac.cn/sc/course/courseplan/314525,60,3.00,学科核心课,梁天骄等,2026-09-02 09:19:27
180208082700P1007H,粒子加速器物理,粒子加速器物理,核科学与技术学院,雁栖湖,https://jwba.ucas.ac.cn/sc/course/courseplan/314556,60,3.00,学科核心课,刘渭滨等,2026-09-02 09:19:27
180208082700P1008H,高等核电子学,高等核电子学,核科学与技术学院,雁栖湖,https://jwba.ucas.ac.cn/sc/course/courseplan/314517,60,3.00,学科核心课,刘振安等,2026-09-02 09:19:27
180208082700PB001H,学术道德与学术写作规范-分论,学术道德与学术写作规范-分论,核科学与技术学院,雁栖湖,https://jwba.ucas.ac.cn/sc/course/courseplan/314554,10,0.50,公共必修课,谢冠男,2026-09-02 09:19:27
180208082700PB001Y,学术道德与学术写作规范-分论,学术道德与学术写作规范-分论,核科学与技术学院,玉泉路,https://jwba.ucas.ac.cn/sc/course/courseplan/315243,10,0.50,公共必修课,李佩莲,2026-09-02 09:19:27
180208082702P3001H,核燃料循环化学与材料,核燃料循环化学与材料,核科学与技术学院,雁栖湖,https://jwba.ucas.ac.cn/sc/course/courseplan/314528,50,2.50,专业课,石伟群等,2026-09-02 09:19:27
180208082703M3001Y,基于嵌入式操作系统的数据获取与处理,基于嵌入式操作系统的数据获取与处理,核科学与技术学院,玉泉路,https://jwba.ucas.ac.cn/sc/course/courseplan/318659,40,2.00,专业课,刘振安,2026-09-02 09:19:27
180208082703P3002H,核天体物理与激光核物理,核天体物理与激光核物理,核科学与技术学院,雁栖湖,https://jwba.ucas.ac.cn/sc/course/courseplan/314526,50,2.50,专业课,李志宏等,2026-09-02 09:19:27
180208082703P3003H,高能物理实验的大数据管理技术,高能物理实验的大数据管理技术,核科学与技术学院,雁栖湖,https://jwba.ucas.ac.cn/sc/course/courseplan/314519,40,2.00,专业课,程耀东等,2026-09-02 09:19:27
180208082703P3005H,核物理实验方法,核物理实验方法,核科学与技术学院,雁栖湖,https://jwba.ucas.ac.cn/sc/course/courseplan/314522,50,2.50,专业课,李智焕等,2026-09-02 09:19:27
180208082703P3006H,固体材料中粒子辐照效应,固体材料中粒子辐照效应,核科学与技术学院,雁栖湖,https://jwba.ucas.ac.cn/sc/course/courseplan/314524,50,2.50,专业课,王志光等,2026-09-02 09:19:27
180208082703P3007H,X射线晶体学（近代物理方向）,X射线晶体学（近代物理方向）,核科学与技术学院,雁栖湖,https://jwba.ucas.ac.cn/sc/course/courseplan/314520,50,2.50,专业课,王焕华等,2026-09-02 09:19:27
180208082703P3013H,光学成像系统设计基础,光学成像系统设计基础,核科学与技术学院,雁栖湖,https://jwba.ucas.ac.cn/sc/course/courseplan/314592,50,2.50,专业课,张小威等,2026-09-02 09:19:27
180208082703P3018H,重离子储存环物理,重离子储存环物理,核科学与技术学院,雁栖湖,https://jwba.ucas.ac.cn/sc/course/courseplan/314527,40,2.00,专业课,张玉虎等,2026-09-02 09:19:27
180208082703P3019H,多物理场耦合分析与大科学装置模拟,多物理场耦合分析与大科学装置模拟,核科学与技术学院,雁栖湖,https://jwba.ucas.ac.cn/sc/course/courseplan/314555,40,2.00,专业课,杨磊等,2026-09-02 09:19:27
180209090100P1001H,多维组学,多维组学,现代农业科学学院,雁栖湖,https://jwba.ucas.ac.cn/sc/course/courseplan/314221,60,3.00,学科核心课,汪迎春等,2026-09-02 09:19:27
180209090100P1002H,生物影像技术,生物影像技术,现代农业科学学院,雁栖湖,https://jwba.ucas.ac.cn/sc/course/courseplan/314675,50,2.50,学科核心课,降雨强等,2026-09-02 09:19:27
180209090100P1003H,代谢调控：细胞、生理与进化,代谢调控：细胞、生理与进化,现代农业科学学院,雁栖湖,https://jwba.ucas.ac.cn/sc/course/courseplan/314226,40,2.00,学科核心课,吴青峰等,2026-09-02 09:19:27
180209090100P1005H,农业科学研究进展与展望,农业科学研究进展与展望,现代农业科学学院,雁栖湖,https://jwba.ucas.ac.cn/sc/course/courseplan/314229,40,2.00,学科核心课,冯锋等,2026-09-02 09:19:27
180209090100P1006H,高级分子遗传学,高级分子遗传学,现代农业科学学院,雁栖湖,https://jwba.ucas.ac.cn/sc/course/courseplan/314481,60,3.00,学科核心课,左建儒等,2026-09-02 09:19:27
180209090100P1008H,功能基因组学,功能基因组学,现代农业科学学院,雁栖湖,https://jwba.ucas.ac.cn/sc/course/courseplan/314249,40,2.00,学科核心课,李响等,2026-09-02 09:19:27
180209090100P1009H,高级微生物组学,高级微生物组学,现代农业科学学院,雁栖湖,https://jwba.ucas.ac.cn/sc/course/courseplan/314562,50,2.50,学科核心课,钱韦等,2026-09-02 09:19:27
180209090100PB001H-1,学术道德与学术写作规范-分论1班,学术道德与学术写作规范-分论1班,现代农业科学学院,雁栖湖,https://jwba.ucas.ac.cn/sc/course/courseplan/315528,10,0.50,公共必修课,任胜利,2026-09-02 09:19:27
180209090100PB001H-2,学术道德与学术写作规范-分论2班,学术道德与学术写作规范-分论2班,现代农业科学学院,雁栖湖,https://jwba.ucas.ac.cn/sc/course/courseplan/315529,10,0.50,公共必修课,任胜利,2026-09-02 09:19:27
180209090101P2002H,作物生理学,作物生理学,现代农业科学学院,雁栖湖,https://jwba.ucas.ac.cn/sc/course/courseplan/314343,60,3.00,专业核心课,王柏臣等,2026-09-02 09:19:27
180209090101P3001H,作物栽培与耕作,作物栽培与耕作,现代农业科学学院,雁栖湖,https://jwba.ucas.ac.cn/sc/course/courseplan/314350,40,2.00,专业课,李秀军等,2026-09-02 09:19:27
180209090101P3003H,作物营养与高产的生理和分子调控,作物营养与高产的生理和分子调控,现代农业科学学院,雁栖湖,https://jwba.ucas.ac.cn/sc/course/courseplan/314358,40,2.00,专业课,宋献军等,2026-09-02 09:19:27
180209090101P3004H,智能植物工厂与未来农业,智能植物工厂与未来农业,现代农业科学学院,雁栖湖,https://jwba.ucas.ac.cn/sc/course/courseplan/314258,40,2.00,专业课,李绍华等,2026-09-02 09:19:27
180209090101P3006H,循环农业,循环农业,现代农业科学学院,雁栖湖,https://jwba.ucas.ac.cn/sc/course/courseplan/314259,40,2.00,专业课,潘庆民等,2026-09-02 09:19:27
180209090101P3007H,作物生态学,作物生态学,现代农业科学学院,雁栖湖,https://jwba.ucas.ac.cn/sc/course/courseplan/314260,40,2.00,专业课,韩立朴等,2026-09-02 09:19:27
180209090101P4001H,作物栽培新技术理论与实践研讨,作物栽培新技术理论与实践研讨,现代农业科学学院,雁栖湖,https://jwba.ucas.ac.cn/sc/course/courseplan/314315,20,1.00,研讨课,刘小京,2026-09-02 09:19:27
180209090102P2002H,作物种质资源,作物种质资源,现代农业科学学院,雁栖湖,https://jwba.ucas.ac.cn/sc/course/courseplan/314261,40,2.00,专业核心课,冯献忠等,2026-09-02 09:19:27
180209090102P3003H,作物抗病虫育种,作物抗病虫育种,现代农业科学学院,雁栖湖,https://jwba.ucas.ac.cn/sc/course/courseplan/314537,40,2.00,专业课,刘志勇等,2026-09-02 09:19:27
180209090102P4002H,作物生理与高效农业前沿进展研讨,作物生理与高效农业前沿进展研讨,现代农业科学学院,雁栖湖,https://jwba.ucas.ac.cn/sc/course/courseplan/314269,20,1.00,研讨课,杨文强等,2026-09-02 09:19:27
180209090200P3001H,园艺作物繁殖生物学,园艺作物繁殖生物学,现代农业科学学院,雁栖湖,https://jwba.ucas.ac.cn/sc/course/courseplan/315222,40,2.00,专业课,罗世孝等,2026-09-02 09:19:27
180209090200PX001H,中国插花花艺,中国插花花艺,现代农业科学学院,雁栖湖,https://jwba.ucas.ac.cn/sc/course/courseplan/315238,40,1.00,公共选修课,刘政安等,2026-09-02 09:19:27
180209090201P2001H,果树生理与栽培,果树生理与栽培,现代农业科学学院,雁栖湖,https://jwba.ucas.ac.cn/sc/course/courseplan/315221,40,2.00,专业核心课,段学武等,2026-09-02 09:19:27
180209090201P2002H,果树遗传与育种,果树遗传与育种,现代农业科学学院,雁栖湖,https://jwba.ucas.ac.cn/sc/course/courseplan/315220,40,2.00,专业核心课,韩月彭等,2026-09-02 09:19:27
180209090300P1004H,土壤资源学,土壤资源学,现代农业科学学院,雁栖湖,https://jwba.ucas.ac.cn/sc/course/courseplan/314672,60,3.00,学科核心课,张甘霖等,2026-09-02 09:19:27
180209090301P2001H,环境土壤学,环境土壤学,现代农业科学学院,雁栖湖,https://jwba.ucas.ac.cn/sc/course/courseplan/314270,60,3.00,专业核心课,王玉军等,2026-09-02 09:19:27
180209090301P2002H,土壤化学,土壤化学,现代农业科学学院,雁栖湖,https://jwba.ucas.ac.cn/sc/course/courseplan/314272,50,2.50,专业核心课,徐仁扣等,2026-09-02 09:19:27
180209090301P2007H,土壤生物学,土壤生物学,现代农业科学学院,雁栖湖,https://jwba.ucas.ac.cn/sc/course/courseplan/314667,50,2.50,专业核心课,褚海燕等,2026-09-02 09:19:27
180209090301P3001H,现代农业分析与检测技术,现代农业分析与检测技术,现代农业科学学院,雁栖湖,https://jwba.ucas.ac.cn/sc/course/courseplan/314301,50,2.50,专业课,束继年等,2026-09-02 09:19:27
180209090302P2001H,高等土壤—植物营养学,高等土壤—植物营养学,现代农业科学学院,雁栖湖,https://jwba.ucas.ac.cn/sc/course/courseplan/314687,60,3.00,专业核心课,施卫明等,2026-09-02 09:19:27
180209090700M1001H,景观设计,景观设计,现代农业科学学院,雁栖湖,https://jwba.ucas.ac.cn/sc/course/courseplan/318423,40,2.00,学科核心课,刘宏涛等,2026-09-02 09:19:27
180209090800P1001H,水产遗传育种学,水产遗传育种学,现代农业科学学院,雁栖湖,https://jwba.ucas.ac.cn/sc/course/courseplan/314680,50,2.50,学科核心课,桂建芳等,2026-09-02 09:19:27
180209090800P1002H,水产动物免疫学,水产动物免疫学,现代农业科学学院,雁栖湖,https://jwba.ucas.ac.cn/sc/course/courseplan/314531,40,2.00,学科核心课,昌鸣先等,2026-09-02 09:19:27
180209090800P1005H,水域及渔业生态学,水域及渔业生态学,现代农业科学学院,雁栖湖,https://jwba.ucas.ac.cn/sc/course/courseplan/314533,60,3.00,学科核心课,杨红生等,2026-09-02 09:19:27
180209090801P2002H,水产品安全控制,水产品安全控制,现代农业科学学院,雁栖湖,https://jwba.ucas.ac.cn/sc/course/courseplan/314534,40,2.00,专业核心课,王雷等,2026-09-02 09:19:27
180209090801P3001H,淡水渔业设施与监测,淡水渔业设施与监测,现代农业科学学院,雁栖湖,https://jwba.ucas.ac.cn/sc/course/courseplan/314535,40,2.00,专业课,段明等,2026-09-02 09:19:27
180209090801P3003H,养殖水环境化学,养殖水环境化学,现代农业科学学院,雁栖湖,https://jwba.ucas.ac.cn/sc/course/courseplan/314978,40,2.00,专业课,李军等,2026-09-02 09:19:27
180209095132M2002H,试验设计与统计实践,试验设计与统计实践,现代农业科学学院,雁栖湖,https://jwba.ucas.ac.cn/sc/course/courseplan/318000,40,2.00,专业核心课,赵昕等,2026-09-02 09:19:27
180209095137M3001H,粮食安全与可持续发展,粮食安全与可持续发展,现代农业科学学院,雁栖湖,https://jwba.ucas.ac.cn/sc/course/courseplan/318397,40,2.00,专业课,刘玉洁等,2026-09-02 09:19:27
180210081700P1001H,传递过程原理,传递过程原理,化学工程学院,雁栖湖,https://jwba.ucas.ac.cn/sc/course/courseplan/314262,60,3.00,学科核心课,葛蔚等,2026-09-02 09:19:27
180210081700P1002H,高等化工热力学,高等化工热力学,化学工程学院,雁栖湖,https://jwba.ucas.ac.cn/sc/course/courseplan/314263,50,2.50,学科核心课,吕兴梅等,2026-09-02 09:19:27
180210081700P1004H,化学反应工程,化学反应工程,化学工程学院,雁栖湖,https://jwba.ucas.ac.cn/sc/course/courseplan/314003,50,2.50,学科核心课,冯鑫等,2026-09-02 09:19:27
180210081700P1005H,生物医药过程工程,生物医药过程工程,化学工程学院,雁栖湖,https://jwba.ucas.ac.cn/sc/course/courseplan/314004,40,2.00,学科核心课,魏炜等,2026-09-02 09:19:27
180210081700P1007H,高等分离工程,高等分离工程,化学工程学院,雁栖湖,https://jwba.ucas.ac.cn/sc/course/courseplan/314005,40,2.00,学科核心课,杨良嵘等,2026-09-02 09:19:27
180210081700P1008H,工业催化原理,工业催化原理,化学工程学院,雁栖湖,https://jwba.ucas.ac.cn/sc/course/courseplan/314006,50,2.50,学科核心课,李增喜,2026-09-02 09:19:27
180210081700P1009H,化工数学模型与方法,化工数学模型与方法,化学工程学院,雁栖湖,https://jwba.ucas.ac.cn/sc/course/courseplan/314264,50,2.50,学科核心课,李春山等,2026-09-02 09:19:27
180210081700P1010H,催化反应工程,催化反应工程,化学工程学院,雁栖湖,https://jwba.ucas.ac.cn/sc/course/courseplan/314007,50,2.50,学科核心课,王建国,2026-09-02 09:19:27
180210081700PB001H-1,学术道德与学术写作规范-分论-1,学术道德与学术写作规范-分论-1,化学工程学院,雁栖湖,https://jwba.ucas.ac.cn/sc/course/courseplan/315603,10,0.50,公共必修课,王慧,2026-09-02 09:19:27
180210081700PB001H-2,学术道德与学术写作规范-分论-2,学术道德与学术写作规范-分论-2,化学工程学院,雁栖湖,https://jwba.ucas.ac.cn/sc/course/courseplan/315604,10,0.50,公共必修课,王慧,2026-09-02 09:19:27
180210081700PX002H,中英文科技论文写作,中英文科技论文写作,化学工程学院,雁栖湖,https://jwba.ucas.ac.cn/sc/course/courseplan/314268,40,1.00,公共选修课,何宏艳等,2026-09-02 09:19:27
180210081701P2003H,多尺度过程模拟,多尺度过程模拟,化学工程学院,雁栖湖,https://jwba.ucas.ac.cn/sc/course/courseplan/314254,60,3.00,专业核心课,葛蔚等,2026-09-02 09:19:27
180210081701P2004H,化学化工科研软件,化学化工科研软件,化学工程学院,雁栖湖,https://jwba.ucas.ac.cn/sc/course/courseplan/314265,50,2.50,专业核心课,王利民等,2026-09-02 09:19:27
180210081701P3002H,计算化学工程,计算化学工程,化学工程学院,雁栖湖,https://jwba.ucas.ac.cn/sc/course/courseplan/314009,40,2.00,专业课,陈杰等,2026-09-02 09:19:27
180210081701P3005H,化工与人工智能,化工与人工智能,化学工程学院,雁栖湖,https://jwba.ucas.ac.cn/sc/course/courseplan/314010,40,2.00,专业课,霍锋等,2026-09-02 09:19:27
180210081701P3008H,化工原理追踪溯源,化工原理追踪溯源,化学工程学院,雁栖湖,https://jwba.ucas.ac.cn/sc/course/courseplan/314011,40,2.00,专业课,段东平等,2026-09-02 09:19:27
180210081702P2002H,先进颗粒技术,先进颗粒技术,化学工程学院,雁栖湖,https://jwba.ucas.ac.cn/sc/course/courseplan/314255,40,2.00,专业核心课,李军等,2026-09-02 09:19:27
180210081702P2004H,氢能与燃料电池,氢能与燃料电池,化学工程学院,雁栖湖,https://jwba.ucas.ac.cn/sc/course/courseplan/314012,50,2.50,专业核心课,崔丽杰等,2026-09-02 09:19:27
180210081702P4001H,化工工艺进展,化工工艺进展,化学工程学院,雁栖湖,https://jwba.ucas.ac.cn/sc/course/courseplan/314013,20,1.00,研讨课,王勇等,2026-09-02 09:19:27
180210081702P4002H,工业废气治理与利用,工业废气治理与利用,化学工程学院,雁栖湖,https://jwba.ucas.ac.cn/sc/course/courseplan/314014,20,1.00,研讨课,李松庚,2026-09-02 09:19:27
180210081703P2002H,生物分离工程,生物分离工程,化学工程学院,雁栖湖,https://jwba.ucas.ac.cn/sc/course/courseplan/314015,50,2.50,专业核心课,邢建民等,2026-09-02 09:19:27
180210081703P2003H,分子酶工程,分子酶工程,化学工程学院,雁栖湖,https://jwba.ucas.ac.cn/sc/course/courseplan/314257,40,2.00,专业核心课,闫学海等,2026-09-02 09:19:27
180210081704P2002H,能源化学与化工,能源化学与化工,化学工程学院,雁栖湖,https://jwba.ucas.ac.cn/sc/course/courseplan/314016,50,2.50,专业核心课,刘晓星等,2026-09-02 09:19:27
180210081704P3001H,化学化工数据信息获取,化学化工数据信息获取,化学工程学院,雁栖湖,https://jwba.ucas.ac.cn/sc/course/courseplan/314017,40,2.00,专业课,李晓霞,2026-09-02 09:19:27
180210081704P3004H,新能源材料化学,新能源材料化学,化学工程学院,雁栖湖,https://jwba.ucas.ac.cn/sc/course/courseplan/314018,50,2.50,专业课,王江艳等,2026-09-02 09:19:27
180210081704P3006H,储能科学与技术,储能科学与技术,化学工程学院,雁栖湖,https://jwba.ucas.ac.cn/sc/course/courseplan/314019,40,2.00,专业课,张海涛等,2026-09-02 09:19:27
180210081704P3008H,高性能计算在过程模拟中的应用,高性能计算在过程模拟中的应用,化学工程学院,雁栖湖,https://jwba.ucas.ac.cn/sc/course/courseplan/314020,40,2.00,专业课,侯超峰等,2026-09-02 09:19:27
180210081705P3001H,分子筛催化,分子筛催化,化学工程学院,雁栖湖,https://jwba.ucas.ac.cn/sc/course/courseplan/314021,50,2.50,专业课,董梅等,2026-09-02 09:19:27
180210085602P2001H,材料与化工现代研究方法,材料与化工现代研究方法,化学工程学院,雁栖湖,https://jwba.ucas.ac.cn/sc/course/courseplan/315211,50,2.50,专业核心课,王瑞琦,2026-09-02 09:19:27
180210085602P2003H,高等物理化学——原理与应用,高等物理化学——原理与应用,化学工程学院,雁栖湖,https://jwba.ucas.ac.cn/sc/course/courseplan/314974,40,2.00,专业核心课,李福伟,2026-09-02 09:19:27
180210085602P2004H,化工试验设计与数据分析,化工试验设计与数据分析,化学工程学院,雁栖湖,https://jwba.ucas.ac.cn/sc/course/courseplan/314267,40,2.00,专业核心课,刘新华等,2026-09-02 09:19:27
180210085602P2014H,有色金属资源循环理论与方法,有色金属资源循环理论与方法,化学工程学院,雁栖湖,https://jwba.ucas.ac.cn/sc/course/courseplan/314256,40,2.00,专业核心课,王志等,2026-09-02 09:19:27
180210085602P3002H,化工过程开发,化工过程开发,化学工程学院,雁栖湖,https://jwba.ucas.ac.cn/sc/course/courseplan/314008,50,2.50,专业课,王二强,2026-09-02 09:19:27
180210085602P3003H,工业生产全过程控污与减碳,工业生产全过程控污与减碳,化学工程学院,雁栖湖,https://jwba.ucas.ac.cn/sc/course/courseplan/314266,40,2.00,专业课,赵赫等,2026-09-02 09:19:27
180210085602P3007H,工业结晶过程,工业结晶过程,化学工程学院,雁栖湖,https://jwba.ucas.ac.cn/sc/course/courseplan/315010,40,2.00,专业课,安振国,2026-09-02 09:19:27
180211080300PB001Y,学术道德与学术写作规范-分论,学术道德与学术写作规范-分论,光电学院,玉泉路,https://jwba.ucas.ac.cn/sc/course/courseplan/315266,10,0.50,公共必修课,屈一至等,2026-09-02 09:19:27
1802110803X1M2001Y,红外成像技术,红外成像技术,光电学院,玉泉路,https://jwba.ucas.ac.cn/sc/course/courseplan/318420,60,3.00,专业核心课,徐云等,2026-09-02 09:19:27
1802110803X1P3003H,计算光学成像技术,计算光学成像技术,光电学院,雁栖湖,https://jwba.ucas.ac.cn/sc/course/courseplan/314424,40,2.00,专业课,吕群波等,2026-09-02 09:19:27
1802110803X4M2001Y,信息光电子学,信息光电子学,光电学院,玉泉路,https://jwba.ucas.ac.cn/sc/course/courseplan/315240,60,3.00,专业核心课,孙志斌,2026-09-02 09:19:27
1802110803X4M5003H,生物光电实验,生物光电实验,光电学院,雁栖湖,https://jwba.ucas.ac.cn/sc/course/courseplan/314417,40,1.00,实验课,陈靖容,2026-09-02 09:19:27
180211085408M2001Y,工程光学,工程光学,光电学院,玉泉路,https://jwba.ucas.ac.cn/sc/course/courseplan/315334,60,3.00,专业核心课,吴小成等,2026-09-02 09:19:27
180211085408P2009H,激光器件及测试技术,激光器件及测试技术,光电学院,雁栖湖,https://jwba.ucas.ac.cn/sc/course/courseplan/314426,60,3.00,专业核心课,麻云凤等,2026-09-02 09:19:27
180211085408P2009Y,激光器件及测试技术,激光器件及测试技术,光电学院,玉泉路,https://jwba.ucas.ac.cn/sc/course/courseplan/315242,60,3.00,专业核心课,麻云凤等,2026-09-02 09:19:27
180211085408P3023Y,高光谱成像物理基础与成像模型,高光谱成像物理基础与成像模型,光电学院,玉泉路,https://jwba.ucas.ac.cn/sc/course/courseplan/315333,40,2.00,专业课,黄旻等,2026-09-02 09:19:27
180211085408P3025H,空间光学理论与应用,空间光学理论与应用,光电学院,雁栖湖,https://jwba.ucas.ac.cn/sc/course/courseplan/315102,60,3.00,专业课,王虎等,2026-09-02 09:19:27
180211085408P3025Y,空间光学理论与应用,空间光学理论与应用,光电学院,玉泉路,https://jwba.ucas.ac.cn/sc/course/courseplan/315241,60,3.00,专业课,王虎等,2026-09-02 09:19:27
180212140600P1001H,纳米科学导论,纳米科学导论,纳米科学与工程学院,雁栖湖,https://jwba.ucas.ac.cn/sc/course/courseplan/319975,50,2.50,学科核心课,王琛等,2026-09-02 09:19:27
180212140600P1002H,纳米化学概论,纳米化学概论,纳米科学与工程学院,雁栖湖,https://jwba.ucas.ac.cn/sc/course/courseplan/319977,50,2.50,学科核心课,吴晓春等,2026-09-02 09:19:27
180212140600P1003H,纳米发电机科学与技术,纳米发电机科学与技术,纳米科学与工程学院,雁栖湖,https://jwba.ucas.ac.cn/sc/course/courseplan/319973,40,2.00,学科核心课,王杰等,2026-09-02 09:19:27
180212140600P1004H,纳米材料物理特性概论,纳米材料物理特性概论,纳米科学与工程学院,雁栖湖,https://jwba.ucas.ac.cn/sc/course/courseplan/319941,50,2.50,学科核心课,孙连峰等,2026-09-02 09:19:27
180212140600P1006H,纳米尺度理论与计算,纳米尺度理论与计算,纳米科学与工程学院,雁栖湖,https://jwba.ucas.ac.cn/sc/course/courseplan/319984,50,2.50,学科核心课,施兴华等,2026-09-02 09:19:27
180212140600P1007H,纳米光电子学/光子学,纳米光电子学/光子学,纳米科学与工程学院,雁栖湖,https://jwba.ucas.ac.cn/sc/course/courseplan/319939,40,2.00,学科核心课,刘前,2026-09-02 09:19:27
180212140600P1009H,纳米生物学概论,纳米生物学概论,纳米科学与工程学院,雁栖湖,https://jwba.ucas.ac.cn/sc/course/courseplan/319940,50,2.50,学科核心课,梁兴杰等,2026-09-02 09:19:27
180212140600PB001H,学术道德与学术写作规范-分论,学术道德与学术写作规范-分论,纳米科学与工程学院,雁栖湖,https://jwba.ucas.ac.cn/sc/course/courseplan/319962,10,0.50,公共必修课,陈佩佩,2026-09-02 09:19:27
1802121406X1P2001H,纳米药物递送前沿,纳米药物递送前沿,纳米科学与工程学院,雁栖湖,https://jwba.ucas.ac.cn/sc/course/courseplan/319966,40,2.00,专业核心课,李乐乐等,2026-09-02 09:19:27
1802121406X1P2002H,纳米生物检测与成像,纳米生物检测与成像,纳米科学与工程学院,雁栖湖,https://jwba.ucas.ac.cn/sc/course/courseplan/319981,40,2.00,专业核心课,王浩等,2026-09-02 09:19:27
1802121406X1P3001H,医学纳米技术,医学纳米技术,纳米科学与工程学院,雁栖湖,https://jwba.ucas.ac.cn/sc/course/courseplan/319982,40,2.00,专业课,张银龙,2026-09-02 09:19:27
1802121406X1P4001H,纳米生物材料前沿,纳米生物材料前沿,纳米科学与工程学院,雁栖湖,https://jwba.ucas.ac.cn/sc/course/courseplan/319983,20,1.00,研讨课,杨蓉等,2026-09-02 09:19:27
1802121406X2P2002H,复合与耦合纳米能源材料及器件,复合与耦合纳米能源材料及器件,纳米科学与工程学院,雁栖湖,https://jwba.ucas.ac.cn/sc/course/courseplan/319985,40,2.00,专业核心课,杨亚,2026-09-02 09:19:27
1802121406X2P3001H,微纳加工与制造基础,微纳加工与制造基础,纳米科学与工程学院,雁栖湖,https://jwba.ucas.ac.cn/sc/course/courseplan/319956,40,2.00,专业课,褚卫国等,2026-09-02 09:19:27
1802121406X3P2001H,无机纳米功能材料,无机纳米功能材料,纳米科学与工程学院,雁栖湖,https://jwba.ucas.ac.cn/sc/course/courseplan/319971,40,2.00,专业核心课,赵慎龙,2026-09-02 09:19:27
1802121406X3P2003H,自驱动传感与系统概论,自驱动传感与系统概论,纳米科学与工程学院,雁栖湖,https://jwba.ucas.ac.cn/sc/course/courseplan/319974,40,2.00,专业核心课,唐伟等,2026-09-02 09:19:27
1802121406X3P3002H,功能纳米多孔材料,功能纳米多孔材料,纳米科学与工程学院,雁栖湖,https://jwba.ucas.ac.cn/sc/course/courseplan/319986,40,2.00,专业课,韩宝航,2026-09-02 09:19:27
1802121406X3P3007H,纳米表面与界面效应,纳米表面与界面效应,纳米科学与工程学院,雁栖湖,https://jwba.ucas.ac.cn/sc/course/courseplan/319979,40,2.00,专业课,陈岚,2026-09-02 09:19:27
1802121406X4P3001H,固体结构与电子结构：从体相到纳米,固体结构与电子结构：从体相到纳米,纳米科学与工程学院,雁栖湖,https://jwba.ucas.ac.cn/sc/course/courseplan/319959,50,2.50,专业课,贺蒙等,2026-09-02 09:19:27
1802121406X4P3003H,纳米生物界面的物理化学,纳米生物界面的物理化学,纳米科学与工程学院,雁栖湖,https://jwba.ucas.ac.cn/sc/course/courseplan/319978,40,2.00,专业课,季天骄等,2026-09-02 09:19:27
1802121406X4P3005H,等离激元光子学：基础与应用,等离激元光子学：基础与应用,纳米科学与工程学院,雁栖湖,https://jwba.ucas.ac.cn/sc/course/courseplan/319987,40,2.00,专业课,王晓莉,2026-09-02 09:19:27
1802121406X5P2001H,纳米器件与先进加工技术,纳米器件与先进加工技术,纳米科学与工程学院,雁栖湖,https://jwba.ucas.ac.cn/sc/course/courseplan/319988,50,2.50,专业核心课,王振兴等,2026-09-02 09:19:27
1802121406X5P4001H,纳米科学与技术研究进展,纳米科学与技术研究进展,纳米科学与工程学院,雁栖湖,https://jwba.ucas.ac.cn/sc/course/courseplan/319980,20,1.00,研讨课,王杰等,2026-09-02 09:19:27
180213030500PX001H,中华优秀传统文化导论,中华优秀传统文化导论,马克思主义学院,雁栖湖,https://jwba.ucas.ac.cn/sc/course/courseplan/313575,40,1.00,公共选修课,魏建武,2026-09-02 09:19:27
180213030500PX002H,新思想与新科技,新思想与新科技,马克思主义学院,雁栖湖,https://jwba.ucas.ac.cn/sc/course/courseplan/315315,30,1.00,公共选修课,盖逸馨,2026-09-02 09:19:27
180215082500P1001H,内流气动力学基础,内流气动力学基础,星际航行学院,雁栖湖,https://jwba.ucas.ac.cn/sc/course/courseplan/314684,60,3.00,学科核心课,赵庆军等,2026-09-02 09:19:27
180215082500P1002H,航天器轨道姿态动力学与控制,航天器轨道姿态动力学与控制,星际航行学院,雁栖湖,https://jwba.ucas.ac.cn/sc/course/courseplan/314319,60,3.00,学科核心课,李明涛等,2026-09-02 09:19:27
180215082500P1003H,航天器热控制技术原理及其应用,航天器热控制技术原理及其应用,星际航行学院,雁栖湖,https://jwba.ucas.ac.cn/sc/course/courseplan/314318,50,2.50,学科核心课,陈博等,2026-09-02 09:19:27
180215082500P1003Y,航天器热控制技术原理及其应用,航天器热控制技术原理及其应用,星际航行学院,玉泉路,https://jwba.ucas.ac.cn/sc/course/courseplan/318082,50,2.50,学科核心课,陈博等,2026-09-02 09:19:27
180215082500P1004H,叶轮机械原理与内部流动,叶轮机械原理与内部流动,星际航行学院,雁栖湖,https://jwba.ucas.ac.cn/sc/course/courseplan/314248,60,3.00,学科核心课,卢新根等,2026-09-02 09:19:27
180215082501M5001H,航空器飞行动力学,航空器飞行动力学,星际航行学院,雁栖湖,https://jwba.ucas.ac.cn/sc/course/courseplan/314477,30,1.00,实验课,冯慧,2026-09-02 09:19:27
180215082501P2001H,航天器轨道确定与自主导航,航天器轨道确定与自主导航,星际航行学院,雁栖湖,https://jwba.ucas.ac.cn/sc/course/courseplan/314395,40,2.00,专业核心课,舒磊正等,2026-09-02 09:19:27
180215082501P2002H,航天器空间环境效应,航天器空间环境效应,星际航行学院,雁栖湖,https://jwba.ucas.ac.cn/sc/course/courseplan/313721,50,2.50,专业核心课,韩建伟等,2026-09-02 09:19:27
180215082501P2003H,深空智能探测,深空智能探测,星际航行学院,雁栖湖,https://jwba.ucas.ac.cn/sc/course/courseplan/318703,40,2.00,专业核心课,万雪等,2026-09-02 09:19:27
180215082501P3001Y,空间信道编码导论,空间信道编码导论,星际航行学院,玉泉路,https://jwba.ucas.ac.cn/sc/course/courseplan/318072,40,2.00,专业课,路璐,2026-09-02 09:19:27
180215082501P3002H,空间机器人动力学与控制,空间机器人动力学与控制,星际航行学院,雁栖湖,https://jwba.ucas.ac.cn/sc/course/courseplan/314396,50,2.50,专业课,王蜀泉,2026-09-02 09:19:27
180215082501P3005Y,空间高可靠电子系统设计,空间高可靠电子系统设计,星际航行学院,玉泉路,https://jwba.ucas.ac.cn/sc/course/courseplan/315336,40,2.00,专业课,安军社等,2026-09-02 09:19:27
180215082501P3006H,航天工程技术风险识别与控制,航天工程技术风险识别与控制,星际航行学院,雁栖湖,https://jwba.ucas.ac.cn/sc/course/courseplan/318223,40,2.00,专业课,张爱兵等,2026-09-02 09:19:27
180215082501P4001H,航天任务智能规划与调度技术,航天任务智能规划与调度技术,星际航行学院,雁栖湖,https://jwba.ucas.ac.cn/sc/course/courseplan/314077,20,1.00,研讨课,王红飞,2026-09-02 09:19:27
180215082501P4002H,智能故障诊断与健康管理,智能故障诊断与健康管理,星际航行学院,雁栖湖,https://jwba.ucas.ac.cn/sc/course/courseplan/314388,20,1.00,研讨课,伏洪勇等,2026-09-02 09:19:27
180215082501P5001H,航天器抗辐射实验,航天器抗辐射实验,星际航行学院,雁栖湖,https://jwba.ucas.ac.cn/sc/course/courseplan/314685,30,1.00,实验课,马英起等,2026-09-02 09:19:27
180215082501P5001Y,航天器抗辐射实验,航天器抗辐射实验,星际航行学院,玉泉路,https://jwba.ucas.ac.cn/sc/course/courseplan/318570,30,1.00,实验课,马英起等,2026-09-02 09:19:27
180215082502P2001H,航空发动机与燃气轮机结构设计(英文授课),航空发动机与燃气轮机结构设计,星际航行学院,雁栖湖,https://jwba.ucas.ac.cn/sc/course/courseplan/314228,50,2.50,专业核心课,杜强,2026-09-02 09:19:27
180215082502P2002H,航空发动机与燃气轮机传热学,航空发动机与燃气轮机传热学,星际航行学院,雁栖湖,https://jwba.ucas.ac.cn/sc/course/courseplan/314225,60,3.00,专业核心课,李国庆,2026-09-02 09:19:27
180215082502P3001H,吸气式发动机原理,吸气式发动机原理,星际航行学院,雁栖湖,https://jwba.ucas.ac.cn/sc/course/courseplan/314222,60,3.00,专业课,张燕峰等,2026-09-02 09:19:27
180215082502P3006H,星际社会学与治理,星际社会学与治理,星际航行学院,雁栖湖,https://jwba.ucas.ac.cn/sc/course/courseplan/318660,40,2.00,专业课,曹松等,2026-09-02 09:19:27
180215082503P3002H,空间频率轨道资源与国际规则,空间频率轨道资源与国际规则,星际航行学院,雁栖湖,https://jwba.ucas.ac.cn/sc/course/courseplan/318661,40,2.00,专业课,潘冀等,2026-09-02 09:19:27
180215082503P4001H,陶瓷增材制备技术,陶瓷增材制备技术,星际航行学院,雁栖湖,https://jwba.ucas.ac.cn/sc/course/courseplan/314073,20,1.00,研讨课,段文艳,2026-09-02 09:19:27
180215085804P3001H,航空发动机与燃气轮机导论,航空发动机与燃气轮机导论,星际航行学院,雁栖湖,https://jwba.ucas.ac.cn/sc/course/courseplan/314224,60,3.00,专业课,赵胜丰等,2026-09-02 09:19:27
180215140400P1001H,遥感与数字地球前沿,遥感与数字地球前沿,星际航行学院,雁栖湖,https://jwba.ucas.ac.cn/sc/course/courseplan/318491,40,2.00,学科核心课,郭华东等,2026-09-02 09:19:27
180215140400P1002H,光学遥感技术与解译,光学遥感技术与解译,星际航行学院,雁栖湖,https://jwba.ucas.ac.cn/sc/course/courseplan/318609,40,2.00,学科核心课,张兵等,2026-09-02 09:19:27
180215140400P1003H,微波遥感技术与解译,微波遥感技术与解译,星际航行学院,雁栖湖,https://jwba.ucas.ac.cn/sc/course/courseplan/318492,40,2.00,学科核心课,刘广等,2026-09-02 09:19:27
180215140400P1005H,激光雷达遥感方法与技术,激光雷达遥感方法与技术,星际航行学院,雁栖湖,https://jwba.ucas.ac.cn/sc/course/courseplan/318606,40,2.00,学科核心课,聂胜,2026-09-02 09:19:27
180215140400P1007H,植被遥感应用,植被遥感应用,星际航行学院,雁栖湖,https://jwba.ucas.ac.cn/sc/course/courseplan/318493,50,2.50,学科核心课,彭代亮等,2026-09-02 09:19:27
1802151404X1P2001H,遥感真实性检验,遥感真实性检验,星际航行学院,雁栖湖,https://jwba.ucas.ac.cn/sc/course/courseplan/318494,40,2.00,专业核心课,闻建光等,2026-09-02 09:19:27
1802151404X1P2002H,行星遥感,行星遥感,星际航行学院,雁栖湖,https://jwba.ucas.ac.cn/sc/course/courseplan/318607,50,2.50,专业核心课,邸凯昌等,2026-09-02 09:19:27
1802151404X1P3001H,水循环遥感,水循环遥感,星际航行学院,雁栖湖,https://jwba.ucas.ac.cn/sc/course/courseplan/318495,40,2.00,专业课,赵天杰等,2026-09-02 09:19:27
1802151404X1P3002H,森林三维遥感方法与实践,森林三维遥感方法与实践,星际航行学院,雁栖湖,https://jwba.ucas.ac.cn/sc/course/courseplan/318610,40,2.00,专业课,倪文俭,2026-09-02 09:19:27
1802151404X1P4001H,地球物理参数遥感智能反演,地球物理参数遥感智能反演,星际航行学院,雁栖湖,https://jwba.ucas.ac.cn/sc/course/courseplan/318496,20,1.00,研讨课,高彩霞,2026-09-02 09:19:27
1802151404X1P4002H,海洋微波遥感技术与应用,海洋微波遥感技术与应用,星际航行学院,雁栖湖,https://jwba.ucas.ac.cn/sc/course/courseplan/318497,20,1.00,研讨课,朱迪,2026-09-02 09:19:27
1802151404X2P2001H,遥感信息获取工程,遥感信息获取工程,星际航行学院,雁栖湖,https://jwba.ucas.ac.cn/sc/course/courseplan/318604,40,2.00,专业核心课,潘洁等,2026-09-02 09:19:27
1802151404X2P4001H,新型微波遥感传感器技术,新型微波遥感传感器技术,星际航行学院,雁栖湖,https://jwba.ucas.ac.cn/sc/course/courseplan/318498,20,1.00,研讨课,陈龙永,2026-09-02 09:19:27
1802151404X2P4002H,卫星大气微波高光谱遥感,卫星大气微波高光谱遥感,星际航行学院,雁栖湖,https://jwba.ucas.ac.cn/sc/course/courseplan/318499,20,1.00,研讨课,何杰颖,2026-09-02 09:19:27
1802151404X2P4003H,微波遥感系统半实物仿真与实验,微波遥感系统半实物仿真与实验,星际航行学院,雁栖湖,https://jwba.ucas.ac.cn/sc/course/courseplan/318503,20,1.00,研讨课,张祥坤,2026-09-02 09:19:27
1802151404X3P2001H,遥感时谱理论及应用,遥感时谱理论及应用,星际航行学院,雁栖湖,https://jwba.ucas.ac.cn/sc/course/courseplan/318506,40,2.00,专业核心课,张立福,2026-09-02 09:19:27
1802151404X3P4001H,遥感数据质量提升,遥感数据质量提升,星际航行学院,雁栖湖,https://jwba.ucas.ac.cn/sc/course/courseplan/318507,20,1.00,研讨课,高海亮,2026-09-02 09:19:27
1802151404X4P2001H,全球变化遥感,全球变化遥感,星际航行学院,雁栖湖,https://jwba.ucas.ac.cn/sc/course/courseplan/318608,50,2.50,专业核心课,王力等,2026-09-02 09:19:27
1802151404X4P3001H,城市遥感,城市遥感,星际航行学院,雁栖湖,https://jwba.ucas.ac.cn/sc/course/courseplan/318513,60,3.00,专业课,孟庆岩,2026-09-02 09:19:27
1802151404X4P3002H,灾害遥感,灾害遥感,星际航行学院,雁栖湖,https://jwba.ucas.ac.cn/sc/course/courseplan/318605,40,2.00,专业课,陈方等,2026-09-02 09:19:27
1802151404X4P3003H,农业定量遥感,农业定量遥感,星际航行学院,雁栖湖,https://jwba.ucas.ac.cn/sc/course/courseplan/318521,40,2.00,专业课,黄文江等,2026-09-02 09:19:27
1802151404X4P3004H,地矿遥感,地矿遥感,星际航行学院,雁栖湖,https://jwba.ucas.ac.cn/sc/course/courseplan/318524,40,2.00,专业课,魏永明等,2026-09-02 09:19:27
1802151404X4P3005H,可持续发展目标评估遥感方法,可持续发展目标评估遥感方法,星际航行学院,雁栖湖,https://jwba.ucas.ac.cn/sc/course/courseplan/318526,40,2.00,专业课,李晓松等,2026-09-02 09:19:27
1802151404X4P4001H,温室气体遥感技术,温室气体遥感技术,星际航行学院,雁栖湖,https://jwba.ucas.ac.cn/sc/course/courseplan/318529,20,1.00,研讨课,石玉胜,2026-09-02 09:19:27
1802151404X4P4002H,遥感应用学概论,遥感应用学概论,星际航行学院,雁栖湖,https://jwba.ucas.ac.cn/sc/course/courseplan/318532,20,1.00,研讨课,余涛,2026-09-02 09:19:27
1802151404X4P4003H,冰冻圈微波遥感技术与应用,冰冻圈微波遥感技术与应用,星际航行学院,雁栖湖,https://jwba.ucas.ac.cn/sc/course/courseplan/318538,20,1.00,研讨课,林长贵,2026-09-02 09:19:27
1802151404X4P4004H,地球与行星大气遥感,地球与行星大气遥感,星际航行学院,雁栖湖,https://jwba.ucas.ac.cn/sc/course/courseplan/318543,20,1.00,研讨课,许健,2026-09-02 09:19:27
1802290812Z1P2006H,密码学原理与技术,密码学原理与技术,密码学院,雁栖湖,https://jwba.ucas.ac.cn/sc/course/courseplan/315352,60,3.00,专业核心课,张斌等,2026-09-02 09:19:27
1802290812Z1P2007H,网络密码协议,网络密码协议,密码学院,雁栖湖,https://jwba.ucas.ac.cn/sc/course/courseplan/318438,60,3.00,专业核心课,徐静等,2026-09-02 09:19:27
1802290812Z1P3005H,安全多方计算,安全多方计算,密码学院,雁栖湖,https://jwba.ucas.ac.cn/sc/course/courseplan/315137,60,3.00,专业课,杨糠,2026-09-02 09:19:27
1802290812Z1P3006H,密码分析理论与技术,密码分析理论与技术,密码学院,雁栖湖,https://jwba.ucas.ac.cn/sc/course/courseplan/318089,40,2.00,专业课,王鹏等,2026-09-02 09:19:27
180229145200M1001Y,密码学原理与应用,密码学原理与应用,密码学院,玉泉路,https://jwba.ucas.ac.cn/sc/course/courseplan/315353,60,3.00,学科核心课,孙思维等,2026-09-02 09:19:27
180229145200M3001Y,现代密码分析,现代密码分析,密码学院,玉泉路,https://jwba.ucas.ac.cn/sc/course/courseplan/315355,40,2.00,专业课,孙思维等,2026-09-02 09:19:27
180229145200M3005Y,密码算法工程实现,密码算法工程实现,密码学院,玉泉路,https://jwba.ucas.ac.cn/sc/course/courseplan/315356,40,2.00,专业课,马原等,2026-09-02 09:19:27
180229145200M3006Y,密码测评技术与应用,密码测评技术与应用,密码学院,玉泉路,https://jwba.ucas.ac.cn/sc/course/courseplan/315357,40,2.00,专业课,马原等,2026-09-02 09:19:27
180229145200M3008Y,网络安全技术,网络安全技术,密码学院,玉泉路,https://jwba.ucas.ac.cn/sc/course/courseplan/315354,40,2.00,专业课,龙春等,2026-09-02 09:19:27
180229145200M4002Y,密码政策与管理,密码政策与管理,密码学院,玉泉路,https://jwba.ucas.ac.cn/sc/course/courseplan/318091,20,1.00,研讨课,王跃武,2026-09-02 09:19:27
180232085600PB002H,学术道德与学术写作规范-分论,学术道德与学术写作规范-分论,现代产业学院,雁栖湖,https://jwba.ucas.ac.cn/sc/course/courseplan/315128,10,0.50,公共必修课,卢涛,2026-09-02 09:19:27
180232085600PB002Y,学术道德与学术写作规范-分论,学术道德与学术写作规范-分论,现代产业学院,玉泉路,https://jwba.ucas.ac.cn/sc/course/courseplan/315267,10,0.50,公共必修课,卢涛,2026-09-02 09:19:27
180232085602P3008H,过程工业智能化基础与实践,过程工业智能化基础与实践,现代产业学院,雁栖湖,https://jwba.ucas.ac.cn/sc/course/courseplan/319833,40,2.00,专业课,葛蔚等,2026-09-02 09:19:27
180232120100MX014Y,创业企业经营决策模拟,创业企业经营决策模拟,现代产业学院,玉泉路,https://jwba.ucas.ac.cn/sc/course/courseplan/315155,30,1.00,公共选修课,卢涛,2026-09-02 09:19:27
180232125601M3036Y,技术转移理论与应用,技术转移理论与应用,现代产业学院,玉泉路,https://jwba.ucas.ac.cn/sc/course/courseplan/315285,40,2.00,专业课,霍国庆,2026-09-02 09:19:27
180232125601M4003Y,科技成果转化案例研讨,科技成果转化案例研讨,现代产业学院,玉泉路,https://jwba.ucas.ac.cn/sc/course/courseplan/315284,20,1.00,研讨课,刘海波,2026-09-02 09:19:27
180233081301PX001H,中国建筑概论,中国建筑概论,人居科学学院,雁栖湖,https://jwba.ucas.ac.cn/sc/course/courseplan/314515,30,1.00,公共选修课,陈晓红,2026-09-02 09:19:27
180233081301PX001Y,中国建筑概论,中国建筑概论,人居科学学院,玉泉路,https://jwba.ucas.ac.cn/sc/course/courseplan/315342,30,1.00,公共选修课,陈晓红,2026-09-02 09:19:27
180233081301PX002H,中国民居建筑艺术概论,中国民居建筑艺术概论,人居科学学院,雁栖湖,https://jwba.ucas.ac.cn/sc/course/courseplan/314514,30,1.00,公共选修课,吴艳,2026-09-02 09:19:27
180233081301PX003H,建筑技术与艺术简史,建筑技术与艺术简史,人居科学学院,雁栖湖,https://jwba.ucas.ac.cn/sc/course/courseplan/314513,30,1.00,公共选修课,王一钧,2026-09-02 09:19:27
180233081301PX004H,超级工程概论,超级工程概论,人居科学学院,雁栖湖,https://jwba.ucas.ac.cn/sc/course/courseplan/314510,30,1.00,公共选修课,彭相国,2026-09-02 09:19:27
180233081301PX004Y,超级工程概论,超级工程概论,人居科学学院,玉泉路,https://jwba.ucas.ac.cn/sc/course/courseplan/315339,30,1.00,公共选修课,彭相国,2026-09-02 09:19:27
180233081302PX001H,世界遗产城市,世界遗产城市,人居科学学院,雁栖湖,https://jwba.ucas.ac.cn/sc/course/courseplan/314511,30,1.00,公共选修课,王大伟,2026-09-02 09:19:27
180233081304PX001H,生态城市与绿色建筑,生态城市与绿色建筑,人居科学学院,雁栖湖,https://jwba.ucas.ac.cn/sc/course/courseplan/314512,30,1.00,公共选修课,王大伟,2026-09-02 09:19:27
1802331301X1PX001H,美学与中国传统文化,美学与中国传统文化,人居科学学院,雁栖湖,https://jwba.ucas.ac.cn/sc/course/courseplan/314478,30,1.00,公共选修课,王艳,2026-09-02 09:19:27
1802331301X2MX003H,音乐基础修养,音乐基础修养,人居科学学院,雁栖湖,https://jwba.ucas.ac.cn/sc/course/courseplan/318455,40,1.00,公共选修课,陈碧荷,2026-09-02 09:19:27
1802331301X2PX002H,民族器乐理论与实践,民族器乐理论与实践,人居科学学院,雁栖湖,https://jwba.ucas.ac.cn/sc/course/courseplan/318456,40,1.00,公共选修课,陈碧荷,2026-09-02 09:19:27
1802331301X2PX003H,舞蹈鉴赏与体验,舞蹈鉴赏与体验,人居科学学院,雁栖湖,https://jwba.ucas.ac.cn/sc/course/courseplan/314473,40,1.00,公共选修课,牛锡桐,2026-09-02 09:19:27
1802331301X2PX004H,中国舞蹈基础,中国舞蹈基础,人居科学学院,雁栖湖,https://jwba.ucas.ac.cn/sc/course/courseplan/314474,40,1.00,公共选修课,牛锡桐,2026-09-02 09:19:27
1802331301X2PX006Y,中国艺术歌曲与嗓音科学训练,中国艺术歌曲与嗓音科学训练,人居科学学院,玉泉路,https://jwba.ucas.ac.cn/sc/course/courseplan/315347,40,1.00,公共选修课,李哲夫,2026-09-02 09:19:27
1802331301X2PX008H,音乐技术：笔记本乐队,音乐技术：笔记本乐队,人居科学学院,雁栖湖,https://jwba.ucas.ac.cn/sc/course/courseplan/314502,30,1.00,公共选修课,Kenneth Fields,2026-09-02 09:19:27
1802331301X2PX012H-01,科学艺术融合微课：钢琴演奏艺术大师班-1班,科学艺术融合微课：钢琴演奏艺术大师班-1班,人居科学学院,雁栖湖,https://jwba.ucas.ac.cn/sc/course/courseplan/319095,9,0.50,公共选修课,李晨音,2026-09-02 09:19:27
1802331301X4PX001H,戏曲欣赏与演出实践,戏曲欣赏与演出实践,人居科学学院,雁栖湖,https://jwba.ucas.ac.cn/sc/course/courseplan/314479,40,1.00,公共选修课,封杰,2026-09-02 09:19:27
1802331301X5PX002H,中国美术鉴赏,中国美术鉴赏,人居科学学院,雁栖湖,https://jwba.ucas.ac.cn/sc/course/courseplan/314471,30,1.00,公共选修课,徐铭,2026-09-02 09:19:27
1802331301X5PX003H,书法研修及应用,书法研修及应用,人居科学学院,雁栖湖,https://jwba.ucas.ac.cn/sc/course/courseplan/314472,30,1.00,公共选修课,王渭田,2026-09-02 09:19:27
1802331301X5PX004H,从古典到当代的艺术之旅,从古典到当代的艺术之旅,人居科学学院,雁栖湖,https://jwba.ucas.ac.cn/sc/course/courseplan/314475,40,1.00,公共选修课,ZHU WEI,2026-09-02 09:19:27
1802331301X5PX009H-01,陶艺创新实践一班,陶艺创新实践一班,人居科学学院,雁栖湖,https://jwba.ucas.ac.cn/sc/course/courseplan/318516,40,1.00,公共选修课,崔岩山等,2026-09-02 09:19:27
1802331301X5PX009H-02,陶艺创新实践二班,陶艺创新实践二班,人居科学学院,雁栖湖,https://jwba.ucas.ac.cn/sc/course/courseplan/318518,40,1.00,公共选修课,崔岩山等,2026-09-02 09:19:27
1802331301X5PX009H-03,陶艺创新实践三班,陶艺创新实践三班,人居科学学院,雁栖湖,https://jwba.ucas.ac.cn/sc/course/courseplan/318519,40,1.00,公共选修课,崔岩山等,2026-09-02 09:19:27
1802331301X5PX009H-04,陶艺创新实践四班,陶艺创新实践四班,人居科学学院,雁栖湖,https://jwba.ucas.ac.cn/sc/course/courseplan/318520,40,1.00,公共选修课,崔岩山等,2026-09-02 09:19:27
18023399J100P1001Z,人居科学导论,人居科学导论,人居科学学院,中关村,https://jwba.ucas.ac.cn/sc/course/courseplan/314882,50,2.50,学科核心课,樊杰等,2026-09-02 09:19:27
18023399J1X1P4001Z,城市复兴与乡村振兴理论与实践,城市复兴与乡村振兴理论与实践,人居科学学院,中关村,https://jwba.ucas.ac.cn/sc/course/courseplan/314883,20,1.00,研讨课,吴晨等,2026-09-02 09:19:27
18023399J1X2P2001Z,建筑与城市设计I-建筑设计,建筑与城市设计I-建筑设计,人居科学学院,中关村,https://jwba.ucas.ac.cn/sc/course/courseplan/314885,40,2.00,专业核心课,周宇舫等,2026-09-02 09:19:27
18023399J1X2P4001Z,建筑历史与理论,建筑历史与理论,人居科学学院,中关村,https://jwba.ucas.ac.cn/sc/course/courseplan/314884,20,1.00,研讨课,王贵祥等,2026-09-02 09:19:27
180234070200P1006H,量子物质与量子信息前沿,量子物质与量子信息前沿,前沿交叉科学学院,雁栖湖,https://jwba.ucas.ac.cn/sc/course/courseplan/315350,60,3.00,学科核心课,张龙等,2026-09-02 09:19:27
180234070200P1007H,量子信息,量子信息,前沿交叉科学学院,雁栖湖,https://jwba.ucas.ac.cn/sc/course/courseplan/315349,60,3.00,学科核心课,范桁等,2026-09-02 09:19:27
180234071000P3008H,工程生物学与先进生物制造,工程生物学与先进生物制造,前沿交叉科学学院,雁栖湖,https://jwba.ucas.ac.cn/sc/course/courseplan/319036,40,2.00,专业课,张燕飞等,2026-09-02 09:19:27
180234081200P1007H,人工智能原理：模型与算法,人工智能原理：模型与算法,前沿交叉科学学院,雁栖湖,https://jwba.ucas.ac.cn/sc/course/courseplan/315135,60,3.00,学科核心课,缪青海,2026-09-02 09:19:27
180234081200P1009H,机器学习(英文授课),机器学习,前沿交叉科学学院,雁栖湖,https://jwba.ucas.ac.cn/sc/course/courseplan/315348,40,2.00,学科核心课,张同,2026-09-02 09:19:27
180234081200P1010H,人工智能基础数学理论和算法,人工智能基础数学理论和算法,前沿交叉科学学院,雁栖湖,https://jwba.ucas.ac.cn/sc/course/courseplan/318677,60,3.00,学科核心课,韩丛英等,2026-09-02 09:19:27
180234081200P3002H,脑认知机理与计算模型,脑认知机理与计算模型,前沿交叉科学学院,雁栖湖,https://jwba.ucas.ac.cn/sc/course/courseplan/318678,40,2.00,专业课,徐春等,2026-09-02 09:19:27
180234081200P3004H,生成式模型与科学智能应用,生成式模型与科学智能应用,前沿交叉科学学院,雁栖湖,https://jwba.ucas.ac.cn/sc/course/courseplan/319037,40,2.00,专业课,刘云帆,2026-09-02 09:19:27
180234081200PB002H,学术道德与学术写作规范-分论,学术道德与学术写作规范-分论,前沿交叉科学学院,雁栖湖,https://jwba.ucas.ac.cn/sc/course/courseplan/318531,10,0.50,公共必修课,孙睿,2026-09-02 09:19:27
180234140100P1004H,半导体物理与器件物理,半导体物理与器件物理,前沿交叉科学学院,雁栖湖,https://jwba.ucas.ac.cn/sc/course/courseplan/315133,60,3.00,学科核心课,王盛凯等,2026-09-02 09:19:27
180234140100P1005H,高等集成电路设计与EDA,高等集成电路设计与EDA,前沿交叉科学学院,雁栖湖,https://jwba.ucas.ac.cn/sc/course/courseplan/315134,60,3.00,学科核心课,杨尊松等,2026-09-02 09:19:27
180234140100P1006H,先进集成电路制造工艺,先进集成电路制造工艺,前沿交叉科学学院,雁栖湖,https://jwba.ucas.ac.cn/sc/course/courseplan/315136,60,3.00,学科核心课,李永亮等,2026-09-02 09:19:27
180234140100P4014H,半导体光电子器件与智能技术,半导体光电子器件与智能技术,前沿交叉科学学院,雁栖湖,https://jwba.ucas.ac.cn/sc/course/courseplan/319038,20,1.00,研讨课,仲莉,2026-09-02 09:19:27
18087B025100M1001Y,财务报表分析(金融专硕),财务报表分析,MBA,玉泉路,https://jwba.ucas.ac.cn/sc/course/courseplan/315280,48,3.00,学科核心课,王冬梅,2026-09-02 09:19:27
18087B025100M1002Y,投资学(金融专硕),投资学,MBA,玉泉路,https://jwba.ucas.ac.cn/sc/course/courseplan/315283,48,3.00,学科核心课,杨海珍,2026-09-02 09:19:27
18087B025100M1004Y,衍生金融工具(金融专硕),衍生金融工具,MBA,玉泉路,https://jwba.ucas.ac.cn/sc/course/courseplan/318300,48,3.00,学科核心课,郭琨,2026-09-02 09:19:27
18087B025100M3013Y,金融风险管理(金融专硕),金融风险管理,MBA,玉泉路,https://jwba.ucas.ac.cn/sc/course/courseplan/319162,32,2.00,专业课,房勇,2026-09-02 09:19:27
18087B025100M3026Y,金融大数据与机器学习(金融专硕),金融大数据与机器学习,MBA,玉泉路,https://jwba.ucas.ac.cn/sc/course/courseplan/315278,32,2.00,专业课,牛凌峰,2026-09-02 09:19:27
18087B025100M3033Y,金融统计分析与应用(金融专硕),金融统计分析与应用,MBA,玉泉路,https://jwba.ucas.ac.cn/sc/course/courseplan/315297,32,2.00,专业课,龙文,2026-09-02 09:19:27
18087B025100M7002Y,金融市场实务(金融专硕),金融市场实务,MBA,玉泉路,https://jwba.ucas.ac.cn/sc/course/courseplan/315279,16,1.00,科学前沿讲座,吕萍等,2026-09-02 09:19:27
18087B050200MB002Y,英语（金融专硕）,英语（金融专硕）,MBA,玉泉路,https://jwba.ucas.ac.cn/sc/course/courseplan/315282,48,3.00,公共必修课,李兰欣,2026-09-02 09:19:27
18087B125100M1001Y,商务英语A(MBA脱产),商务英语A,MBA,玉泉路,https://jwba.ucas.ac.cn/sc/course/courseplan/315274,32,2.00,学科核心课,李兰欣,2026-09-02 09:19:27
18087B125100M1003Y,组织行为学(MBA脱产),组织行为学,MBA,玉泉路,https://jwba.ucas.ac.cn/sc/course/courseplan/315338,32,2.00,学科核心课,杨朦晰,2026-09-02 09:19:27
18087B125100M1003Z-F,组织行为学(MBA全日制集中),组织行为学,MBA,中关村,https://jwba.ucas.ac.cn/sc/course/courseplan/316166,32,2.00,学科核心课,ZHU XIUMEI,2026-09-02 09:19:27
18087B125100M1003Z-Z,组织行为学(MBA综合、金融),组织行为学,MBA,中关村,https://jwba.ucas.ac.cn/sc/course/courseplan/316168,32,2.00,学科核心课,汤超颖,2026-09-02 09:19:27
18087B125100M1004Z-F,数据模型与决策(MBA全日制集中),数据模型与决策,MBA,中关村,https://jwba.ucas.ac.cn/sc/course/courseplan/316164,32,2.00,学科核心课,李秀婷,2026-09-02 09:19:27
18087B125100M1004Z-P,数据模型与决策(MBA非全日制集中),数据模型与决策,MBA,中关村,https://jwba.ucas.ac.cn/sc/course/courseplan/316163,32,2.00,学科核心课,房勇,2026-09-02 09:19:27
18087B125100M1004Z-S,数据模型与决策(MBA人工智能、数字化转型与数字化创业),数据模型与决策,MBA,中关村,https://jwba.ucas.ac.cn/sc/course/courseplan/316160,32,2.00,学科核心课,龙文,2026-09-02 09:19:27
18087B125100M1004Z-T,数据模型与决策(MBA脱产),数据模型与决策,MBA,中关村,https://jwba.ucas.ac.cn/sc/course/courseplan/316165,32,2.00,学科核心课,邓智斌,2026-09-02 09:19:27
18087B125100M1004Z-Z,数据模型与决策(MBA综合、金融),数据模型与决策,MBA,中关村,https://jwba.ucas.ac.cn/sc/course/courseplan/316162,32,2.00,学科核心课,房勇,2026-09-02 09:19:27
18087B125100M1005Z-F,会计学(MBA全日制集中),会计学,MBA,中关村,https://jwba.ucas.ac.cn/sc/course/courseplan/316155,32,2.00,学科核心课,肖建华,2026-09-02 09:19:27
18087B125100M1005Z-P,会计学(MBA非全日制集中),会计学,MBA,中关村,https://jwba.ucas.ac.cn/sc/course/courseplan/316158,32,2.00,学科核心课,王冬梅,2026-09-02 09:19:27
18087B125100M1005Z-S,会计学(MBA人工智能、数字化转型与数字化创业),会计学,MBA,中关村,https://jwba.ucas.ac.cn/sc/course/courseplan/316159,32,2.00,学科核心课,徐中平,2026-09-02 09:19:27
18087B125100M1005Z-T,会计学(MBA脱产),会计学,MBA,中关村,https://jwba.ucas.ac.cn/sc/course/courseplan/316154,32,2.00,学科核心课,肖建华,2026-09-02 09:19:27
18087B125100M1005Z-Z,会计学(MBA综合、金融),会计学,MBA,中关村,https://jwba.ucas.ac.cn/sc/course/courseplan/316156,32,2.00,学科核心课,王冬梅,2026-09-02 09:19:27
18087B125100M1006Z-F,管理经济学(MBA全日制集中),管理经济学,MBA,中关村,https://jwba.ucas.ac.cn/sc/course/courseplan/316150,32,2.00,学科核心课,许健,2026-09-02 09:19:27
18087B125100M1006Z-P,管理经济学(MBA非全日制集中),管理经济学,MBA,中关村,https://jwba.ucas.ac.cn/sc/course/courseplan/316151,32,2.00,学科核心课,许健,2026-09-02 09:19:27
18087B125100M1006Z-S,管理经济学(MBA人工智能、数字化转型与数字化创业),管理经济学,MBA,中关村,https://jwba.ucas.ac.cn/sc/course/courseplan/316153,32,2.00,学科核心课,刘颖,2026-09-02 09:19:27
18087B125100M1006Z-T,管理经济学(MBA脱产),管理经济学,MBA,中关村,https://jwba.ucas.ac.cn/sc/course/courseplan/316148,32,2.00,学科核心课,田开兰,2026-09-02 09:19:27
18087B125100M1006Z-Z,管理经济学(MBA综合、金融),管理经济学,MBA,中关村,https://jwba.ucas.ac.cn/sc/course/courseplan/316149,32,2.00,学科核心课,刘颖,2026-09-02 09:19:27
18087B125100M1007Y,战略管理(MBA脱产),战略管理,MBA,玉泉路,https://jwba.ucas.ac.cn/sc/course/courseplan/315275,32,2.00,学科核心课,徐艳梅,2026-09-02 09:19:27
18087B125100M1007Z-F,战略管理(MBA全日制集中),战略管理,MBA,中关村,https://jwba.ucas.ac.cn/sc/course/courseplan/315928,32,2.00,学科核心课,乔晗,2026-09-02 09:19:27
18087B125100M1007Z-Z,战略管理(MBA综合、金融),战略管理,MBA,中关村,https://jwba.ucas.ac.cn/sc/course/courseplan/315927,32,2.00,学科核心课,吕萍,2026-09-02 09:19:27
18087B125100M1008Y,管理信息系统(MBA脱产),管理信息系统,MBA,玉泉路,https://jwba.ucas.ac.cn/sc/course/courseplan/315276,32,2.00,学科核心课,张玲玲,2026-09-02 09:19:27
18087B125100M1009Z-P25级,运营管理(MBA25级非全日集中),运营管理,MBA,中关村,https://jwba.ucas.ac.cn/sc/course/courseplan/318431,32,2.00,学科核心课,朱晓燕,2026-09-02 09:19:27
18087B125100M1010Z-P25级,市场营销(MBA25级非全日制集中),市场营销,MBA,中关村,https://jwba.ucas.ac.cn/sc/course/courseplan/315926,32,2.00,学科核心课,张莎,2026-09-02 09:19:27
18087B125100M1010Z-T,市场营销(MBA脱产),市场营销,MBA,中关村,https://jwba.ucas.ac.cn/sc/course/courseplan/315925,32,2.00,学科核心课,张茜,2026-09-02 09:19:27
18087B125100M1011Z-P25级,公司理财(MBA25级非全日制集中),公司理财,MBA,中关村,https://jwba.ucas.ac.cn/sc/course/courseplan/318433,32,2.00,学科核心课,张矢的,2026-09-02 09:19:27
18087B125100M3002Z,综合素质(MBA综合、金融、人工智能、数字化转型与数字化创业、脱产),综合素质,MBA,中关村,https://jwba.ucas.ac.cn/sc/course/courseplan/313525,32,2.00,专业课,许健,2026-09-02 09:19:27
18087B125100M3007Z,投资银行实务(MBA综合、金融、脱产),投资银行实务,MBA,中关村,https://jwba.ucas.ac.cn/sc/course/courseplan/313527,16,1.00,专业课,许婉宁,2026-09-02 09:19:27
18087B125100M3008Z,股权投资基金实务(MBA综合、金融、脱产),股权投资基金实务,MBA,中关村,https://jwba.ucas.ac.cn/sc/course/courseplan/313545,16,1.00,专业课,袁中一,2026-09-02 09:19:27
18087B125100M3012Z,时间序列分析(MBA全体),时间序列分析,MBA,中关村,https://jwba.ucas.ac.cn/sc/course/courseplan/313526,16,1.00,专业课,胡毅,2026-09-02 09:19:27
18087B125100M3023Z,天使投资(MBA全体),天使投资,MBA,中关村,https://jwba.ucas.ac.cn/sc/course/courseplan/313528,16,1.00,专业课,龙文,2026-09-02 09:19:27
18087B125100M3029Z,企业知识产权管理(MBA全体),企业知识产权管理,MBA,中关村,https://jwba.ucas.ac.cn/sc/course/courseplan/313546,16,1.00,专业课,战飞扬,2026-09-02 09:19:27
18087B125100M3038Z,人工智能导论与前沿(MBA人工智能),人工智能导论与前沿,MBA,中关村,https://jwba.ucas.ac.cn/sc/course/courseplan/313529,32,2.00,专业课,吕宜生等,2026-09-02 09:19:27
18087B125100M3039Z,人工智能程序设计（Python）(MBA全体),人工智能程序设计（Python）,MBA,中关村,https://jwba.ucas.ac.cn/sc/course/courseplan/313547,32,2.00,专业课,顾立平,2026-09-02 09:19:27
18087B125100M3040Z,机器学习（上）(MBA人工智能、数字化转型与数字化创业),机器学习（上）,MBA,中关村,https://jwba.ucas.ac.cn/sc/course/courseplan/313530,32,2.00,专业课,田英杰,2026-09-02 09:19:27
18087B125100M3042Z,数据挖掘与商务智能(MBA全体),数据挖掘与商务智能,MBA,中关村,https://jwba.ucas.ac.cn/sc/course/courseplan/313531,16,1.00,专业课,牛凌峰,2026-09-02 09:19:27
18087B125100M3043Z,领域大数据系列讲座(MBA全体),领域大数据系列讲座,MBA,中关村,https://jwba.ucas.ac.cn/sc/course/courseplan/313532,32,2.00,专业课,田英杰,2026-09-02 09:19:27
18087B125100M3048Z,数字经济概论(MBA人工智能、数字化转型与数字化创业),数字经济概论,MBA,中关村,https://jwba.ucas.ac.cn/sc/course/courseplan/313533,32,2.00,专业课,孙毅,2026-09-02 09:19:27
18087B125100M3053Z,基于思维训练的MBA写作(MBA综合、金融、脱产),基于思维训练的MBA写作,MBA,中关村,https://jwba.ucas.ac.cn/sc/course/courseplan/313534,32,2.00,专业课,汤超颖,2026-09-02 09:19:27
18087B125100M3054Z,国际企业管理(MBA全体),国际企业管理,MBA,中关村,https://jwba.ucas.ac.cn/sc/course/courseplan/313535,16,1.00,专业课,吕萍,2026-09-02 09:19:27
18087B125100M3055Z,项目管理(MBA全体),项目管理,MBA,中关村,https://jwba.ucas.ac.cn/sc/course/courseplan/313536,32,2.00,专业课,张玲玲,2026-09-02 09:19:27
18087B125100M3057Z,广告市场原理及实践(MBA全日制集中、脱产),广告市场原理及实践,MBA,中关村,https://jwba.ucas.ac.cn/sc/course/courseplan/313548,32,2.00,专业课,张茜,2026-09-02 09:19:27
18087B125100M3058Z,企业并购与重组实务(MBA全体),企业并购与重组实务,MBA,中关村,https://jwba.ucas.ac.cn/sc/course/courseplan/313538,32,2.00,专业课,栾大龙,2026-09-02 09:19:27
18087B125100M3059Z,风险与私募股权投资(MBA全体),风险与私募股权投资,MBA,中关村,https://jwba.ucas.ac.cn/sc/course/courseplan/313539,32,2.00,专业课,张矢的,2026-09-02 09:19:27
18087B125100M3061Z,人力资源管理(MBA全体),人力资源管理,MBA,中关村,https://jwba.ucas.ac.cn/sc/course/courseplan/313549,32,2.00,专业课,张银昆,2026-09-02 09:19:27
18087B125100M3063Z,公司合规管理(MBA全体),公司合规管理,MBA,中关村,https://jwba.ucas.ac.cn/sc/course/courseplan/318450,16,1.00,专业课,赵云珂,2026-09-02 09:19:27
18087B125100M3077Z,虚拟商务(MBA综合、金融、脱产),虚拟商务,MBA,中关村,https://jwba.ucas.ac.cn/sc/course/courseplan/313537,32,2.00,专业课,韩永生等,2026-09-02 09:19:27
18087B125100M3081Z,设计思维(MBA数字化转型与数字化创业、综合、金融、脱产),设计思维,MBA,中关村,https://jwba.ucas.ac.cn/sc/course/courseplan/314563,32,2.00,专业课,梁洪力,2026-09-02 09:19:27
18087B125100M3088Z,计量经济学(MBA全体),计量经济学,MBA,中关村,https://jwba.ucas.ac.cn/sc/course/courseplan/314564,32,2.00,专业课,许健,2026-09-02 09:19:27
18087B125100M5001Y,企业经营模拟(MBA脱产),企业经营模拟,MBA,玉泉路,https://jwba.ucas.ac.cn/sc/course/courseplan/315277,32,2.00,实验课,卢涛,2026-09-02 09:19:27
18087B125100M5001Z-P25级,企业经营模拟(MBA25级非全日制集中),企业经营模拟,MBA,中关村,https://jwba.ucas.ac.cn/sc/course/courseplan/318437,32,2.00,实验课,彭赓,2026-09-02 09:19:27
18096P035400M1005Z,知识产权法,知识产权法,MPA/MIP,中关村,https://jwba.ucas.ac.cn/sc/course/courseplan/318231,32,2.00,学科核心课,阎文军等,2026-09-02 09:19:27
18096P035400M1006Z-(01),民法总论（1班）,民法总论（1班）,MPA/MIP,中关村,https://jwba.ucas.ac.cn/sc/course/courseplan/318748,32,2.00,学科核心课,罗先觉,2026-09-02 09:19:27
18096P035400M1006Z-(02),民法总论（2班）,民法总论（2班）,MPA/MIP,中关村,https://jwba.ucas.ac.cn/sc/course/courseplan/318749,32,2.00,学科核心课,罗先觉,2026-09-02 09:19:27
18096P035400M1007Z-(01),知识产权管理（1班）,知识产权管理（1班）,MPA/MIP,中关村,https://jwba.ucas.ac.cn/sc/course/courseplan/318750,32,2.00,学科核心课,刘海波等,2026-09-02 09:19:27
18096P035400M1007Z-(02),知识产权管理（2班）,知识产权管理（2班）,MPA/MIP,中关村,https://jwba.ucas.ac.cn/sc/course/courseplan/318751,32,2.00,学科核心课,刘海波等,2026-09-02 09:19:27
18096P035400M1008Z,知识产权检索,知识产权检索,MPA/MIP,中关村,https://jwba.ucas.ac.cn/sc/course/courseplan/318234,32,2.00,学科核心课,赵亚娟等,2026-09-02 09:19:27
18096P035400M3017Z,知识产权经典文献,知识产权经典文献,MPA/MIP,中关村,https://jwba.ucas.ac.cn/sc/course/courseplan/318230,16,1.00,专业课,刘海波,2026-09-02 09:19:27
18096P035400M3032Z,科技法,科技法,MPA/MIP,中关村,https://jwba.ucas.ac.cn/sc/course/courseplan/318222,32,2.00,专业课,唐素琴等,2026-09-02 09:19:27
18096P035400M3034Z,技术创新管理,技术创新管理,MPA/MIP,中关村,https://jwba.ucas.ac.cn/sc/course/courseplan/318229,32,2.00,专业课,张亚峰,2026-09-02 09:19:27
18096P035400M3035Z,国际知识产权保护与利用,国际知识产权保护与利用,MPA/MIP,中关村,https://jwba.ucas.ac.cn/sc/course/courseplan/318227,16,1.00,专业课,尹锋林,2026-09-02 09:19:27
18096P035400M3038Z-(01),质性研究（1班）,质性研究（1班）,MPA/MIP,中关村,https://jwba.ucas.ac.cn/sc/course/courseplan/318753,16,1.00,专业课,孙茜,2026-09-02 09:19:27
18096P035400M3038Z-(02),质性研究（2班）,质性研究（2班）,MPA/MIP,中关村,https://jwba.ucas.ac.cn/sc/course/courseplan/318755,16,1.00,专业课,孙茜,2026-09-02 09:19:27
18096P035400M3039Z-(01),定量研究方法（1班）,定量研究方法（1班）,MPA/MIP,中关村,https://jwba.ucas.ac.cn/sc/course/courseplan/318757,16,1.00,专业课,吕晨,2026-09-02 09:19:27
18096P035400M3039Z-(02),定量研究方法（2班）,定量研究方法（2班）,MPA/MIP,中关村,https://jwba.ucas.ac.cn/sc/course/courseplan/318759,16,1.00,专业课,吕晨,2026-09-02 09:19:27
18096P035400M3041Z-(02),技术合同实务(2班）,技术合同实务(2班）,MPA/MIP,中关村,https://jwba.ucas.ac.cn/sc/course/courseplan/318747,16,1.00,专业课,李玲娟,2026-09-02 09:19:27
18096P035400M3041Z-01,技术合同实务（1班）,技术合同实务（1班）,MPA/MIP,中关村,https://jwba.ucas.ac.cn/sc/course/courseplan/318745,16,1.00,专业课,李玲娟,2026-09-02 09:19:27
18096P035400M7001Z,知识产权与科技创新前沿系列讲座,知识产权与科技创新前沿系列讲座,MPA/MIP,中关村,https://jwba.ucas.ac.cn/sc/course/courseplan/318225,16,1.00,科学前沿讲座,张亚峰,2026-09-02 09:19:27
180080025200M3001H,统计软件SAS,统计软件SAS,数学科学学院,雁栖湖,https://jwba.ucas.ac.cn/sc/course/courseplan/314374,40,2.00,专业课,姜志鹏,2026-09-02 09:19:27
180080070100M1001H,最优化计算方法,最优化计算方法,数学科学学院,雁栖湖,https://jwba.ucas.ac.cn/sc/course/courseplan/314431,60,3.00,学科核心课,刘歆,2026-09-02 09:19:27
180080070100M1002H,运筹学,运筹学,数学科学学院,雁栖湖,https://jwba.ucas.ac.cn/sc/course/courseplan/314381,40,2.00,学科核心课,胡旭东,2026-09-02 09:19:27
180080070100M1003H,微分流形,微分流形,数学科学学院,雁栖湖,https://jwba.ucas.ac.cn/sc/course/courseplan/314438,60,3.00,学科核心课,吴英毅,2026-09-02 09:19:27
180080070100M1005H,数值分析,数值分析,数学科学学院,雁栖湖,https://jwba.ucas.ac.cn/sc/course/courseplan/314433,60,3.00,学科核心课,郑伟英,2026-09-02 09:19:27
180080070100M1006H,偏微分方程概论,偏微分方程概论,数学科学学院,雁栖湖,https://jwba.ucas.ac.cn/sc/course/courseplan/314432,60,3.00,学科核心课,韩丕功,2026-09-02 09:19:27
180080070100M1008H,高等概率论,高等概率论,数学科学学院,雁栖湖,https://jwba.ucas.ac.cn/sc/course/courseplan/314363,50,2.50,学科核心课,何凯,2026-09-02 09:19:27
180080070100M1009H,高等数理统计,高等数理统计,数学科学学院,雁栖湖,https://jwba.ucas.ac.cn/sc/course/courseplan/314364,60,3.00,学科核心课,张三国,2026-09-02 09:19:27
180080070100MX002H,Matlab在科学计算中的应用,Matlab在科学计算中的应用,数学科学学院,雁栖湖,https://jwba.ucas.ac.cn/sc/course/courseplan/315082,40,1.00,公共选修课,张敏洪等,2026-09-02 09:19:27
180080070100MX003H,Python科学计算与数据处理,Python科学计算与数据处理,数学科学学院,雁栖湖,https://jwba.ucas.ac.cn/sc/course/courseplan/314378,40,1.00,公共选修课,张敏洪,2026-09-02 09:19:27
180080070100MX004H,数学模型及其应用,数学模型及其应用,数学科学学院,雁栖湖,https://jwba.ucas.ac.cn/sc/course/courseplan/314436,40,1.00,公共选修课,杨文国,2026-09-02 09:19:27
180080070100MX005H,代数基础(数学专业学生不考试，不计学分),代数基础,数学科学学院,雁栖湖,https://jwba.ucas.ac.cn/sc/course/courseplan/314375,40,1.00,公共选修课,陈凌,2026-09-02 09:19:27
180080070100MX006H,复变函数与积分变换,复变函数与积分变换,数学科学学院,雁栖湖,https://jwba.ucas.ac.cn/sc/course/courseplan/314434,40,1.00,公共选修课,焦晓祥,2026-09-02 09:19:27
180080070100MX012H,高等工程数学,高等工程数学,数学科学学院,雁栖湖,https://jwba.ucas.ac.cn/sc/course/courseplan/314377,40,1.00,公共选修课,王丽瑾,2026-09-02 09:19:27
180080070100MX015H,组合数学及其应用,组合数学及其应用,数学科学学院,雁栖湖,https://jwba.ucas.ac.cn/sc/course/courseplan/314379,40,1.00,公共选修课,唐国平,2026-09-02 09:19:27
180080070100MX018H,实用最优化算法,实用最优化算法,数学科学学院,雁栖湖,https://jwba.ucas.ac.cn/sc/course/courseplan/314435,40,1.00,公共选修课,牛凌峰,2026-09-02 09:19:27
180080070100MX019H,几何与拓扑基础(数学专业学生不考试，不计学分),几何与拓扑基础,数学科学学院,雁栖湖,https://jwba.ucas.ac.cn/sc/course/courseplan/314376,40,1.00,公共选修课,孙睿,2026-09-02 09:19:27
180080070100MX020H,应用概率论,应用概率论,数学科学学院,雁栖湖,https://jwba.ucas.ac.cn/sc/course/courseplan/314380,40,1.00,公共选修课,孙志华,2026-09-02 09:19:27
180080070101M2008H,高等泛函分析,高等泛函分析,数学科学学院,雁栖湖,https://jwba.ucas.ac.cn/sc/course/courseplan/314365,60,3.00,专业核心课,孙义静,2026-09-02 09:19:27
180080070102M2001H,数值代数,数值代数,数学科学学院,雁栖湖,https://jwba.ucas.ac.cn/sc/course/courseplan/314439,60,3.00,专业核心课,张晨松,2026-09-02 09:19:27
180080070102M2003H,数值逼近,数值逼近,数学科学学院,雁栖湖,https://jwba.ucas.ac.cn/sc/course/courseplan/314367,40,2.00,专业核心课,许志强,2026-09-02 09:19:27
180080070105M2001H,非线性动力学及系统稳定性,非线性动力学及系统稳定性,数学科学学院,雁栖湖,https://jwba.ucas.ac.cn/sc/course/courseplan/314370,40,2.00,专业核心课,齐洪胜等,2026-09-02 09:19:27
180080070105M2005H,图论与网络流,图论与网络流,数学科学学院,雁栖湖,https://jwba.ucas.ac.cn/sc/course/courseplan/314369,40,2.00,专业核心课,高随祥,2026-09-02 09:19:27
180080071100M1004H,现代控制理论基础,现代控制理论基础,数学科学学院,雁栖湖,https://jwba.ucas.ac.cn/sc/course/courseplan/314382,40,2.00,学科核心课,李婵颖等,2026-09-02 09:19:27
180080071400M1001H,多元统计分析,多元统计分析,数学科学学院,雁栖湖,https://jwba.ucas.ac.cn/sc/course/courseplan/314371,60,3.00,学科核心课,熊世峰,2026-09-02 09:19:27
180080071400M1002H,非参数统计,非参数统计,数学科学学院,雁栖湖,https://jwba.ucas.ac.cn/sc/course/courseplan/314373,40,2.00,学科核心课,孙志华,2026-09-02 09:19:27
180080071400M1003H,实验设计与分析,实验设计与分析,数学科学学院,雁栖湖,https://jwba.ucas.ac.cn/sc/course/courseplan/314383,40,2.00,学科核心课,何煦,2026-09-02 09:19:27
180080071400M1004H,回归分析,回归分析,数学科学学院,雁栖湖,https://jwba.ucas.ac.cn/sc/course/courseplan/314372,60,3.00,学科核心课,张三国,2026-09-02 09:19:27
180083081601M2001H,大地测量中的数学物理方法,大地测量中的数学物理方法,地球与行星科学学院,雁栖湖,https://jwba.ucas.ac.cn/sc/course/courseplan/313902,40,2.00,专业核心课,于锦海,2026-09-02 09:19:27
180083081601M3004H,多传感器融合导航定位,多传感器融合导航定位,地球与行星科学学院,雁栖湖,https://jwba.ucas.ac.cn/sc/course/courseplan/313903,40,2.00,专业课,刘根友等,2026-09-02 09:19:27
180083081601M3006H,高级InSAR与LiDAR测量技术,高级InSAR与LiDAR测量技术,地球与行星科学学院,雁栖湖,https://jwba.ucas.ac.cn/sc/course/courseplan/314970,40,2.00,专业课,沈强等,2026-09-02 09:19:27
180083081800M1001H,水文地质学,水文地质学,地球与行星科学学院,雁栖湖,https://jwba.ucas.ac.cn/sc/course/courseplan/313934,60,3.00,学科核心课,黄天明等,2026-09-02 09:19:27
180083081800M1002H,地热地质学,地热地质学,地球与行星科学学院,雁栖湖,https://jwba.ucas.ac.cn/sc/course/courseplan/313935,60,3.00,学科核心课,张健等,2026-09-02 09:19:27
180083081803M3002H,灾害地质学,灾害地质学,地球与行星科学学院,雁栖湖,https://jwba.ucas.ac.cn/sc/course/courseplan/313890,50,2.50,专业课,尚彦军等,2026-09-02 09:19:27
180083085703M2001H,应用地球化学,应用地球化学,地球与行星科学学院,雁栖湖,https://jwba.ucas.ac.cn/sc/course/courseplan/313896,40,2.00,专业核心课,高剑峰等,2026-09-02 09:19:27
180083085703M2002H,油气资源评价与勘探,油气资源评价与勘探,地球与行星科学学院,雁栖湖,https://jwba.ucas.ac.cn/sc/course/courseplan/313897,40,2.00,专业核心课,王云鹏等,2026-09-02 09:19:27
180083085703M3001H,盐类矿床地质与工程实践,盐类矿床地质与工程实践,地球与行星科学学院,雁栖湖,https://jwba.ucas.ac.cn/sc/course/courseplan/314976,40,2.00,专业课,张西营等,2026-09-02 09:19:27
180083085704M2001H,大地测量学时序分析,大地测量学时序分析,地球与行星科学学院,雁栖湖,https://jwba.ucas.ac.cn/sc/course/courseplan/313905,40,2.00,专业核心课,张子占等,2026-09-02 09:19:27
180083085704M2003H,现代遥感技术及应用,现代遥感技术及应用,地球与行星科学学院,雁栖湖,https://jwba.ucas.ac.cn/sc/course/courseplan/314973,40,2.00,专业核心课,李海艳,2026-09-02 09:19:27
180083085704M4001H,地球内部动力学,地球内部动力学,地球与行星科学学院,雁栖湖,https://jwba.ucas.ac.cn/sc/course/courseplan/313906,20,1.00,研讨课,徐建桥等,2026-09-02 09:19:27
180084070500M1001H,当代人文与经济地理学,当代人文与经济地理学,资源与环境学院,雁栖湖,https://jwba.ucas.ac.cn/sc/course/courseplan/314328,50,2.50,学科核心课,宋周莺等,2026-09-02 09:19:27
180084070500M1003H,现代自然地理学,现代自然地理学,资源与环境学院,雁栖湖,https://jwba.ucas.ac.cn/sc/course/courseplan/314131,60,3.00,学科核心课,郑度等,2026-09-02 09:19:27
180084070500M1004H,环境地学导论,环境地学导论,资源与环境学院,雁栖湖,https://jwba.ucas.ac.cn/sc/course/courseplan/314132,50,2.50,学科核心课,戴尔阜等,2026-09-02 09:19:27
180084070501M3001H,湖泊沉积与全球变化,湖泊沉积与全球变化,资源与环境学院,雁栖湖,https://jwba.ucas.ac.cn/sc/course/courseplan/314091,40,2.00,专业课,薛滨等,2026-09-02 09:19:27
180084070502M2001H,产业与交通地理学,产业与交通地理学,资源与环境学院,雁栖湖,https://jwba.ucas.ac.cn/sc/course/courseplan/314236,40,2.00,专业核心课,张晓平等,2026-09-02 09:19:27
180084070502M3002H,现代贸易与金融地理,现代贸易与金融地理,资源与环境学院,雁栖湖,https://jwba.ucas.ac.cn/sc/course/courseplan/314092,40,2.00,专业课,陈明星等,2026-09-02 09:19:27
180084070502M4002H,旅游资源评价与利用,旅游资源评价与利用,资源与环境学院,雁栖湖,https://jwba.ucas.ac.cn/sc/course/courseplan/314238,20,1.00,研讨课,钟林生等,2026-09-02 09:19:27
180084070502M4003H,人口流动与城乡协调发展,人口流动与城乡协调发展,资源与环境学院,雁栖湖,https://jwba.ucas.ac.cn/sc/course/courseplan/314093,20,1.00,研讨课,刘盛和等,2026-09-02 09:19:27
180084070502M4004H,演化经济地理学前沿,演化经济地理学前沿,资源与环境学院,雁栖湖,https://jwba.ucas.ac.cn/sc/course/courseplan/314239,20,1.00,研讨课,刘志高等,2026-09-02 09:19:27
180084071300M1002H,生态系统观测与实验的原理与方法,生态系统观测与实验的原理与方法,资源与环境学院,雁栖湖,https://jwba.ucas.ac.cn/sc/course/courseplan/314175,60,3.00,学科核心课,李胜功等,2026-09-02 09:19:27
1800840713X1M2003H,土壤物理学,土壤物理学,资源与环境学院,雁栖湖,https://jwba.ucas.ac.cn/sc/course/courseplan/314178,50,2.50,专业核心课,贾小旭等,2026-09-02 09:19:27
1800840713X1M3001H,高原生态系统生态学,高原生态系统生态学,资源与环境学院,雁栖湖,https://jwba.ucas.ac.cn/sc/course/courseplan/314100,40,2.00,专业课,张宪洲等,2026-09-02 09:19:27
1800840713X1M3002H,恢复生态学概论,恢复生态学概论,资源与环境学院,雁栖湖,https://jwba.ucas.ac.cn/sc/course/courseplan/314247,40,2.00,专业课,陶福禄等,2026-09-02 09:19:27
1800840713X1M3003H,生态数据融合与同化,生态数据融合与同化,资源与环境学院,雁栖湖,https://jwba.ucas.ac.cn/sc/course/courseplan/314101,40,2.00,专业课,张黎等,2026-09-02 09:19:27
1800840713X1M4002H,农业生态系统工程理论与实践,农业生态系统工程理论与实践,资源与环境学院,雁栖湖,https://jwba.ucas.ac.cn/sc/course/courseplan/314102,20,1.00,研讨课,孙志刚等,2026-09-02 09:19:27
1800840713X1M5001H,基础土壤生态学实验,基础土壤生态学实验,资源与环境学院,雁栖湖,https://jwba.ucas.ac.cn/sc/course/courseplan/314107,50,1.50,实验课,孙国新等,2026-09-02 09:19:27
180084083000M1001H,现代环境微生物学,现代环境微生物学,资源与环境学院,雁栖湖,https://jwba.ucas.ac.cn/sc/course/courseplan/314122,50,2.50,学科核心课,薛凯等,2026-09-02 09:19:27
180084083001M3002H,环境纳米科学与技术导论,环境纳米科学与技术导论,资源与环境学院,雁栖湖,https://jwba.ucas.ac.cn/sc/course/courseplan/314150,40,2.00,专业课,刘睿等,2026-09-02 09:19:27
180084083001M5001H,环境微生物学实验,环境微生物学实验,资源与环境学院,雁栖湖,https://jwba.ucas.ac.cn/sc/course/courseplan/314123,40,1.00,实验课,余志晟等,2026-09-02 09:19:27
180084085701M2001H,工业废气控制过程与技术,工业废气控制过程与技术,资源与环境学院,雁栖湖,https://jwba.ucas.ac.cn/sc/course/courseplan/314461,60,3.00,专业核心课,程杰等,2026-09-02 09:19:27
180084085701M2005H,水环境化学,水环境化学,资源与环境学院,雁栖湖,https://jwba.ucas.ac.cn/sc/course/courseplan/314083,40,2.00,专业核心课,刘新春,2026-09-02 09:19:27
180084085701M2008H,环境工程实践中的数据分析,环境工程实践中的数据分析,资源与环境学院,雁栖湖,https://jwba.ucas.ac.cn/sc/course/courseplan/314151,50,2.50,专业核心课,肖康等,2026-09-02 09:19:27
180084085701M2010H,环境污染控制化学与工程,环境污染控制化学与工程,资源与环境学院,雁栖湖,https://jwba.ucas.ac.cn/sc/course/courseplan/314694,50,2.50,专业核心课,刘文彬等,2026-09-02 09:19:27
180084085701M3001H,大气污染监测技术,大气污染监测技术,资源与环境学院,雁栖湖,https://jwba.ucas.ac.cn/sc/course/courseplan/314356,40,2.00,专业课,谭吉华等,2026-09-02 09:19:27
180084085701M3003H,环境工程数学模型与Matlab应用,环境工程数学模型与Matlab应用,资源与环境学院,雁栖湖,https://jwba.ucas.ac.cn/sc/course/courseplan/314084,40,2.00,专业课,钱智,2026-09-02 09:19:27
180084085701M3004H,膜分离原理与技术,膜分离原理与技术,资源与环境学院,雁栖湖,https://jwba.ucas.ac.cn/sc/course/courseplan/314121,40,2.00,专业课,王军等,2026-09-02 09:19:27
180084085701M3005H,水处理药剂与材料,水处理药剂与材料,资源与环境学院,雁栖湖,https://jwba.ucas.ac.cn/sc/course/courseplan/314231,40,2.00,专业课,彭先佳等,2026-09-02 09:19:27
180084085701M3006H,乡村环境卫生工程,乡村环境卫生工程,资源与环境学院,雁栖湖,https://jwba.ucas.ac.cn/sc/course/courseplan/314232,40,2.00,专业课,范彬等,2026-09-02 09:19:27
180084085701M3007H,水生态评价与修复,水生态评价与修复,资源与环境学院,雁栖湖,https://jwba.ucas.ac.cn/sc/course/courseplan/314233,40,2.00,专业课,查金苗等,2026-09-02 09:19:27
180084085701M3014H,环境地球化学监测新技术,环境地球化学监测新技术,资源与环境学院,雁栖湖,https://jwba.ucas.ac.cn/sc/course/courseplan/314152,40,2.00,专业课,冯新斌等,2026-09-02 09:19:27
180084085701M3016H,环境影响评价理论与实践,环境影响评价理论与实践,资源与环境学院,雁栖湖,https://jwba.ucas.ac.cn/sc/course/courseplan/314154,40,2.00,专业课,刘文彬等,2026-09-02 09:19:27
180084085701M3017H,环境监测仪器研制基础,环境监测仪器研制基础,资源与环境学院,雁栖湖,https://jwba.ucas.ac.cn/sc/course/courseplan/314153,40,2.00,专业课,束继年等,2026-09-02 09:19:27
180084085701M4002H,水处理工艺与设备,水处理工艺与设备,资源与环境学院,雁栖湖,https://jwba.ucas.ac.cn/sc/course/courseplan/314333,20,1.00,研讨课,郭雪松等,2026-09-02 09:19:27
180084085701M4003H,污水生物处理数值模拟与优化,污水生物处理数值模拟与优化,资源与环境学院,雁栖湖,https://jwba.ucas.ac.cn/sc/course/courseplan/314085,20,1.00,研讨课,魏源送等,2026-09-02 09:19:27
180084085701M5001H,大气环境化学实验,大气环境化学实验,资源与环境学院,雁栖湖,https://jwba.ucas.ac.cn/sc/course/courseplan/314157,60,2.00,实验课,张阳等,2026-09-02 09:19:27
180084085701M5005H,土壤重金属风险评估方法,土壤重金属风险评估方法,资源与环境学院,雁栖湖,https://jwba.ucas.ac.cn/sc/course/courseplan/314235,40,1.00,实验课,尹乃毅等,2026-09-02 09:19:27
180085071000M1001H,系统与进化生物学,系统与进化生物学,生命科学学院,雁栖湖,https://jwba.ucas.ac.cn/sc/course/courseplan/313516,60,3.00,学科核心课,郭亚龙等,2026-09-02 09:19:27
180085071000M1002H,生物信息学,生物信息学,生命科学学院,雁栖湖,https://jwba.ucas.ac.cn/sc/course/courseplan/313794,60,3.00,学科核心课,陈润生等,2026-09-02 09:19:27
180085071000M3002H,生物统计与实验设计,生物统计与实验设计,生命科学学院,雁栖湖,https://jwba.ucas.ac.cn/sc/course/courseplan/313551,40,2.00,专业课,赵彤,2026-09-02 09:19:27
180085071000M3003H,生物统计学,生物统计学,生命科学学院,雁栖湖,https://jwba.ucas.ac.cn/sc/course/courseplan/314482,40,2.00,专业课,李欣海,2026-09-02 09:19:27
180085071000M3005H,科研论文写作,科研论文写作,生命科学学院,雁栖湖,https://jwba.ucas.ac.cn/sc/course/courseplan/313552,40,2.00,专业课,秦燕等,2026-09-02 09:19:27
180085071001M2002H,植物激素生物学,植物激素生物学,生命科学学院,雁栖湖,https://jwba.ucas.ac.cn/sc/course/courseplan/313553,60,3.00,专业核心课,王红等,2026-09-02 09:19:27
180085071001M3003H,光合作用原理,光合作用原理,生命科学学院,雁栖湖,https://jwba.ucas.ac.cn/sc/course/courseplan/313554,50,2.50,专业课,韩广业等,2026-09-02 09:19:27
180085071002M2001H,生物系统学原理与方法,生物系统学原理与方法,生命科学学院,雁栖湖,https://jwba.ucas.ac.cn/sc/course/courseplan/313555,60,3.00,专业核心课,梁爱萍等,2026-09-02 09:19:27
180085071002M3004H,动物生态学,动物生态学,生命科学学院,雁栖湖,https://jwba.ucas.ac.cn/sc/course/courseplan/313562,50,2.50,专业课,王德华等,2026-09-02 09:19:27
180085071002M4002H,野生动物疫病学概论,野生动物疫病学概论,生命科学学院,雁栖湖,https://jwba.ucas.ac.cn/sc/course/courseplan/313567,20,1.00,研讨课,何宏轩,2026-09-02 09:19:27
180085071005M2001H,微生物学原理与应用,微生物学原理与应用,生命科学学院,雁栖湖,https://jwba.ucas.ac.cn/sc/course/courseplan/313689,40,2.00,专业核心课,李少杰等,2026-09-02 09:19:27
180085071005M3001H,微生物生态学,微生物生态学,生命科学学院,雁栖湖,https://jwba.ucas.ac.cn/sc/course/courseplan/313563,40,2.00,专业课,郭良栋等,2026-09-02 09:19:27
180085071006M2001H,发育神经生物学,发育神经生物学,生命科学学院,雁栖湖,https://jwba.ucas.ac.cn/sc/course/courseplan/313423,60,3.00,专业核心课,李龙等,2026-09-02 09:19:27
180085071006M3001H,认知科学与脑成像,认知科学与脑成像,生命科学学院,雁栖湖,https://jwba.ucas.ac.cn/sc/course/courseplan/313424,40,2.00,专业课,周天罡等,2026-09-02 09:19:27
180085071007M4001H,代谢工程前沿研讨课,代谢工程前沿研讨课,生命科学学院,雁栖湖,https://jwba.ucas.ac.cn/sc/course/courseplan/314076,20,1.00,研讨课,胡赞民等,2026-09-02 09:19:27
180085071008M2001H,高级植物发育生物学,高级植物发育生物学,生命科学学院,雁栖湖,https://jwba.ucas.ac.cn/sc/course/courseplan/313556,60,3.00,专业核心课,种康等,2026-09-02 09:19:27
180085071008M4001H,进化发育生物学研讨课,进化发育生物学研讨课,生命科学学院,雁栖湖,https://jwba.ucas.ac.cn/sc/course/courseplan/313557,20,1.00,研讨课,贺超英等,2026-09-02 09:19:27
180085071010M3001H,生物化学实验原理与技术,生物化学实验原理与技术,生命科学学院,雁栖湖,https://jwba.ucas.ac.cn/sc/course/courseplan/313609,60,3.00,专业课,张芳等,2026-09-02 09:19:27
180085071010M5001H,生物化学实验（上）,生物化学实验（上）,生命科学学院,雁栖湖,https://jwba.ucas.ac.cn/sc/course/courseplan/313583,50,1.50,实验课,王瑞林,2026-09-02 09:19:27
180085071010M5002H,生物化学实验（下）,生物化学实验（下）,生命科学学院,雁栖湖,https://jwba.ucas.ac.cn/sc/course/courseplan/313584,30,1.00,实验课,王瑞林,2026-09-02 09:19:27
180085071010M5003H,分子生物学实验（下）,分子生物学实验（下）,生命科学学院,雁栖湖,https://jwba.ucas.ac.cn/sc/course/courseplan/313586,30,1.00,实验课,杨铁,2026-09-02 09:19:27
180085071010M5004H,分子生物学实验（上）,分子生物学实验（上）,生命科学学院,雁栖湖,https://jwba.ucas.ac.cn/sc/course/courseplan/313585,40,1.00,实验课,杨铁,2026-09-02 09:19:27
180085071011M3001H,生物大分子理论计算,生物大分子理论计算,生命科学学院,雁栖湖,https://jwba.ucas.ac.cn/sc/course/courseplan/313588,40,2.00,专业课,张竹青,2026-09-02 09:19:27
180085071011M3002H,冷冻电镜技术原理及应用,冷冻电镜技术原理及应用,生命科学学院,雁栖湖,https://jwba.ucas.ac.cn/sc/course/courseplan/313589,50,2.50,专业课,章新政等,2026-09-02 09:19:27
1800850710J3M5001H,生物信息学实验——从个体基因解密到群体遗传分析,生物信息学实验——从个体基因解密到群体遗传分析,生命科学学院,雁栖湖,https://jwba.ucas.ac.cn/sc/course/courseplan/314336,40,1.00,实验课,苏钊,2026-09-02 09:19:27
1800850710Z1M2001H,生命组学,生命组学,生命科学学院,雁栖湖,https://jwba.ucas.ac.cn/sc/course/courseplan/313833,60,3.00,专业核心课,于军等,2026-09-02 09:19:27
180085086001M2010H,基因组学前沿技术,基因组学前沿技术,生命科学学院,雁栖湖,https://jwba.ucas.ac.cn/sc/course/courseplan/315113,40,2.00,专业核心课,侍骏超等,2026-09-02 09:19:27
180085086001M2011H,作物分子育种,作物分子育种,生命科学学院,雁栖湖,https://jwba.ucas.ac.cn/sc/course/courseplan/315114,40,2.00,专业核心课,周奕华等,2026-09-02 09:19:27
180085086001M3001H,细胞生物学前沿与靶向治疗,细胞生物学前沿与靶向治疗,生命科学学院,雁栖湖,https://jwba.ucas.ac.cn/sc/course/courseplan/313793,40,2.00,专业课,卫涛涛,2026-09-02 09:19:27
180085086001M3002H-1,纳米生物学-1班,纳米生物学-1班,生命科学学院,雁栖湖,https://jwba.ucas.ac.cn/sc/course/courseplan/315872,60,3.00,专业课,陈德亮,2026-09-02 09:19:27
180085086001M3002H-2,纳米生物学-2班,纳米生物学-2班,生命科学学院,雁栖湖,https://jwba.ucas.ac.cn/sc/course/courseplan/315873,60,3.00,专业课,陈德亮,2026-09-02 09:19:27
180085086001M3004H,生物统计基本方法及软件实现,生物统计基本方法及软件实现,生命科学学院,雁栖湖,https://jwba.ucas.ac.cn/sc/course/courseplan/313566,40,2.00,专业课,刘学聪,2026-09-02 09:19:27
180085086001M3022H,生命科学研究中的色谱、质谱和组学技术,生命科学研究中的色谱、质谱和组学技术,生命科学学院,雁栖湖,https://jwba.ucas.ac.cn/sc/course/courseplan/315112,50,2.50,专业课,杨福全等,2026-09-02 09:19:27
180085086001M6001H,微生物和生物工程技术企业实践(（第一次上课在教二118）),微生物和生物工程技术企业实践,生命科学学院,雁栖湖,https://jwba.ucas.ac.cn/sc/course/courseplan/313719,50,1.50,实践课,于波等,2026-09-02 09:19:27
180086081202M3002H,编译程序高级教程,编译程序高级教程,计算机科学与技术学院,雁栖湖,https://jwba.ucas.ac.cn/sc/course/courseplan/313712,40,2.00,专业课,李炼,2026-09-02 09:19:27
180086081202M3003H,软件与系统安全,软件与系统安全,计算机科学与技术学院,雁栖湖,https://jwba.ucas.ac.cn/sc/course/courseplan/314391,40,2.00,专业课,张玉清,2026-09-02 09:19:27
180086083500M3001H,软件分析与测试,软件分析与测试,计算机科学与技术学院,雁栖湖,https://jwba.ucas.ac.cn/sc/course/courseplan/313945,40,2.00,专业课,严俊等,2026-09-02 09:19:27
180087020200M1003Z,计量经济学I,计量经济学I,经济与管理学院,中关村,https://jwba.ucas.ac.cn/sc/course/courseplan/315028,60,3.00,学科核心课,许健等,2026-09-02 09:19:27
180087020205M3002Z,数字经济学,数字经济学,经济与管理学院,中关村,https://jwba.ucas.ac.cn/sc/course/courseplan/315030,40,2.00,专业课,孙毅,2026-09-02 09:19:27
180087027000M1001Z,多元统计分析,多元统计分析,经济与管理学院,中关村,https://jwba.ucas.ac.cn/sc/course/courseplan/315031,60,3.00,学科核心课,龙文,2026-09-02 09:19:27
180087027000MX004H,应用统计学基础,应用统计学基础,经济与管理学院,雁栖湖,https://jwba.ucas.ac.cn/sc/course/courseplan/314046,30,1.00,公共选修课,朱晓燕,2026-09-02 09:19:27
180087120100M1001Z,运筹学,运筹学,经济与管理学院,中关村,https://jwba.ucas.ac.cn/sc/course/courseplan/315022,60,3.00,学科核心课,朱晓燕等,2026-09-02 09:19:27
180087120100MX027H,工程经济学原理,工程经济学原理,经济与管理学院,雁栖湖,https://jwba.ucas.ac.cn/sc/course/courseplan/314975,30,1.00,公共选修课,周光辉,2026-09-02 09:19:27
180087120100MX048H,智慧物流,智慧物流,经济与管理学院,雁栖湖,https://jwba.ucas.ac.cn/sc/course/courseplan/314047,30,1.00,公共选修课,兰舒琳,2026-09-02 09:19:27
180087120100MX052Z,创造性思维训练-与机器人赛跑的必修课,创造性思维训练-与机器人赛跑的必修课,经济与管理学院,中关村,https://jwba.ucas.ac.cn/sc/course/courseplan/315034,30,1.00,公共选修课,张思,2026-09-02 09:19:27
180087120100MX054H,会计报表分析经典案例解读,会计报表分析经典案例解读,经济与管理学院,雁栖湖,https://jwba.ucas.ac.cn/sc/course/courseplan/314050,30,1.00,公共选修课,王冬梅,2026-09-02 09:19:27
1800871201J4M2003Z,复杂系统建模、仿真与管理,复杂系统建模、仿真与管理,经济与管理学院,中关村,https://jwba.ucas.ac.cn/sc/course/courseplan/315039,40,2.00,专业核心课,贺舟,2026-09-02 09:19:27
1800871201Z1M3001Z,决策理论与方法,决策理论与方法,经济与管理学院,中关村,https://jwba.ucas.ac.cn/sc/course/courseplan/315032,40,2.00,专业课,贺舟,2026-09-02 09:19:27
180087120200M1005Z,高级管理学,高级管理学,经济与管理学院,中关村,https://jwba.ucas.ac.cn/sc/course/courseplan/315023,60,3.00,学科核心课,徐艳梅,2026-09-02 09:19:27
180087120200MX010H,国际商务礼仪,国际商务礼仪,经济与管理学院,雁栖湖,https://jwba.ucas.ac.cn/sc/course/courseplan/314049,30,1.00,公共选修课,张秋柳,2026-09-02 09:19:27
180087120500M1001Z,现代图书馆学理论与方法,现代图书馆学理论与方法,经济与管理学院,中关村,https://jwba.ucas.ac.cn/sc/course/courseplan/315024,60,3.00,学科核心课,赵艳等,2026-09-02 09:19:27
180087120500M1002Z,现代情报学理论与方法,现代情报学理论与方法,经济与管理学院,中关村,https://jwba.ucas.ac.cn/sc/course/courseplan/315025,60,3.00,学科核心课,刘细文等,2026-09-02 09:19:27
180087120502M3001Z,科学计量学,科学计量学,经济与管理学院,中关村,https://jwba.ucas.ac.cn/sc/course/courseplan/315026,40,2.00,专业课,袁军鹏,2026-09-02 09:19:27
180088010104MX001H,逻辑与批判性思维,逻辑与批判性思维,人文学院,雁栖湖,https://jwba.ucas.ac.cn/sc/course/courseplan/314454,40,1.00,公共选修课,范杰,2026-09-02 09:19:27
180088010108MX001H,科学技术与社会,科学技术与社会,人文学院,雁栖湖,https://jwba.ucas.ac.cn/sc/course/courseplan/314437,40,1.00,公共选修课,王聪,2026-09-02 09:19:27
180088010108MX002H,跨学科视野下的工程创新,跨学科视野下的工程创新,人文学院,雁栖湖,https://jwba.ucas.ac.cn/sc/course/courseplan/314587,30,1.00,公共选修课,张志会,2026-09-02 09:19:27
180088010108MX003H,复杂性研究,复杂性研究,人文学院,雁栖湖,https://jwba.ucas.ac.cn/sc/course/courseplan/314451,40,1.00,公共选修课,苏湛,2026-09-02 09:19:27
180088071200MX004H,西方数学史概论,西方数学史概论,人文学院,雁栖湖,https://jwba.ucas.ac.cn/sc/course/courseplan/314453,40,1.00,公共选修课,赵振江,2026-09-02 09:19:27
180088071200MX007H,陶瓷的世界—贸易、文化和技术交流史,陶瓷的世界—贸易、文化和技术交流史,人文学院,雁栖湖,https://jwba.ucas.ac.cn/sc/course/courseplan/314443,40,1.00,公共选修课,黄荣光,2026-09-02 09:19:27
180088071200MX010H,先秦思想史,先秦思想史,人文学院,雁栖湖,https://jwba.ucas.ac.cn/sc/course/courseplan/314442,40,1.00,公共选修课,韩健平,2026-09-02 09:19:27
180088071200MX011H,中国古代史概论,中国古代史概论,人文学院,雁栖湖,https://jwba.ucas.ac.cn/sc/course/courseplan/314458,40,1.00,公共选修课,张明悟,2026-09-02 09:19:27
180088071200MX013H,美国科学技术史概论,美国科学技术史概论,人文学院,雁栖湖,https://jwba.ucas.ac.cn/sc/course/courseplan/314456,40,1.00,公共选修课,王大明,2026-09-02 09:19:27
180088071200MX014H,植物学史,植物学史,人文学院,雁栖湖,https://jwba.ucas.ac.cn/sc/course/courseplan/314455,40,1.00,公共选修课,蒋洪恩,2026-09-02 09:19:27
180088071200MX015H,中国铁路史话,中国铁路史话,人文学院,雁栖湖,https://jwba.ucas.ac.cn/sc/course/courseplan/314589,30,1.00,公共选修课,王斌,2026-09-02 09:19:27
180088071200MX016H,人工智能发展历程及其伦理、风险议题,人工智能发展历程及其伦理、风险议题,人文学院,雁栖湖,https://jwba.ucas.ac.cn/sc/course/courseplan/314588,40,1.00,公共选修课,王彦雨,2026-09-02 09:19:27
180088071200MX017H,全球视野下的中国航天史,全球视野下的中国航天史,人文学院,雁栖湖,https://jwba.ucas.ac.cn/sc/course/courseplan/314586,40,1.00,公共选修课,张志会,2026-09-02 09:19:27
180088071200MX018H,科学技术史,科学技术史,人文学院,雁栖湖,https://jwba.ucas.ac.cn/sc/course/courseplan/314448,40,1.00,公共选修课,刘二中,2026-09-02 09:19:27
180088071200MX020H,中国历史地理,中国历史地理,人文学院,雁栖湖,https://jwba.ucas.ac.cn/sc/course/courseplan/314444,40,1.00,公共选修课,陈晓珊,2026-09-02 09:19:27
180088071200MX025H,物理学思想史,物理学思想史,人文学院,雁栖湖,https://jwba.ucas.ac.cn/sc/course/courseplan/314440,40,1.00,公共选修课,鲁大龙,2026-09-02 09:19:27
180088071200MX026H,科学史英文文献选读,科学史英文文献选读,人文学院,雁栖湖,https://jwba.ucas.ac.cn/sc/course/courseplan/314452,40,1.00,公共选修课,孙小淳,2026-09-02 09:19:27
180088071200MX027H,中国近现代史专题,中国近现代史专题,人文学院,雁栖湖,https://jwba.ucas.ac.cn/sc/course/courseplan/314447,40,1.00,公共选修课,王丽娜,2026-09-02 09:19:27
180088071200MX028H,全球史（上）,全球史（上）,人文学院,雁栖湖,https://jwba.ucas.ac.cn/sc/course/courseplan/314450,40,1.00,公共选修课,苏湛,2026-09-02 09:19:27
180088071200MX042H,中国文房四宝赏析,中国文房四宝赏析,人文学院,雁栖湖,https://jwba.ucas.ac.cn/sc/course/courseplan/314449,40,1.00,公共选修课,方晓阳,2026-09-02 09:19:27
180088071200MX046H,世界军事史,世界军事史,人文学院,雁栖湖,https://jwba.ucas.ac.cn/sc/course/courseplan/314569,40,1.00,公共选修课,刘二中,2026-09-02 09:19:27
1800880712X1M3022H,青铜器鉴赏,青铜器鉴赏,人文学院,雁栖湖,https://jwba.ucas.ac.cn/sc/course/courseplan/314900,40,2.00,专业课,宋国定,2026-09-02 09:19:27
180088130100MX001H,西方美术史,西方美术史,人文学院,雁栖湖,https://jwba.ucas.ac.cn/sc/course/courseplan/314404,40,1.00,公共选修课,詹琰,2026-09-02 09:19:27
180089050200M1001Y,语言学流派,语言学流派,外语系,玉泉路,https://jwba.ucas.ac.cn/sc/course/courseplan/313683,36,2.00,学科核心课,高原,2026-09-02 09:19:27
180089050200MB001H-S101,英语A-101班（怀）-学术听说,英语A-101班（怀）-学术听说,外语系,雁栖湖,https://jwba.ucas.ac.cn/sc/course/courseplan/316068,32,3.00,公共必修课,曹笃鑫,2026-09-02 09:19:27
180089050200MB001H-S102,英语A-102班（怀）-学术听说,英语A-102班（怀）-学术听说,外语系,雁栖湖,https://jwba.ucas.ac.cn/sc/course/courseplan/316069,32,3.00,公共必修课,曹笃鑫,2026-09-02 09:19:27
180089050200MB001H-S103,英语A-103班（怀）-学术听说,英语A-103班（怀）-学术听说,外语系,雁栖湖,https://jwba.ucas.ac.cn/sc/course/courseplan/316039,32,3.00,公共必修课,陈莫,2026-09-02 09:19:27
180089050200MB001H-S104,英语A-104班（怀）-学术听说,英语A-104班（怀）-学术听说,外语系,雁栖湖,https://jwba.ucas.ac.cn/sc/course/courseplan/316040,32,3.00,公共必修课,陈莫,2026-09-02 09:19:27
180089050200MB001H-S105,英语A-105班（怀）-学术听说,英语A-105班（怀）-学术听说,外语系,雁栖湖,https://jwba.ucas.ac.cn/sc/course/courseplan/316057,32,3.00,公共必修课,陈念宁,2026-09-02 09:19:27
180089050200MB001H-S106,英语A-106班（怀）-学术听说,英语A-106班（怀）-学术听说,外语系,雁栖湖,https://jwba.ucas.ac.cn/sc/course/courseplan/316058,32,3.00,公共必修课,陈念宁,2026-09-02 09:19:27
180089050200MB001H-S107,英语A-107班（怀）-学术听说,英语A-107班（怀）-学术听说,外语系,雁栖湖,https://jwba.ucas.ac.cn/sc/course/courseplan/316077,32,3.00,公共必修课,范嘉舜,2026-09-02 09:19:27
180089050200MB001H-S108,英语A-108班（怀）-学术听说,英语A-108班（怀）-学术听说,外语系,雁栖湖,https://jwba.ucas.ac.cn/sc/course/courseplan/316076,32,3.00,公共必修课,范嘉舜,2026-09-02 09:19:27
180089050200MB001H-S109,英语A-109班（怀）-学术听说,英语A-109班（怀）-学术听说,外语系,雁栖湖,https://jwba.ucas.ac.cn/sc/course/courseplan/318825,32,3.00,公共必修课,黄然,2026-09-02 09:19:27
180089050200MB001H-S110,英语A-110班（怀）-学术听说,英语A-110班（怀）-学术听说,外语系,雁栖湖,https://jwba.ucas.ac.cn/sc/course/courseplan/318826,32,3.00,公共必修课,黄然,2026-09-02 09:19:27
180089050200MB001H-S111,英语A-111班（怀）-学术听说,英语A-111班（怀）-学术听说,外语系,雁栖湖,https://jwba.ucas.ac.cn/sc/course/courseplan/318827,32,3.00,公共必修课,黄然,2026-09-02 09:19:27
180089050200MB001H-S112,英语A-112班（怀）-学术听说,英语A-112班（怀）-学术听说,外语系,雁栖湖,https://jwba.ucas.ac.cn/sc/course/courseplan/318828,32,3.00,公共必修课,刘云龙,2026-09-02 09:19:27
180089050200MB001H-S113,英语A-113班（怀）-学术听说,英语A-113班（怀）-学术听说,外语系,雁栖湖,https://jwba.ucas.ac.cn/sc/course/courseplan/318829,32,3.00,公共必修课,刘云龙,2026-09-02 09:19:27
180089050200MB001H-S114,英语A-114班（怀）-学术听说,英语A-114班（怀）-学术听说,外语系,雁栖湖,https://jwba.ucas.ac.cn/sc/course/courseplan/318830,32,3.00,公共必修课,刘云龙,2026-09-02 09:19:27
180089050200MB001H-S115,英语A-115班（怀）-学术听说,英语A-115班（怀）-学术听说,外语系,雁栖湖,https://jwba.ucas.ac.cn/sc/course/courseplan/318831,32,3.00,公共必修课,刘云龙,2026-09-02 09:19:27
180089050200MB001H-S116,英语A-116班（怀）-学术听说,英语A-116班（怀）-学术听说,外语系,雁栖湖,https://jwba.ucas.ac.cn/sc/course/courseplan/318832,32,3.00,公共必修课,辛琦,2026-09-02 09:19:27
180089050200MB001H-S117,英语A-117班（怀）-学术听说,英语A-117班（怀）-学术听说,外语系,雁栖湖,https://jwba.ucas.ac.cn/sc/course/courseplan/318833,32,3.00,公共必修课,辛琦,2026-09-02 09:19:27
180089050200MB001H-S118,英语A-118班（怀）-学术听说,英语A-118班（怀）-学术听说,外语系,雁栖湖,https://jwba.ucas.ac.cn/sc/course/courseplan/318834,32,3.00,公共必修课,辛琦,2026-09-02 09:19:27
180089050200MB001H-S119,英语A-119班（怀）-学术听说,英语A-119班（怀）-学术听说,外语系,雁栖湖,https://jwba.ucas.ac.cn/sc/course/courseplan/318835,32,3.00,公共必修课,辛琦,2026-09-02 09:19:27
180089050200MB001H-S120,英语A-120班（怀）-学术听说,英语A-120班（怀）-学术听说,外语系,雁栖湖,https://jwba.ucas.ac.cn/sc/course/courseplan/318836,32,3.00,公共必修课,杨阳,2026-09-02 09:19:27
180089050200MB001H-S121,英语A-121班（怀）-学术听说,英语A-121班（怀）-学术听说,外语系,雁栖湖,https://jwba.ucas.ac.cn/sc/course/courseplan/318838,32,3.00,公共必修课,杨阳,2026-09-02 09:19:27
180089050200MB001H-S122,英语A-122班（怀）-学术听说,英语A-122班（怀）-学术听说,外语系,雁栖湖,https://jwba.ucas.ac.cn/sc/course/courseplan/318839,32,3.00,公共必修课,于华,2026-09-02 09:19:27
180089050200MB001H-S123,英语A-123班（怀）-学术听说,英语A-123班（怀）-学术听说,外语系,雁栖湖,https://jwba.ucas.ac.cn/sc/course/courseplan/318840,32,3.00,公共必修课,于华,2026-09-02 09:19:27
180089050200MB001H-S124,英语A-124班（怀）-学术听说,英语A-124班（怀）-学术听说,外语系,雁栖湖,https://jwba.ucas.ac.cn/sc/course/courseplan/318841,32,3.00,公共必修课,于华,2026-09-02 09:19:27
180089050200MB001H-S127,英语A-127班（怀）-学术听说,英语A-127班（怀）-学术听说,外语系,雁栖湖,https://jwba.ucas.ac.cn/sc/course/courseplan/316042,32,3.00,公共必修课,崔雅琼,2026-09-02 09:19:27
180089050200MB001H-S128,英语A-128班（怀）-学术听说,英语A-128班（怀）-学术听说,外语系,雁栖湖,https://jwba.ucas.ac.cn/sc/course/courseplan/316043,32,3.00,公共必修课,崔雅琼,2026-09-02 09:19:27
180089050200MB001H-W001,英语A-01班（怀）-学术读写,英语A-01班（怀）-学术读写,外语系,雁栖湖,https://jwba.ucas.ac.cn/sc/course/courseplan/316084,32,3.00,公共必修课,安帅,2026-09-02 09:19:27
180089050200MB001H-W002,英语A-02班（怀）-学术读写,英语A-02班（怀）-学术读写,外语系,雁栖湖,https://jwba.ucas.ac.cn/sc/course/courseplan/316085,32,3.00,公共必修课,安帅,2026-09-02 09:19:27
180089050200MB001H-W003,英语A-03班（怀）-学术读写,英语A-03班（怀）-学术读写,外语系,雁栖湖,https://jwba.ucas.ac.cn/sc/course/courseplan/316066,32,3.00,公共必修课,曹笃鑫,2026-09-02 09:19:27
180089050200MB001H-W004,英语A-04班（怀）-学术读写,英语A-04班（怀）-学术读写,外语系,雁栖湖,https://jwba.ucas.ac.cn/sc/course/courseplan/316067,32,3.00,公共必修课,曹笃鑫,2026-09-02 09:19:27
180089050200MB001H-W005,英语A-05班（怀）-学术读写,英语A-05班（怀）-学术读写,外语系,雁栖湖,https://jwba.ucas.ac.cn/sc/course/courseplan/318799,32,3.00,公共必修课,陈琛,2026-09-02 09:19:27
180089050200MB001H-W006,英语A-06班（怀）-学术读写,英语A-06班（怀）-学术读写,外语系,雁栖湖,https://jwba.ucas.ac.cn/sc/course/courseplan/318800,32,3.00,公共必修课,陈琛,2026-09-02 09:19:27
180089050200MB001H-W007,英语A-07班（怀）-学术读写,英语A-07班（怀）-学术读写,外语系,雁栖湖,https://jwba.ucas.ac.cn/sc/course/courseplan/318801,32,3.00,公共必修课,陈念宁,2026-09-02 09:19:27
180089050200MB001H-W008,英语A-08班（怀）-学术读写,英语A-08班（怀）-学术读写,外语系,雁栖湖,https://jwba.ucas.ac.cn/sc/course/courseplan/318802,32,3.00,公共必修课,陈念宁,2026-09-02 09:19:27
180089050200MB001H-W011,英语A-11班（怀）-学术读写,英语A-11班（怀）-学术读写,外语系,雁栖湖,https://jwba.ucas.ac.cn/sc/course/courseplan/318804,32,3.00,公共必修课,杜垚,2026-09-02 09:19:27
180089050200MB001H-W012,英语A-12班（怀）-学术读写,英语A-12班（怀）-学术读写,外语系,雁栖湖,https://jwba.ucas.ac.cn/sc/course/courseplan/318805,32,3.00,公共必修课,杜垚,2026-09-02 09:19:27
180089050200MB001H-W013,英语A-13班（怀）-学术读写,英语A-13班（怀）-学术读写,外语系,雁栖湖,https://jwba.ucas.ac.cn/sc/course/courseplan/318806,32,3.00,公共必修课,龚世琳,2026-09-02 09:19:27
180089050200MB001H-W014,英语A-14班（怀）-学术读写,英语A-14班（怀）-学术读写,外语系,雁栖湖,https://jwba.ucas.ac.cn/sc/course/courseplan/318807,32,3.00,公共必修课,龚世琳,2026-09-02 09:19:27
180089050200MB001H-W015,英语A-15班（怀）-学术读写,英语A-15班（怀）-学术读写,外语系,雁栖湖,https://jwba.ucas.ac.cn/sc/course/courseplan/318808,32,3.00,公共必修课,洪雷,2026-09-02 09:19:27
180089050200MB001H-W016,英语A-16班（怀）-学术读写,英语A-16班（怀）-学术读写,外语系,雁栖湖,https://jwba.ucas.ac.cn/sc/course/courseplan/318809,32,3.00,公共必修课,洪雷,2026-09-02 09:19:27
180089050200MB001H-W017,英语A-17班（怀）-学术读写,英语A-17班（怀）-学术读写,外语系,雁栖湖,https://jwba.ucas.ac.cn/sc/course/courseplan/318810,32,3.00,公共必修课,洪雷,2026-09-02 09:19:27
180089050200MB001H-W018,英语A-18班（怀）-学术读写,英语A-18班（怀）-学术读写,外语系,雁栖湖,https://jwba.ucas.ac.cn/sc/course/courseplan/318811,32,3.00,公共必修课,洪雷,2026-09-02 09:19:27
180089050200MB001H-W019,英语A-19班（怀）-学术读写,英语A-19班（怀）-学术读写,外语系,雁栖湖,https://jwba.ucas.ac.cn/sc/course/courseplan/316031,32,3.00,公共必修课,侯大千,2026-09-02 09:19:27
180089050200MB001H-W020,英语A-20班（怀）-学术读写,英语A-20班（怀）-学术读写,外语系,雁栖湖,https://jwba.ucas.ac.cn/sc/course/courseplan/316032,32,3.00,公共必修课,侯大千,2026-09-02 09:19:27
180089050200MB001H-W021,英语A-21班（怀）-学术读写,英语A-21班（怀）-学术读写,外语系,雁栖湖,https://jwba.ucas.ac.cn/sc/course/courseplan/318812,32,3.00,公共必修课,胡江波,2026-09-02 09:19:27
180089050200MB001H-W022,英语A-22班（怀）-学术读写,英语A-22班（怀）-学术读写,外语系,雁栖湖,https://jwba.ucas.ac.cn/sc/course/courseplan/318813,32,3.00,公共必修课,胡江波,2026-09-02 09:19:27
180089050200MB001H-W023,英语A-23班（怀）-学术读写,英语A-23班（怀）-学术读写,外语系,雁栖湖,https://jwba.ucas.ac.cn/sc/course/courseplan/318814,32,3.00,公共必修课,胡江波,2026-09-02 09:19:27
180089050200MB001H-W024,英语A-24班（怀）-学术读写,英语A-24班（怀）-学术读写,外语系,雁栖湖,https://jwba.ucas.ac.cn/sc/course/courseplan/318815,32,3.00,公共必修课,康兴,2026-09-02 09:19:27
180089050200MB001H-W025,英语A-25班（怀）-学术读写,英语A-25班（怀）-学术读写,外语系,雁栖湖,https://jwba.ucas.ac.cn/sc/course/courseplan/318816,32,3.00,公共必修课,康兴,2026-09-02 09:19:27
180089050200MB001H-W026,英语A-26班（怀）-学术读写,英语A-26班（怀）-学术读写,外语系,雁栖湖,https://jwba.ucas.ac.cn/sc/course/courseplan/318817,32,3.00,公共必修课,李富强,2026-09-02 09:19:27
180089050200MB001H-W027,英语A-27班（怀）-学术读写,英语A-27班（怀）-学术读写,外语系,雁栖湖,https://jwba.ucas.ac.cn/sc/course/courseplan/318818,32,3.00,公共必修课,刘立华,2026-09-02 09:19:27
180089050200MB001H-W028,英语A-28班（怀）-学术读写,英语A-28班（怀）-学术读写,外语系,雁栖湖,https://jwba.ucas.ac.cn/sc/course/courseplan/318819,32,3.00,公共必修课,刘立华,2026-09-02 09:19:27
180089050200MB001H-W029,英语A-29班（怀）-学术读写,英语A-29班（怀）-学术读写,外语系,雁栖湖,https://jwba.ucas.ac.cn/sc/course/courseplan/316092,32,3.00,公共必修课,孟艳丽,2026-09-02 09:19:27
180089050200MB001H-W030,英语A-30班（怀）-学术读写,英语A-30班（怀）-学术读写,外语系,雁栖湖,https://jwba.ucas.ac.cn/sc/course/courseplan/316093,32,3.00,公共必修课,孟艳丽,2026-09-02 09:19:27
180089050200MB001H-W031,英语A-31班（怀）-学术读写,英语A-31班（怀）-学术读写,外语系,雁栖湖,https://jwba.ucas.ac.cn/sc/course/courseplan/316094,32,3.00,公共必修课,孟艳丽,2026-09-02 09:19:27
180089050200MB001H-W032,英语A-32班（怀）-学术读写,英语A-32班（怀）-学术读写,外语系,雁栖湖,https://jwba.ucas.ac.cn/sc/course/courseplan/316064,32,3.00,公共必修课,钱玉彬,2026-09-02 09:19:27
180089050200MB001H-W033,英语A-33班（怀）-学术读写,英语A-33班（怀）-学术读写,外语系,雁栖湖,https://jwba.ucas.ac.cn/sc/course/courseplan/316065,32,3.00,公共必修课,钱玉彬,2026-09-02 09:19:27
180089050200MB001H-W035,英语A-35班（怀）-学术读写,英语A-35班（怀）-学术读写,外语系,雁栖湖,https://jwba.ucas.ac.cn/sc/course/courseplan/318849,32,3.00,公共必修课,孙海洋,2026-09-02 09:19:27
180089050200MB001H-W036,英语A-36班（怀）-学术读写,英语A-36班（怀）-学术读写,外语系,雁栖湖,https://jwba.ucas.ac.cn/sc/course/courseplan/318850,32,3.00,公共必修课,孙海洋,2026-09-02 09:19:27
180089050200MB001H-W037,英语A-37班（怀）-学术读写,英语A-37班（怀）-学术读写,外语系,雁栖湖,https://jwba.ucas.ac.cn/sc/course/courseplan/318851,32,3.00,公共必修课,孙海洋,2026-09-02 09:19:27
180089050200MB001H-W038,英语A-38班（怀）-学术读写,英语A-38班（怀）-学术读写,外语系,雁栖湖,https://jwba.ucas.ac.cn/sc/course/courseplan/318852,32,3.00,公共必修课,乌楠,2026-09-02 09:19:27
180089050200MB001H-W039,英语A-39班（怀）-学术读写,英语A-39班（怀）-学术读写,外语系,雁栖湖,https://jwba.ucas.ac.cn/sc/course/courseplan/318853,32,3.00,公共必修课,乌楠,2026-09-02 09:19:27
180089050200MB001H-W040,英语A-40班（怀）-学术读写,英语A-40班（怀）-学术读写,外语系,雁栖湖,https://jwba.ucas.ac.cn/sc/course/courseplan/318854,32,3.00,公共必修课,熊净雅,2026-09-02 09:19:27
180089050200MB001H-W041,英语A-41班（怀）-学术读写,英语A-41班（怀）-学术读写,外语系,雁栖湖,https://jwba.ucas.ac.cn/sc/course/courseplan/318855,32,3.00,公共必修课,熊净雅,2026-09-02 09:19:27
180089050200MB001H-W042,英语A-42班（怀）-学术读写,英语A-42班（怀）-学术读写,外语系,雁栖湖,https://jwba.ucas.ac.cn/sc/course/courseplan/318856,32,3.00,公共必修课,熊净雅,2026-09-02 09:19:27
180089050200MB001H-W043,英语A-43班（怀）-学术读写,英语A-43班（怀）-学术读写,外语系,雁栖湖,https://jwba.ucas.ac.cn/sc/course/courseplan/318857,32,3.00,公共必修课,张文力,2026-09-02 09:19:27
180089050200MB001H-W044,英语A-44班（怀）-学术读写,英语A-44班（怀）-学术读写,外语系,雁栖湖,https://jwba.ucas.ac.cn/sc/course/courseplan/318858,32,3.00,公共必修课,张文力,2026-09-02 09:19:27
180089050200MB001H-W045,英语A-45班（怀）-学术读写,英语A-45班（怀）-学术读写,外语系,雁栖湖,https://jwba.ucas.ac.cn/sc/course/courseplan/318859,32,3.00,公共必修课,王月旻,2026-09-02 09:19:27
180089050200MB001H-W046,英语A-46班（怀）-学术读写,英语A-46班（怀）-学术读写,外语系,雁栖湖,https://jwba.ucas.ac.cn/sc/course/courseplan/318860,32,3.00,公共必修课,王月旻,2026-09-02 09:19:27
180089050200MB001H-W047,英语A-47班（怀）-学术读写,英语A-47班（怀）-学术读写,外语系,雁栖湖,https://jwba.ucas.ac.cn/sc/course/courseplan/318861,32,3.00,公共必修课,钱玉彬,2026-09-02 09:19:27
180089050200MB001Y-S101,英语A-101班（玉）-学术听说,英语A-101班（玉）-学术听说,外语系,玉泉路,https://jwba.ucas.ac.cn/sc/course/courseplan/318886,32,3.00,公共必修课,高原,2026-09-02 09:19:27
180089050200MB001Y-W001,英语A-01班（玉）-学术读写,英语A-01班（玉）-学术读写,外语系,玉泉路,https://jwba.ucas.ac.cn/sc/course/courseplan/318887,32,3.00,公共必修课,姜文东,2026-09-02 09:19:27
180089050200MB001Y-W002,英语A-02班（玉）-学术读写,英语A-02班（玉）-学术读写,外语系,玉泉路,https://jwba.ucas.ac.cn/sc/course/courseplan/318888,32,3.00,公共必修课,姜文东,2026-09-02 09:19:27
180089050200MB001Y-W003,英语A-03班（玉）-学术读写,英语A-03班（玉）-学术读写,外语系,玉泉路,https://jwba.ucas.ac.cn/sc/course/courseplan/318889,32,3.00,公共必修课,侯大千,2026-09-02 09:19:27
180089050200MB001Z-S101,英语A-101班（中）-学术听说,英语A-101班（中）-学术听说,外语系,中关村,https://jwba.ucas.ac.cn/sc/course/courseplan/315446,32,3.00,公共必修课,乌楠,2026-09-02 09:19:27
180089050200MX005H-01,国际交流英语听说,国际交流英语听说,外语系,雁栖湖,https://jwba.ucas.ac.cn/sc/course/courseplan/315870,30,1.00,公共选修课,刘彬,2026-09-02 09:19:27
180089050200MX005H-02,国际交流英语听说,国际交流英语听说,外语系,雁栖湖,https://jwba.ucas.ac.cn/sc/course/courseplan/315871,,,,,2026-09-02 09:19:27
180089050200MX006H-01,法语（初级）,法语（初级）,外语系,雁栖湖,https://jwba.ucas.ac.cn/sc/course/courseplan/315615,,,,,2026-09-02 09:19:27
180089050200MX006H-02,法语（初级）,法语（初级）,外语系,雁栖湖,https://jwba.ucas.ac.cn/sc/course/courseplan/315616,,,,,2026-09-02 09:19:27
180089050200MX006H-03,法语（初级）,法语（初级）,外语系,雁栖湖,https://jwba.ucas.ac.cn/sc/course/courseplan/315617,60,2.00,公共选修课,王昕彦,2026-09-02 09:19:27
180089050200MX008H-01,德语（初级）,德语（初级）,外语系,雁栖湖,https://jwba.ucas.ac.cn/sc/course/courseplan/315605,60,2.00,公共选修课,孙瑾琳,2026-09-02 09:19:27
180089050200MX008H-02,德语（初级）,德语（初级）,外语系,雁栖湖,https://jwba.ucas.ac.cn/sc/course/courseplan/315606,60,2.00,公共选修课,孙瑾琳,2026-09-02 09:19:27
180089050200MX010H,拉丁语（初级）,拉丁语（初级）,外语系,雁栖湖,https://jwba.ucas.ac.cn/sc/course/courseplan/314023,60,2.00,公共选修课,孙瑾琳,2026-09-02 09:19:27
180089050200MX011H,英语美文赏析,英语美文赏析,外语系,雁栖湖,https://jwba.ucas.ac.cn/sc/course/courseplan/313988,30,1.00,公共选修课,杜朋,2026-09-02 09:19:27
180089050200MX016H-01,日语（初级）,日语（初级）,外语系,雁栖湖,https://jwba.ucas.ac.cn/sc/course/courseplan/315608,60,2.00,公共选修课,马潇漪,2026-09-02 09:19:27
180089050200MX016H-02,日语（初级）,日语（初级）,外语系,雁栖湖,https://jwba.ucas.ac.cn/sc/course/courseplan/315609,60,2.00,公共选修课,马潇漪,2026-09-02 09:19:27
180089050200MX019H-01,基础学术论文写作,基础学术论文写作,外语系,雁栖湖,https://jwba.ucas.ac.cn/sc/course/courseplan/315599,30,1.00,公共选修课,Torsten Juelich等,2026-09-02 09:19:27
180089050200MX019H-02,基础学术论文写作,基础学术论文写作,外语系,雁栖湖,https://jwba.ucas.ac.cn/sc/course/courseplan/315600,30,1.00,公共选修课,Torsten Juelich等,2026-09-02 09:19:27
180089050200MX020H-01,高级学术论文写作,高级学术论文写作,外语系,雁栖湖,https://jwba.ucas.ac.cn/sc/course/courseplan/315447,30,1.00,公共选修课,Torsten Juelich,2026-09-02 09:19:27
180089050200MX020H-02,高级学术论文写作,高级学术论文写作,外语系,雁栖湖,https://jwba.ucas.ac.cn/sc/course/courseplan/315448,30,1.00,公共选修课,Torsten Juelich,2026-09-02 09:19:27
180089050201M2001Y,莎士比亚戏剧,莎士比亚戏剧,外语系,玉泉路,https://jwba.ucas.ac.cn/sc/course/courseplan/313960,36,2.00,专业核心课,黄然,2026-09-02 09:19:27
180089050201M3002Y,20世纪英国小说,20世纪英国小说,外语系,玉泉路,https://jwba.ucas.ac.cn/sc/course/courseplan/313957,36,2.00,专业课,熊净雅,2026-09-02 09:19:27
180089050201M3006Y,现当代美国小说研究,现当代美国小说研究,外语系,玉泉路,https://jwba.ucas.ac.cn/sc/course/courseplan/313961,36,2.00,专业课,陈必豪,2026-09-02 09:19:27
180089050201M3009Y,美国女性小说,美国女性小说,外语系,玉泉路,https://jwba.ucas.ac.cn/sc/course/courseplan/313979,36,2.00,专业课,胡江波,2026-09-02 09:19:27
180089050211M2001Y,语音学与音系学,语音学与音系学,外语系,玉泉路,https://jwba.ucas.ac.cn/sc/course/courseplan/313680,36,2.00,专业核心课,刘彬,2026-09-02 09:19:27
180089050211M2002Y,句法学,句法学,外语系,玉泉路,https://jwba.ucas.ac.cn/sc/course/courseplan/313849,36,2.00,专业核心课,李富强,2026-09-02 09:19:27
180089050211M3001Y,认知语言学,认知语言学,外语系,玉泉路,https://jwba.ucas.ac.cn/sc/course/courseplan/313685,36,2.00,专业课,高原,2026-09-02 09:19:27
180089050211M3002Y,专业语音训练,专业语音训练,外语系,玉泉路,https://jwba.ucas.ac.cn/sc/course/courseplan/313681,18,1.00,专业课,刘彬,2026-09-02 09:19:27
180089050211M3004Y,语料库语言学,语料库语言学,外语系,玉泉路,https://jwba.ucas.ac.cn/sc/course/courseplan/313841,36,2.00,专业课,钱玉彬,2026-09-02 09:19:27
180089050211M3005Y,文体学,文体学,外语系,玉泉路,https://jwba.ucas.ac.cn/sc/course/courseplan/313946,18,1.00,专业课,于华,2026-09-02 09:19:27
180089050211M3006Y,语用学,语用学,外语系,玉泉路,https://jwba.ucas.ac.cn/sc/course/courseplan/313846,18,1.00,专业课,邬颖祺,2026-09-02 09:19:27
180089050211M3007Y,心理语言学,心理语言学,外语系,玉泉路,https://jwba.ucas.ac.cn/sc/course/courseplan/313838,18,1.00,专业课,洪雷,2026-09-02 09:19:27
180089050211M3008Y,社会语言学,社会语言学,外语系,玉泉路,https://jwba.ucas.ac.cn/sc/course/courseplan/313848,18,1.00,专业课,孟艳丽,2026-09-02 09:19:27
180089050211M3012Y,外语教学理论与实践,外语教学理论与实践,外语系,玉泉路,https://jwba.ucas.ac.cn/sc/course/courseplan/313948,36,2.00,专业课,崔雅琼,2026-09-02 09:19:27
180089055102M2001H,英中交传-I,英中交传-I,外语系,雁栖湖,https://jwba.ucas.ac.cn/sc/course/courseplan/313859,36,2.00,专业核心课,杨阳,2026-09-02 09:19:27
180089055102M2003H,中英交传-I,中英交传-I,外语系,雁栖湖,https://jwba.ucas.ac.cn/sc/course/courseplan/313862,36,2.00,专业核心课,赵竹轩,2026-09-02 09:19:27
180089055102M2007Y,中英同传-II,中英同传-II,外语系,玉泉路,https://jwba.ucas.ac.cn/sc/course/courseplan/313967,36,2.00,专业核心课,侯大千,2026-09-02 09:19:27
180089055102M2010Y,英中同传-II,英中同传-II,外语系,玉泉路,https://jwba.ucas.ac.cn/sc/course/courseplan/313910,36,2.00,专业核心课,范嘉舜,2026-09-02 09:19:27
180090080100M1001H,量纲分析,量纲分析,工程科学学院,雁栖湖,https://jwba.ucas.ac.cn/sc/course/courseplan/313483,60,3.00,学科核心课,张旭辉,2026-09-02 09:19:27
180090080100M1002H,张量分析,张量分析,工程科学学院,雁栖湖,https://jwba.ucas.ac.cn/sc/course/courseplan/313626,40,2.00,学科核心课,汪海英等,2026-09-02 09:19:27
180090080100M1003H,有限元方法,有限元方法,工程科学学院,雁栖湖,https://jwba.ucas.ac.cn/sc/course/courseplan/313515,60,3.00,学科核心课,张年梅等,2026-09-02 09:19:27
180090080100M1004H,气体动力学,气体动力学,工程科学学院,雁栖湖,https://jwba.ucas.ac.cn/sc/course/courseplan/313484,40,2.00,学科核心课,胡宗民,2026-09-02 09:19:27
180090080102M5001H,固体力学实验,固体力学实验,工程科学学院,雁栖湖,https://jwba.ucas.ac.cn/sc/course/courseplan/313509,30,1.00,实验课,郇勇等,2026-09-02 09:19:27
180090085802P2002H,传热学理论及工程应用,传热学理论及工程应用,工程科学学院,雁栖湖,https://jwba.ucas.ac.cn/sc/course/courseplan/314947,60,3.00,专业核心课,李国庆等,2026-09-02 09:19:27
180090085802P2003H,工程流体力学与空气动力学理论及其应用,工程流体力学与空气动力学理论及其应用,工程科学学院,雁栖湖,https://jwba.ucas.ac.cn/sc/course/courseplan/314948,60,3.00,专业核心课,杜娟等,2026-09-02 09:19:27
180090085802P2004H,工程热力学理论及应用,工程热力学理论及应用,工程科学学院,雁栖湖,https://jwba.ucas.ac.cn/sc/course/courseplan/314949,60,3.00,专业核心课,潘莹等,2026-09-02 09:19:27
180090085802P3001H,热电物性测量技术及器件优化应用,热电物性测量技术及器件优化应用,工程科学学院,雁栖湖,https://jwba.ucas.ac.cn/sc/course/courseplan/313505,40,2.00,专业课,郑兴华等,2026-09-02 09:19:27
180090085802P3002H,多相流与燃烧过程非侵入式检测技术,多相流与燃烧过程非侵入式检测技术,工程科学学院,雁栖湖,https://jwba.ucas.ac.cn/sc/course/courseplan/313502,40,2.00,专业课,田振玉等,2026-09-02 09:19:27
180090125600M1002H,定量分析：模型与方法,定量分析：模型与方法,工程科学学院,雁栖湖,https://jwba.ucas.ac.cn/sc/course/courseplan/313664,40,2.00,学科核心课,朱建明,2026-09-02 09:19:27
180090125600M1002Y,定量分析：模型与方法,定量分析：模型与方法,工程科学学院,玉泉路,https://jwba.ucas.ac.cn/sc/course/courseplan/313663,40,2.00,学科核心课,朱建明,2026-09-02 09:19:27
180090125600M1003H,工程经济学,工程经济学,工程科学学院,雁栖湖,https://jwba.ucas.ac.cn/sc/course/courseplan/313564,40,2.00,学科核心课,詹伟,2026-09-02 09:19:27
180090125600M1003Y,工程经济学,工程经济学,工程科学学院,玉泉路,https://jwba.ucas.ac.cn/sc/course/courseplan/313524,40,2.00,学科核心课,詹伟,2026-09-02 09:19:27
180090125600M1004H,高级管理学,高级管理学,工程科学学院,雁栖湖,https://jwba.ucas.ac.cn/sc/course/courseplan/313667,40,2.00,学科核心课,王国庆,2026-09-02 09:19:27
180090125600M1004Y,高级管理学,高级管理学,工程科学学院,玉泉路,https://jwba.ucas.ac.cn/sc/course/courseplan/313705,40,2.00,学科核心课,王国庆,2026-09-02 09:19:27
180090125600M1006H,工程管理导论,工程管理导论,工程科学学院,雁栖湖,https://jwba.ucas.ac.cn/sc/course/courseplan/313656,40,2.00,学科核心课,于华等,2026-09-02 09:19:27
180090125600M1006Y-01,工程管理导论-1班,工程管理导论-1班,工程科学学院,玉泉路,https://jwba.ucas.ac.cn/sc/course/courseplan/315994,40,2.00,学科核心课,于华,2026-09-02 09:19:27
180090125600M1006Y-02,工程管理导论-2班,工程管理导论-2班,工程科学学院,玉泉路,https://jwba.ucas.ac.cn/sc/course/courseplan/315995,40,2.00,学科核心课,于华,2026-09-02 09:19:27
180090125601M2001Y,人力资源管理,人力资源管理,工程科学学院,玉泉路,https://jwba.ucas.ac.cn/sc/course/courseplan/313673,40,2.00,专业核心课,姜卉,2026-09-02 09:19:27
180090125601M2004Y,财务与成本管理,财务与成本管理,工程科学学院,玉泉路,https://jwba.ucas.ac.cn/sc/course/courseplan/313659,40,2.00,专业核心课,徐中平,2026-09-02 09:19:27
180090125601M3001Y,算法概论,算法概论,工程科学学院,玉泉路,https://jwba.ucas.ac.cn/sc/course/courseplan/313657,40,2.00,专业课,薛健,2026-09-02 09:19:27
180090125601M3003Y,数据库概念与技术,数据库概念与技术,工程科学学院,玉泉路,https://jwba.ucas.ac.cn/sc/course/courseplan/313670,40,2.00,专业课,赵亚伟,2026-09-02 09:19:27
180090125601M3006Y,现代优化计算方法,现代优化计算方法,工程科学学院,玉泉路,https://jwba.ucas.ac.cn/sc/course/courseplan/313662,40,2.00,专业课,朱建明,2026-09-02 09:19:27
180090125601M3007Y,研发团队管理,研发团队管理,工程科学学院,玉泉路,https://jwba.ucas.ac.cn/sc/course/courseplan/313661,40,2.00,专业课,汤超颖,2026-09-02 09:19:27
180090125601M3008Y,复杂系统决策,复杂系统决策,工程科学学院,玉泉路,https://jwba.ucas.ac.cn/sc/course/courseplan/313511,40,2.00,专业课,高学东,2026-09-02 09:19:27
180090125601M3013Y,大型复杂工程管理,大型复杂工程管理,工程科学学院,玉泉路,https://jwba.ucas.ac.cn/sc/course/courseplan/313665,40,2.00,专业课,宋元涛,2026-09-02 09:19:27
180090125601M3014Y,数字图像处理,数字图像处理,工程科学学院,玉泉路,https://jwba.ucas.ac.cn/sc/course/courseplan/313672,40,2.00,专业课,吕科,2026-09-02 09:19:27
180090125601M3015Y,工程法律与合同管理,工程法律与合同管理,工程科学学院,玉泉路,https://jwba.ucas.ac.cn/sc/course/courseplan/313660,40,2.00,专业课,康飞,2026-09-02 09:19:27
180090125601M3024Y-01,工程管理前沿文献阅读-1班,工程管理前沿文献阅读-1班,工程科学学院,玉泉路,https://jwba.ucas.ac.cn/sc/course/courseplan/315460,20,1.00,专业课,姜卉等,2026-09-02 09:19:27
180090125601M3024Y-02,工程管理前沿文献阅读-2班,工程管理前沿文献阅读-2班,工程科学学院,玉泉路,https://jwba.ucas.ac.cn/sc/course/courseplan/315461,20,1.00,专业课,姜卉等,2026-09-02 09:19:27
180090125601M3024Y-03,工程管理前沿文献阅读-3班,工程管理前沿文献阅读-3班,工程科学学院,玉泉路,https://jwba.ucas.ac.cn/sc/course/courseplan/315462,20,1.00,专业课,姜卉等,2026-09-02 09:19:27
180090125601M4001Y,工程哲学,工程哲学,工程科学学院,玉泉路,https://jwba.ucas.ac.cn/sc/course/courseplan/313650,20,1.00,研讨课,王大洲,2026-09-02 09:19:27
180090125603M2002H,人因与设计,人因与设计,工程科学学院,雁栖湖,https://jwba.ucas.ac.cn/sc/course/courseplan/313668,40,2.00,专业核心课,杜峰,2026-09-02 09:19:27
180090125603M2004H,工程系统建模与仿真,工程系统建模与仿真,工程科学学院,雁栖湖,https://jwba.ucas.ac.cn/sc/course/courseplan/313669,40,2.00,专业核心课,刘忠华,2026-09-02 09:19:27
180092080503M3001H,磁流体动力学理论及数值模型与算法,磁流体动力学理论及数值模型与算法,材料科学与光电技术学院,雁栖湖,https://jwba.ucas.ac.cn/sc/course/courseplan/313993,50,2.50,专业课,王晓东等,2026-09-02 09:19:27
180092085601M2006H,信息光电子学（材料与化工）,信息光电子学（材料与化工）,材料科学与光电技术学院,雁栖湖,https://jwba.ucas.ac.cn/sc/course/courseplan/314543,50,2.50,专业核心课,孙志斌,2026-09-02 09:19:27
180092085601M3002H,光子集成芯片基础（材料与化工）,光子集成芯片基础（材料与化工）,材料科学与光电技术学院,雁栖湖,https://jwba.ucas.ac.cn/sc/course/courseplan/313857,50,2.50,专业课,梁松等,2026-09-02 09:19:27
180092085601M3007H,锂电池科学与产业技术,锂电池科学与产业技术,材料科学与光电技术学院,雁栖湖,https://jwba.ucas.ac.cn/sc/course/courseplan/315100,40,2.00,专业课,张继成,2026-09-02 09:19:27
180093081000M1001H,随机过程（电子与通信类）,随机过程（电子与通信类）,电子电气与通信工程学院,雁栖湖,https://jwba.ucas.ac.cn/sc/course/courseplan/313802,60,3.00,学科核心课,孙应飞,2026-09-02 09:19:27
180093081000M1003H,数值分析（电子与通信类）,数值分析（电子与通信类）,电子电气与通信工程学院,雁栖湖,https://jwba.ucas.ac.cn/sc/course/courseplan/313759,40,2.00,学科核心课,肖良,2026-09-02 09:19:27
180093081000M1004H,最优化方法,最优化方法,电子电气与通信工程学院,雁栖湖,https://jwba.ucas.ac.cn/sc/course/courseplan/313803,40,2.00,学科核心课,赵振江,2026-09-02 09:19:27
180093081001M3001H,数字视频处理,数字视频处理,电子电气与通信工程学院,雁栖湖,https://jwba.ucas.ac.cn/sc/course/courseplan/313762,50,2.50,专业课,高绍帅,2026-09-02 09:19:27
180093081002M4002H,电声原理与应用,电声原理与应用,电子电气与通信工程学院,雁栖湖,https://jwba.ucas.ac.cn/sc/course/courseplan/313773,20,1.00,研讨课,郑成诗,2026-09-02 09:19:27
180093085801P3001H,电磁场数值分析理论与应用,电磁场数值分析理论与应用,电子电气与通信工程学院,雁栖湖,https://jwba.ucas.ac.cn/sc/course/courseplan/313776,40,2.00,专业课,闫帅,2026-09-02 09:19:27
180093085801P4002H,电力电子器件系统应用基础,电力电子器件系统应用基础,电子电气与通信工程学院,雁栖湖,https://jwba.ucas.ac.cn/sc/course/courseplan/313778,20,1.00,研讨课,宁圃奇,2026-09-02 09:19:27
180096030100M1001Z,民法总论,民法总论,公共政策与管理学院,中关村,https://jwba.ucas.ac.cn/sc/course/courseplan/315060,50,2.50,学科核心课,罗先觉,2026-09-02 09:19:27
180096030100M1002Z,知识产权法,知识产权法,公共政策与管理学院,中关村,https://jwba.ucas.ac.cn/sc/course/courseplan/315061,50,2.50,学科核心课,李顺德等,2026-09-02 09:19:27
180096030100M1003Z,法理学,法理学,公共政策与管理学院,中关村,https://jwba.ucas.ac.cn/sc/course/courseplan/315065,60,3.00,学科核心课,肖尤丹等,2026-09-02 09:19:27
180096030100M1004Z,科技法,科技法,公共政策与管理学院,中关村,https://jwba.ucas.ac.cn/sc/course/courseplan/315059,40,2.00,学科核心课,唐素琴等,2026-09-02 09:19:27
180096030100MX001H,公务员基本制度与法律实务,公务员基本制度与法律实务,公共政策与管理学院,雁栖湖,https://jwba.ucas.ac.cn/sc/course/courseplan/313984,30,1.00,公共选修课,张艳,2026-09-02 09:19:27
180096030100MX002H,国际知识产权保护与利用,国际知识产权保护与利用,公共政策与管理学院,雁栖湖,https://jwba.ucas.ac.cn/sc/course/courseplan/313983,30,1.00,公共选修课,尹锋林,2026-09-02 09:19:27
180096030100MX003H,合同法实务,合同法实务,公共政策与管理学院,雁栖湖,https://jwba.ucas.ac.cn/sc/course/courseplan/313994,30,1.00,公共选修课,阎文军,2026-09-02 09:19:27
180096030100MX004H-01,婚姻与继承法,婚姻与继承法,公共政策与管理学院,雁栖湖,https://jwba.ucas.ac.cn/sc/course/courseplan/315601,30,1.00,公共选修课,尹锋林,2026-09-02 09:19:27
180096030100MX004H-02,婚姻与继承法,婚姻与继承法,公共政策与管理学院,雁栖湖,https://jwba.ucas.ac.cn/sc/course/courseplan/315602,30,1.00,公共选修课,张艳,2026-09-02 09:19:27
180096030100MX004H-03,婚姻与继承法,婚姻与继承法,公共政策与管理学院,雁栖湖,https://jwba.ucas.ac.cn/sc/course/courseplan/318778,30,1.00,公共选修课,张艳,2026-09-02 09:19:27
180096030100MX008H,刑法实务,刑法实务,公共政策与管理学院,雁栖湖,https://jwba.ucas.ac.cn/sc/course/courseplan/313992,30,1.00,公共选修课,尹锋林,2026-09-02 09:19:27
180096030100MX009H,行政法,行政法,公共政策与管理学院,雁栖湖,https://jwba.ucas.ac.cn/sc/course/courseplan/313995,30,1.00,公共选修课,张艳,2026-09-02 09:19:27
180096030100MX010H-01,知识产权,知识产权,公共政策与管理学院,雁栖湖,https://jwba.ucas.ac.cn/sc/course/courseplan/315613,30,1.00,公共选修课,阎文军,2026-09-02 09:19:27
180096030100MX012H,劳动法,劳动法,公共政策与管理学院,雁栖湖,https://jwba.ucas.ac.cn/sc/course/courseplan/314907,30,1.00,公共选修课,唐素琴,2026-09-02 09:19:27
180096030105M3001Z,知识产权案例研习,知识产权案例研习,公共政策与管理学院,中关村,https://jwba.ucas.ac.cn/sc/course/courseplan/315127,40,2.00,专业课,马一德,2026-09-02 09:19:27
180096120400M1001Z,公共管理学,公共管理学,公共政策与管理学院,中关村,https://jwba.ucas.ac.cn/sc/course/courseplan/315048,60,3.00,学科核心课,叶中华,2026-09-02 09:19:27
180096120400M1004Z,系统工程理论与应用,系统工程理论与应用,公共政策与管理学院,中关村,https://jwba.ucas.ac.cn/sc/course/courseplan/315055,60,3.00,学科核心课,陈安,2026-09-02 09:19:27
180096120400MX002H,创造性思维,创造性思维,公共政策与管理学院,雁栖湖,https://jwba.ucas.ac.cn/sc/course/courseplan/313953,30,1.00,公共选修课,梁洪力,2026-09-02 09:19:27
180096120400MX003H,创新创业管理与实务,创新创业管理与实务,公共政策与管理学院,雁栖湖,https://jwba.ucas.ac.cn/sc/course/courseplan/314214,30,1.00,公共选修课,孙玉麟,2026-09-02 09:19:27
180096120400MX004H,高等教育管理,高等教育管理,公共政策与管理学院,雁栖湖,https://jwba.ucas.ac.cn/sc/course/courseplan/313814,30,1.00,公共选修课,徐艳茹,2026-09-02 09:19:27
180096120400MX006H,环境管理与政策,环境管理与政策,公共政策与管理学院,雁栖湖,https://jwba.ucas.ac.cn/sc/course/courseplan/313959,30,1.00,公共选修课,周立华,2026-09-02 09:19:27
180096120400MX007H,科技战略与政策,科技战略与政策,公共政策与管理学院,雁栖湖,https://jwba.ucas.ac.cn/sc/course/courseplan/313952,30,1.00,公共选修课,李志红,2026-09-02 09:19:27
180096120400MX007Y,科技战略与政策(人工智能学院非全),科技战略与政策,公共政策与管理学院,玉泉路,https://jwba.ucas.ac.cn/sc/course/courseplan/314490,30,1.00,公共选修课,李志红,2026-09-02 09:19:27
180096120400MX012H,区域经济发展与治理,区域经济发展与治理,公共政策与管理学院,雁栖湖,https://jwba.ucas.ac.cn/sc/course/courseplan/313956,30,1.00,公共选修课,吕晨,2026-09-02 09:19:27
1800961204X1M2002Z,科技政策与管理,科技政策与管理,公共政策与管理学院,中关村,https://jwba.ucas.ac.cn/sc/course/courseplan/315049,40,2.00,专业核心课,刘云,2026-09-02 09:19:27
1800961204X1M3001Z,创新计量学,创新计量学,公共政策与管理学院,中关村,https://jwba.ucas.ac.cn/sc/course/courseplan/315047,40,2.00,专业课,陈凯华等,2026-09-02 09:19:27
1800961204X2M3001Z,科研组织战略管理,科研组织战略管理,公共政策与管理学院,中关村,https://jwba.ucas.ac.cn/sc/course/courseplan/315062,40,2.00,专业课,肖建华,2026-09-02 09:19:27
1800961204X2M3002Z,现代化科学导论,现代化科学导论,公共政策与管理学院,中关村,https://jwba.ucas.ac.cn/sc/course/courseplan/315056,40,2.00,专业课,刘雷等,2026-09-02 09:19:27
1800961204X3M3001Z,全球风险治理,全球风险治理,公共政策与管理学院,中关村,https://jwba.ucas.ac.cn/sc/course/courseplan/315063,40,2.00,专业课,孙晓蕾,2026-09-02 09:19:27
1800961204X4M2001Z,可持续发展理论与实践,可持续发展理论与实践,公共政策与管理学院,中关村,https://jwba.ucas.ac.cn/sc/course/courseplan/315050,40,2.00,专业核心课,王毅等,2026-09-02 09:19:27
1800961204X4M2002Z,碳中和管理概论,碳中和管理概论,公共政策与管理学院,中关村,https://jwba.ucas.ac.cn/sc/course/courseplan/315054,40,2.00,专业核心课,谭显春等,2026-09-02 09:19:27
1800961204X4M3001Z,“一带一路”绿色发展概论,“一带一路”绿色发展概论,公共政策与管理学院,中关村,https://jwba.ucas.ac.cn/sc/course/courseplan/315046,40,2.00,专业课,陈劭锋等,2026-09-02 09:19:27
1800961204X4M3002Z,能源安全战略管理,能源安全战略管理,公共政策与管理学院,中关村,https://jwba.ucas.ac.cn/sc/course/courseplan/315051,40,2.00,专业课,姬强等,2026-09-02 09:19:27
1800961204X4M4002Z,生态文明建设研究前沿,生态文明建设研究前沿,公共政策与管理学院,中关村,https://jwba.ucas.ac.cn/sc/course/courseplan/315053,20,1.00,研讨课,王毅等,2026-09-02 09:19:27
1800961204X5M2001Z,智库双螺旋法导论,智库双螺旋法导论,公共政策与管理学院,中关村,https://jwba.ucas.ac.cn/sc/course/courseplan/315057,40,2.00,专业核心课,陈安,2026-09-02 09:19:27
1800961204X5M4001Z,智库双螺旋法关键问题前沿研讨,智库双螺旋法关键问题前沿研讨,公共政策与管理学院,中关村,https://jwba.ucas.ac.cn/sc/course/courseplan/315058,20,1.00,研讨课,祁明亮等,2026-09-02 09:19:27
180200083100P1001H,生物医学工程导论,生物医学工程导论,医学院,雁栖湖,https://jwba.ucas.ac.cn/sc/course/courseplan/314739,40,2.00,学科核心课,李华等,2026-09-02 09:19:27
180200100800M1001H,天然药物研究方法学导论,天然药物研究方法学导论,医学院,雁栖湖,https://jwba.ucas.ac.cn/sc/course/courseplan/314212,40,2.00,学科核心课,刘宏伟等,2026-09-02 09:19:27
180201070400MX001H,太阳系漫谈,太阳系漫谈,天文与空间科学学院,雁栖湖,https://jwba.ucas.ac.cn/sc/course/courseplan/314360,40,1.00,公共选修课,李婷,2026-09-02 09:19:27
180201070400MX002H,天文学史,天文学史,天文与空间科学学院,雁栖湖,https://jwba.ucas.ac.cn/sc/course/courseplan/314313,40,1.00,公共选修课,黎耕,2026-09-02 09:19:27
180201070401M3001H,恒星物理基础,恒星物理基础,天文与空间科学学院,雁栖湖,https://jwba.ucas.ac.cn/sc/course/courseplan/314361,20,1.00,专业课,闫宏亮,2026-09-02 09:19:27
1802010704Z1M3001H,实测天文基础,实测天文基础,天文与空间科学学院,雁栖湖,https://jwba.ucas.ac.cn/sc/course/courseplan/314310,20,1.00,专业课,葛亮,2026-09-02 09:19:27
1802010704Z1M5001H-1,射电望远镜设计与实现,射电望远镜设计与实现,天文与空间科学学院,雁栖湖,https://jwba.ucas.ac.cn/sc/course/courseplan/315580,60,2.00,实验课,李建斌等,2026-09-02 09:19:27
1802040703X1M3001H,仿生界面科学,仿生界面科学,未来技术学院,雁栖湖,https://jwba.ucas.ac.cn/sc/course/courseplan/313577,40,2.00,专业课,孟靖昕等,2026-09-02 09:19:27
1802040703X2M3003H,人工光合作用与太阳能转换,人工光合作用与太阳能转换,未来技术学院,雁栖湖,https://jwba.ucas.ac.cn/sc/course/courseplan/313643,40,2.00,专业课,张铁锐等,2026-09-02 09:19:27
1802040805X2M3001H,仿生智能纳米材料,仿生智能纳米材料,未来技术学院,雁栖湖,https://jwba.ucas.ac.cn/sc/course/courseplan/313635,40,2.00,专业课,闻利平等,2026-09-02 09:19:27
180206081100M1001H-01,模式识别,模式识别,人工智能学院,雁栖湖,https://jwba.ucas.ac.cn/sc/course/courseplan/315585,60,3.00,学科核心课,向世明等,2026-09-02 09:19:27
180206085410M3009Y,计算机视觉：原理与应用(非全日制课程),计算机视觉：原理与应用,人工智能学院,玉泉路,https://jwba.ucas.ac.cn/sc/course/courseplan/314322,40,2.00,专业课,艾云峰,2026-09-02 09:19:27
180206085410M3010Y,信息论及其应用(非全日制课程),信息论及其应用,人工智能学院,玉泉路,https://jwba.ucas.ac.cn/sc/course/courseplan/314323,40,2.00,专业课,肖俊,2026-09-02 09:19:27
180206085410M3018Y,面向AI系统的软件工程,面向AI系统的软件工程,人工智能学院,玉泉路,https://jwba.ucas.ac.cn/sc/course/courseplan/314325,40,2.00,专业课,姚郑,2026-09-02 09:19:27
180207040200M1001H,心理学研究方法与技术,心理学研究方法与技术,心理学系,雁栖湖,https://jwba.ucas.ac.cn/sc/course/courseplan/314273,60,3.00,学科核心课,付秋芳等,2026-09-02 09:19:27
180207040200M3002H,心理测量与评估,心理测量与评估,心理学系,雁栖湖,https://jwba.ucas.ac.cn/sc/course/courseplan/314274,40,2.00,专业课,王力等,2026-09-02 09:19:27
180207040200M3003H,心理统计基础,心理统计基础,心理学系,雁栖湖,https://jwba.ucas.ac.cn/sc/course/courseplan/314275,40,2.00,专业课,刘烨等,2026-09-02 09:19:27
180207040200MX002H,环境心理学,环境心理学,心理学系,雁栖湖,https://jwba.ucas.ac.cn/sc/course/courseplan/314289,30,1.00,公共选修课,王妍,2026-09-02 09:19:27
180207040200MX004H,健康心理学,健康心理学,心理学系,雁栖湖,https://jwba.ucas.ac.cn/sc/course/courseplan/314290,30,1.00,公共选修课,王玮文,2026-09-02 09:19:27
180207040200MX006H,人脑的教育,人脑的教育,心理学系,雁栖湖,https://jwba.ucas.ac.cn/sc/course/courseplan/314291,40,1.00,公共选修课,李雪冰,2026-09-02 09:19:27
180207040200MX007H,生活中的心理学,生活中的心理学,心理学系,雁栖湖,https://jwba.ucas.ac.cn/sc/course/courseplan/314292,40,1.00,公共选修课,丁金丰,2026-09-02 09:19:27
180207040200MX012H,职业心理学,职业心理学,心理学系,雁栖湖,https://jwba.ucas.ac.cn/sc/course/courseplan/314294,30,1.00,公共选修课,周洁,2026-09-02 09:19:27
180207040200MX013H,中国文化与心理健康要素,中国文化与心理健康要素,心理学系,雁栖湖,https://jwba.ucas.ac.cn/sc/course/courseplan/314295,30,1.00,公共选修课,罗非,2026-09-02 09:19:27
180207040200MX014H,文化社会心理学,文化社会心理学,心理学系,雁栖湖,https://jwba.ucas.ac.cn/sc/course/courseplan/314293,30,1.00,公共选修课,任孝鹏,2026-09-02 09:19:27
180207040201M2001H,认知心理学,认知心理学,心理学系,雁栖湖,https://jwba.ucas.ac.cn/sc/course/courseplan/314276,60,3.00,专业核心课,蒋毅等,2026-09-02 09:19:27
180207040202M2001H,毕生发展心理学,毕生发展心理学,心理学系,雁栖湖,https://jwba.ucas.ac.cn/sc/course/courseplan/314277,60,3.00,专业核心课,李甦等,2026-09-02 09:19:27
180207040202M3001H,老年心理学,老年心理学,心理学系,雁栖湖,https://jwba.ucas.ac.cn/sc/course/courseplan/314278,40,2.00,专业课,李娟等,2026-09-02 09:19:27
180207040203M2001H,应用心理学高级课程,应用心理学高级课程,心理学系,雁栖湖,https://jwba.ucas.ac.cn/sc/course/courseplan/314279,60,3.00,专业核心课,朱廷劭等,2026-09-02 09:19:27
1802070402Z1M2001H,生理心理学,生理心理学,心理学系,雁栖湖,https://jwba.ucas.ac.cn/sc/course/courseplan/314280,60,3.00,专业核心课,王亮等,2026-09-02 09:19:27
1802070402Z1M3002H,脑病理生理学导论,脑病理生理学导论,心理学系,雁栖湖,https://jwba.ucas.ac.cn/sc/course/courseplan/314281,40,2.00,专业课,赫荣乔,2026-09-02 09:19:27
1802070402Z1M4001H,轴心时代经典对观-心理健康成长解读,轴心时代经典对观-心理健康成长解读,心理学系,雁栖湖,https://jwba.ucas.ac.cn/sc/course/courseplan/314282,20,1.00,研讨课,韩布新,2026-09-02 09:19:27
1802070402Z2M2001H,功能神经解剖,功能神经解剖,心理学系,雁栖湖,https://jwba.ucas.ac.cn/sc/course/courseplan/314283,60,3.00,专业核心课,王锦琰等,2026-09-02 09:19:27
1802070402Z2M3001H,计算编程在心理学研究中的应用,计算编程在心理学研究中的应用,心理学系,雁栖湖,https://jwba.ucas.ac.cn/sc/course/courseplan/314284,40,2.00,专业课,孔亚卓等,2026-09-02 09:19:27
180207045400M1001H,心理学研究方法基础与应用,心理学研究方法基础与应用,心理学系,雁栖湖,https://jwba.ucas.ac.cn/sc/course/courseplan/314298,40,2.00,学科核心课,饶俪琳等,2026-09-02 09:19:27
180207045400M1002H,应用心理统计,应用心理统计,心理学系,雁栖湖,https://jwba.ucas.ac.cn/sc/course/courseplan/314299,40,2.00,学科核心课,周媛等,2026-09-02 09:19:27
180207045400M1003H,心理测量技术与应用,心理测量技术与应用,心理学系,雁栖湖,https://jwba.ucas.ac.cn/sc/course/courseplan/314300,40,2.00,学科核心课,周明洁等,2026-09-02 09:19:27
180207045400M1004H,发展心理学进展,发展心理学进展,心理学系,雁栖湖,https://jwba.ucas.ac.cn/sc/course/courseplan/314285,40,2.00,学科核心课,李娟等,2026-09-02 09:19:27
180207045400M1005H,应用心理学进展,应用心理学进展,心理学系,雁栖湖,https://jwba.ucas.ac.cn/sc/course/courseplan/314297,40,2.00,学科核心课,朱廷劭等,2026-09-02 09:19:27
180207045400M3006H,判断和选择的纠偏与助推,判断和选择的纠偏与助推,心理学系,雁栖湖,https://jwba.ucas.ac.cn/sc/course/courseplan/314286,40,2.00,专业课,饶俪琳等,2026-09-02 09:19:27
180207045400M3009H,临床心理学,临床心理学,心理学系,雁栖湖,https://jwba.ucas.ac.cn/sc/course/courseplan/314287,40,2.00,专业课,高文斌等,2026-09-02 09:19:27
180207045400M3011H,人格心理学,人格心理学,心理学系,雁栖湖,https://jwba.ucas.ac.cn/sc/course/courseplan/314288,40,2.00,专业课,罗宇,2026-09-02 09:19:27
180208085803P2001H,核反应堆工程与安全分析,核反应堆工程与安全分析,核科学与技术学院,雁栖湖,https://jwba.ucas.ac.cn/sc/course/courseplan/314521,60,3.00,专业核心课,杨永伟等,2026-09-02 09:19:27
180208085803P4001H,能源利用原理与节能技术,能源利用原理与节能技术,核科学与技术学院,雁栖湖,https://jwba.ucas.ac.cn/sc/course/courseplan/314977,20,1.00,研讨课,杨磊等,2026-09-02 09:19:27
180209090301M2001H,农业生态学,农业生态学,现代农业科学学院,雁栖湖,https://jwba.ucas.ac.cn/sc/course/courseplan/314271,60,3.00,专业核心课,胡春胜等,2026-09-02 09:19:27
180209090301M4002H,盐碱土治理,盐碱土治理,现代农业科学学院,雁栖湖,https://jwba.ucas.ac.cn/sc/course/courseplan/314302,20,1.00,研讨课,黄立华,2026-09-02 09:19:27
1802090903Z1M2001H,农业关键带水碳氮循环及环境管理,农业关键带水碳氮循环及环境管理,现代农业科学学院,雁栖湖,https://jwba.ucas.ac.cn/sc/course/courseplan/314303,40,2.00,专业核心课,沈彦俊等,2026-09-02 09:19:27
1802090903Z1M3002H,作物水分高效利用理论与实践,作物水分高效利用理论与实践,现代农业科学学院,雁栖湖,https://jwba.ucas.ac.cn/sc/course/courseplan/314304,50,2.50,专业课,刘秀位等,2026-09-02 09:19:27
180209090500M1001H,高级动物环境生理学,高级动物环境生理学,现代农业科学学院,雁栖湖,https://jwba.ucas.ac.cn/sc/course/courseplan/314599,40,2.00,学科核心课,孔祥峰等,2026-09-02 09:19:27
180209090500M1002H,高级动物生物化学,高级动物生物化学,现代农业科学学院,雁栖湖,https://jwba.ucas.ac.cn/sc/course/courseplan/314668,40,2.00,学科核心课,贺志雄等,2026-09-02 09:19:27
180209090500M1003H,高级动物营养学,高级动物营养学,现代农业科学学院,雁栖湖,https://jwba.ucas.ac.cn/sc/course/courseplan/314597,50,2.50,学科核心课,李凤娜等,2026-09-02 09:19:27
180209090502M2001H,动物消化系统生物学,动物消化系统生物学,现代农业科学学院,雁栖湖,https://jwba.ucas.ac.cn/sc/course/courseplan/314682,40,2.00,专业核心课,周传社等,2026-09-02 09:19:27
180209090503M2001H,牧草分子育种与生态栽培学,牧草分子育种与生态栽培学,现代农业科学学院,雁栖湖,https://jwba.ucas.ac.cn/sc/course/courseplan/314598,40,2.00,专业核心课,陈良等,2026-09-02 09:19:27
180209090503M3001H,草资源及其管理,草资源及其管理,现代农业科学学院,雁栖湖,https://jwba.ucas.ac.cn/sc/course/courseplan/314699,40,2.00,专业课,樊江文等,2026-09-02 09:19:27
180209090702M2001H,森林植被与环境,森林植被与环境,现代农业科学学院,雁栖湖,https://jwba.ucas.ac.cn/sc/course/courseplan/314305,40,2.00,专业核心课,旷远文等,2026-09-02 09:19:27
180209090706M2001H,重要园艺性状品质形成与调控,重要园艺性状品质形成与调控,现代农业科学学院,雁栖湖,https://jwba.ucas.ac.cn/sc/course/courseplan/314567,60,3.00,专业核心课,王亮生等,2026-09-02 09:19:27
180209090706M3001H,植物园与人类社会发展,植物园与人类社会发展,现代农业科学学院,雁栖湖,https://jwba.ucas.ac.cn/sc/course/courseplan/314529,40,2.00,专业课,王瑛等,2026-09-02 09:19:27
180209095132M2001H,植物营养与全球变化,植物营养与全球变化,现代农业科学学院,雁栖湖,https://jwba.ucas.ac.cn/sc/course/courseplan/314704,50,2.50,专业核心课,朱军涛等,2026-09-02 09:19:27
180209095136M2003H,地理信息技术及应用,地理信息技术及应用,现代农业科学学院,雁栖湖,https://jwba.ucas.ac.cn/sc/course/courseplan/315042,40,2.00,专业核心课,陈鹏飞等,2026-09-02 09:19:27
180209095137M2002H,农业环境学,农业环境学,现代农业科学学院,雁栖湖,https://jwba.ucas.ac.cn/sc/course/courseplan/315041,60,3.00,专业核心课,梁涛等,2026-09-02 09:19:27
180209095137M3002H,农业地理学,农业地理学,现代农业科学学院,雁栖湖,https://jwba.ucas.ac.cn/sc/course/courseplan/314666,40,2.00,专业课,王介勇等,2026-09-02 09:19:27
180211080300M1002H,光电子学,光电子学,光电学院,雁栖湖,https://jwba.ucas.ac.cn/sc/course/courseplan/314423,60,3.00,学科核心课,周治平等,2026-09-02 09:19:27
180211080300M1006H,激光原理与技术,激光原理与技术,光电学院,雁栖湖,https://jwba.ucas.ac.cn/sc/course/courseplan/314421,60,3.00,学科核心课,张志刚等,2026-09-02 09:19:27
180211080300P1002H,应用光学,应用光学,光电学院,雁栖湖,https://jwba.ucas.ac.cn/sc/course/courseplan/314422,60,3.00,学科核心课,黄一帆,2026-09-02 09:19:27
180211080300P1003H,高等物理光学,高等物理光学,光电学院,雁栖湖,https://jwba.ucas.ac.cn/sc/course/courseplan/314405,60,3.00,学科核心课,史祎诗,2026-09-02 09:19:27
1802110803X1M2001H,红外成像技术,红外成像技术,光电学院,雁栖湖,https://jwba.ucas.ac.cn/sc/course/courseplan/314406,60,3.00,专业核心课,徐云等,2026-09-02 09:19:27
1802110803X1M5001H,光学传感实验,光学传感实验,光电学院,雁栖湖,https://jwba.ucas.ac.cn/sc/course/courseplan/314407,40,1.00,实验课,董国艳,2026-09-02 09:19:27
1802110803X2M4003H,激光光场测控与应用,激光光场测控与应用,光电学院,雁栖湖,https://jwba.ucas.ac.cn/sc/course/courseplan/314428,20,1.00,研讨课,黄林海等,2026-09-02 09:19:27
1802110803X3M2001H,光电子器件制造技术,光电子器件制造技术,光电学院,雁栖湖,https://jwba.ucas.ac.cn/sc/course/courseplan/314409,50,2.50,专业核心课,张冶金等,2026-09-02 09:19:27
1802110803X4M2001H,信息光电子学,信息光电子学,光电学院,雁栖湖,https://jwba.ucas.ac.cn/sc/course/courseplan/314411,60,3.00,专业核心课,孙志斌,2026-09-02 09:19:27
1802110803X4M2002H,光子集成芯片基础,光子集成芯片基础,光电学院,雁栖湖,https://jwba.ucas.ac.cn/sc/course/courseplan/314412,60,3.00,专业核心课,陆丹等,2026-09-02 09:19:27
1802110803X4M4003H,无源光芯片理论及工艺,无源光芯片理论及工艺,光电学院,雁栖湖,https://jwba.ucas.ac.cn/sc/course/courseplan/314413,20,1.00,研讨课,安俊明等,2026-09-02 09:19:27
1802110803X4M4004H,生医光电系统在臨床上的应用,生医光电系统在臨床上的应用,光电学院,雁栖湖,https://jwba.ucas.ac.cn/sc/course/courseplan/314414,20,1.00,研讨课,陈靖容,2026-09-02 09:19:27
1802110803X4M5001H,高等光学实验,高等光学实验,光电学院,雁栖湖,https://jwba.ucas.ac.cn/sc/course/courseplan/314415,40,1.00,实验课,史祎诗,2026-09-02 09:19:27
1802110803X4M5002H,光电技术实验,光电技术实验,光电学院,雁栖湖,https://jwba.ucas.ac.cn/sc/course/courseplan/314416,40,1.00,实验课,余锦等,2026-09-02 09:19:27
1802110803X4M5004H,光电探测实验,光电探测实验,光电学院,雁栖湖,https://jwba.ucas.ac.cn/sc/course/courseplan/314418,40,1.00,实验课,孟祥悦,2026-09-02 09:19:27
1802110803X5M2002H,半导体激光器,半导体激光器,光电学院,雁栖湖,https://jwba.ucas.ac.cn/sc/course/courseplan/314419,60,3.00,专业核心课,杨跃德等,2026-09-02 09:19:27
1802110803X5M3001H,固体激光原理及应用,固体激光原理及应用,光电学院,雁栖湖,https://jwba.ucas.ac.cn/sc/course/courseplan/314420,60,3.00,专业课,林学春等,2026-09-02 09:19:27
180211085408M2001H,工程光学,工程光学,光电学院,雁栖湖,https://jwba.ucas.ac.cn/sc/course/courseplan/314425,60,3.00,专业核心课,吴小成等,2026-09-02 09:19:27
180213010108MB001H-01,自然辩证法概论,自然辩证法概论,马克思主义学院,雁栖湖,https://jwba.ucas.ac.cn/sc/course/courseplan/315807,36,1.00,公共必修课,李志红,2026-09-02 09:19:27
180213010108MB001H-02,自然辩证法概论,自然辩证法概论,马克思主义学院,雁栖湖,https://jwba.ucas.ac.cn/sc/course/courseplan/315808,36,1.00,公共必修课,赵俊海,2026-09-02 09:19:27
180213010108MB001H-03,自然辩证法概论,自然辩证法概论,马克思主义学院,雁栖湖,https://jwba.ucas.ac.cn/sc/course/courseplan/315809,36,1.00,公共必修课,刘洋,2026-09-02 09:19:27
180213010108MB001H-04,自然辩证法概论,自然辩证法概论,马克思主义学院,雁栖湖,https://jwba.ucas.ac.cn/sc/course/courseplan/315810,36,1.00,公共必修课,赵俊海,2026-09-02 09:19:27
180213010108MB001H-05,自然辩证法概论,自然辩证法概论,马克思主义学院,雁栖湖,https://jwba.ucas.ac.cn/sc/course/courseplan/315811,36,1.00,公共必修课,张增一,2026-09-02 09:19:27
180213010108MB001H-06,自然辩证法概论,自然辩证法概论,马克思主义学院,雁栖湖,https://jwba.ucas.ac.cn/sc/course/courseplan/315812,36,1.00,公共必修课,王勇忠,2026-09-02 09:19:27
180213010108MB001H-07,自然辩证法概论,自然辩证法概论,马克思主义学院,雁栖湖,https://jwba.ucas.ac.cn/sc/course/courseplan/315829,36,1.00,公共必修课,尚智丛,2026-09-02 09:19:27
180213010108MB001H-08,自然辩证法概论,自然辩证法概论,马克思主义学院,雁栖湖,https://jwba.ucas.ac.cn/sc/course/courseplan/315830,36,1.00,公共必修课,李宏芳,2026-09-02 09:19:27
180213010108MB001H-09,自然辩证法概论,自然辩证法概论,马克思主义学院,雁栖湖,https://jwba.ucas.ac.cn/sc/course/courseplan/315825,36,1.00,公共必修课,洪帆,2026-09-02 09:19:27
180213010108MB001H-10,自然辩证法概论,自然辩证法概论,马克思主义学院,雁栖湖,https://jwba.ucas.ac.cn/sc/course/courseplan/315826,36,1.00,公共必修课,洪帆,2026-09-02 09:19:27
180213010108MB001H-11,自然辩证法概论,自然辩证法概论,马克思主义学院,雁栖湖,https://jwba.ucas.ac.cn/sc/course/courseplan/315827,36,1.00,公共必修课,王大明,2026-09-02 09:19:27
180213010108MB001H-12,自然辩证法概论,自然辩证法概论,马克思主义学院,雁栖湖,https://jwba.ucas.ac.cn/sc/course/courseplan/315828,36,1.00,公共必修课,王大明,2026-09-02 09:19:27
180213010108MB001H-13,自然辩证法概论,自然辩证法概论,马克思主义学院,雁栖湖,https://jwba.ucas.ac.cn/sc/course/courseplan/315813,36,1.00,公共必修课,孟建伟,2026-09-02 09:19:27
180213010108MB001H-14,自然辩证法概论,自然辩证法概论,马克思主义学院,雁栖湖,https://jwba.ucas.ac.cn/sc/course/courseplan/315814,36,1.00,公共必修课,尚智丛,2026-09-02 09:19:27
180213010108MB001H-15,自然辩证法概论,自然辩证法概论,马克思主义学院,雁栖湖,https://jwba.ucas.ac.cn/sc/course/courseplan/315815,36,1.00,公共必修课,刘洋,2026-09-02 09:19:27
180213010108MB001H-16,自然辩证法概论,自然辩证法概论,马克思主义学院,雁栖湖,https://jwba.ucas.ac.cn/sc/course/courseplan/315816,36,1.00,公共必修课,王大洲,2026-09-02 09:19:27
180213010108MB001H-17,自然辩证法概论,自然辩证法概论,马克思主义学院,雁栖湖,https://jwba.ucas.ac.cn/sc/course/courseplan/315817,36,1.00,公共必修课,邱慧,2026-09-02 09:19:27
180213010108MB001H-18,自然辩证法概论,自然辩证法概论,马克思主义学院,雁栖湖,https://jwba.ucas.ac.cn/sc/course/courseplan/315818,36,1.00,公共必修课,王勇忠,2026-09-02 09:19:27
180213010108MB001H-19,自然辩证法概论,自然辩证法概论,马克思主义学院,雁栖湖,https://jwba.ucas.ac.cn/sc/course/courseplan/315819,36,1.00,公共必修课,柯遵科,2026-09-02 09:19:27
180213010108MB001H-20,自然辩证法概论,自然辩证法概论,马克思主义学院,雁栖湖,https://jwba.ucas.ac.cn/sc/course/courseplan/315821,36,1.00,公共必修课,叶青,2026-09-02 09:19:27
180213010108MB001H-21,自然辩证法概论,自然辩证法概论,马克思主义学院,雁栖湖,https://jwba.ucas.ac.cn/sc/course/courseplan/315822,36,1.00,公共必修课,王勇忠,2026-09-02 09:19:27
180213010108MB001H-22,自然辩证法概论,自然辩证法概论,马克思主义学院,雁栖湖,https://jwba.ucas.ac.cn/sc/course/courseplan/315823,36,1.00,公共必修课,刘二中,2026-09-02 09:19:27
180213010108MB001H-23,自然辩证法概论,自然辩证法概论,马克思主义学院,雁栖湖,https://jwba.ucas.ac.cn/sc/course/courseplan/315824,36,1.00,公共必修课,叶青,2026-09-02 09:19:27
180213010108MB001H-24,自然辩证法概论,自然辩证法概论,马克思主义学院,雁栖湖,https://jwba.ucas.ac.cn/sc/course/courseplan/315820,36,1.00,公共必修课,刘二中,2026-09-02 09:19:27
180213010108MB001H-25,自然辩证法概论,自然辩证法概论,马克思主义学院,雁栖湖,https://jwba.ucas.ac.cn/sc/course/courseplan/315831,36,1.00,公共必修课,何涓,2026-09-02 09:19:27
180213010108MB001H-26,自然辩证法概论,自然辩证法概论,马克思主义学院,雁栖湖,https://jwba.ucas.ac.cn/sc/course/courseplan/318502,36,1.00,公共必修课,柯遵科,2026-09-02 09:19:27
180213010108MB001H-27,自然辩证法概论,自然辩证法概论,马克思主义学院,雁栖湖,https://jwba.ucas.ac.cn/sc/course/courseplan/318504,36,1.00,公共必修课,张志会,2026-09-02 09:19:27
180213010108MB001H-28,自然辩证法概论,自然辩证法概论,马克思主义学院,雁栖湖,https://jwba.ucas.ac.cn/sc/course/courseplan/318505,36,1.00,公共必修课,李宏芳,2026-09-02 09:19:27
180213010108MB001H-29,自然辩证法概论,自然辩证法概论,马克思主义学院,雁栖湖,https://jwba.ucas.ac.cn/sc/course/courseplan/318548,36,1.00,公共必修课,赵俊海,2026-09-02 09:19:27
180213010108MB001H-30,自然辩证法概论,自然辩证法概论,马克思主义学院,雁栖湖,https://jwba.ucas.ac.cn/sc/course/courseplan/315832,36,1.00,公共必修课,王勇忠,2026-09-02 09:19:27
180213010108MB001H-31,自然辩证法概论,自然辩证法概论,马克思主义学院,雁栖湖,https://jwba.ucas.ac.cn/sc/course/courseplan/318714,36,1.00,公共必修课,何涓,2026-09-02 09:19:27
180213010108MB001Y-01,自然辩证法概论,自然辩证法概论,马克思主义学院,玉泉路,https://jwba.ucas.ac.cn/sc/course/courseplan/315794,36,1.00,公共必修课,陈天嘉,2026-09-02 09:19:27
180213010108MB001Y-02,自然辩证法概论,自然辩证法概论,马克思主义学院,玉泉路,https://jwba.ucas.ac.cn/sc/course/courseplan/315795,36,1.00,公共必修课,刘洋,2026-09-02 09:19:27
180213010108MB001Y-03,自然辩证法概论,自然辩证法概论,马克思主义学院,玉泉路,https://jwba.ucas.ac.cn/sc/course/courseplan/315796,36,1.00,公共必修课,赵俊海,2026-09-02 09:19:27
180213010108MB001Y-04,自然辩证法概论,自然辩证法概论,马克思主义学院,玉泉路,https://jwba.ucas.ac.cn/sc/course/courseplan/315797,36,1.00,公共必修课,李志红,2026-09-02 09:19:27
180213010108MB001Z-01,自然辩证法概论,自然辩证法概论,马克思主义学院,中关村,https://jwba.ucas.ac.cn/sc/course/courseplan/315802,36,1.00,公共必修课,王勇忠,2026-09-02 09:19:27
180213030500M1001Y,中国近现代史基本问题研究,中国近现代史基本问题研究,马克思主义学院,玉泉路,https://jwba.ucas.ac.cn/sc/course/courseplan/314138,40,2.00,学科核心课,刘洋,2026-09-02 09:19:27
180213030500M1003Y,马克思主义经典著作导读,马克思主义经典著作导读,马克思主义学院,玉泉路,https://jwba.ucas.ac.cn/sc/course/courseplan/314072,40,2.00,学科核心课,方晓阳,2026-09-02 09:19:27
180213030500M1004Y,思想政治教育原理与方法,思想政治教育原理与方法,马克思主义学院,玉泉路,https://jwba.ucas.ac.cn/sc/course/courseplan/314216,40,2.00,学科核心课,陈天嘉等,2026-09-02 09:19:27
180213030500M1005Y,马克思主义基本原理专题研究,马克思主义基本原理专题研究,马克思主义学院,玉泉路,https://jwba.ucas.ac.cn/sc/course/courseplan/313641,40,2.00,学科核心课,李宏芳,2026-09-02 09:19:27
180213030500M1006Y,党的建设理论与实践研究,党的建设理论与实践研究,马克思主义学院,玉泉路,https://jwba.ucas.ac.cn/sc/course/courseplan/313646,40,2.00,学科核心课,王庭大等,2026-09-02 09:19:27
180213030500M1010Y,马克思主义中国化研究,马克思主义中国化研究,马克思主义学院,玉泉路,https://jwba.ucas.ac.cn/sc/course/courseplan/313642,40,2.00,学科核心课,常征,2026-09-02 09:19:27
180213030500MB001H-01,新时代中国特色社会主义理论与实践,新时代中国特色社会主义理论与实践,马克思主义学院,雁栖湖,https://jwba.ucas.ac.cn/sc/course/courseplan/315751,36,2.00,公共必修课,常征等,2026-09-02 09:19:27
180213030500MB001H-02,新时代中国特色社会主义理论与实践,新时代中国特色社会主义理论与实践,马克思主义学院,雁栖湖,https://jwba.ucas.ac.cn/sc/course/courseplan/315752,36,2.00,公共必修课,董艺等,2026-09-02 09:19:27
180213030500MB001H-03,新时代中国特色社会主义理论与实践,新时代中国特色社会主义理论与实践,马克思主义学院,雁栖湖,https://jwba.ucas.ac.cn/sc/course/courseplan/315753,36,2.00,公共必修课,孙馨月等,2026-09-02 09:19:27
180213030500MB001H-04,新时代中国特色社会主义理论与实践,新时代中国特色社会主义理论与实践,马克思主义学院,雁栖湖,https://jwba.ucas.ac.cn/sc/course/courseplan/315754,36,2.00,公共必修课,常征等,2026-09-02 09:19:27
180213030500MB001H-05,新时代中国特色社会主义理论与实践,新时代中国特色社会主义理论与实践,马克思主义学院,雁栖湖,https://jwba.ucas.ac.cn/sc/course/courseplan/315755,36,2.00,公共必修课,魏建武等,2026-09-02 09:19:27
180213030500MB001H-06,新时代中国特色社会主义理论与实践,新时代中国特色社会主义理论与实践,马克思主义学院,雁栖湖,https://jwba.ucas.ac.cn/sc/course/courseplan/315756,36,2.00,公共必修课,魏建武等,2026-09-02 09:19:27
180213030500MB001H-07,新时代中国特色社会主义理论与实践,新时代中国特色社会主义理论与实践,马克思主义学院,雁栖湖,https://jwba.ucas.ac.cn/sc/course/courseplan/315757,36,2.00,公共必修课,常征等,2026-09-02 09:19:27
180213030500MB001H-08,新时代中国特色社会主义理论与实践,新时代中国特色社会主义理论与实践,马克思主义学院,雁栖湖,https://jwba.ucas.ac.cn/sc/course/courseplan/315758,36,2.00,公共必修课,孙馨月等,2026-09-02 09:19:27
180213030500MB001H-09,新时代中国特色社会主义理论与实践,新时代中国特色社会主义理论与实践,马克思主义学院,雁栖湖,https://jwba.ucas.ac.cn/sc/course/courseplan/315759,36,2.00,公共必修课,黄小茹等,2026-09-02 09:19:27
180213030500MB001H-10,新时代中国特色社会主义理论与实践,新时代中国特色社会主义理论与实践,马克思主义学院,雁栖湖,https://jwba.ucas.ac.cn/sc/course/courseplan/315760,36,2.00,公共必修课,常征等,2026-09-02 09:19:27
180213030500MB001H-11,新时代中国特色社会主义理论与实践,新时代中国特色社会主义理论与实践,马克思主义学院,雁栖湖,https://jwba.ucas.ac.cn/sc/course/courseplan/315764,36,2.00,公共必修课,常征等,2026-09-02 09:19:27
180213030500MB001H-12,新时代中国特色社会主义理论与实践,新时代中国特色社会主义理论与实践,马克思主义学院,雁栖湖,https://jwba.ucas.ac.cn/sc/course/courseplan/315761,36,2.00,公共必修课,何迪等,2026-09-02 09:19:27
180213030500MB001H-13,新时代中国特色社会主义理论与实践,新时代中国特色社会主义理论与实践,马克思主义学院,雁栖湖,https://jwba.ucas.ac.cn/sc/course/courseplan/315762,36,2.00,公共必修课,董艺等,2026-09-02 09:19:27
180213030500MB001H-14,新时代中国特色社会主义理论与实践,新时代中国特色社会主义理论与实践,马克思主义学院,雁栖湖,https://jwba.ucas.ac.cn/sc/course/courseplan/315763,36,2.00,公共必修课,常征等,2026-09-02 09:19:27
180213030500MB001H-15,新时代中国特色社会主义理论与实践,新时代中国特色社会主义理论与实践,马克思主义学院,雁栖湖,https://jwba.ucas.ac.cn/sc/course/courseplan/315765,36,2.00,公共必修课,董艺等,2026-09-02 09:19:27
180213030500MB001H-16,新时代中国特色社会主义理论与实践,新时代中国特色社会主义理论与实践,马克思主义学院,雁栖湖,https://jwba.ucas.ac.cn/sc/course/courseplan/315766,36,2.00,公共必修课,何迪等,2026-09-02 09:19:27
180213030500MB001H-17,新时代中国特色社会主义理论与实践,新时代中国特色社会主义理论与实践,马克思主义学院,雁栖湖,https://jwba.ucas.ac.cn/sc/course/courseplan/315767,36,2.00,公共必修课,常征等,2026-09-02 09:19:27
180213030500MB001H-18,新时代中国特色社会主义理论与实践,新时代中国特色社会主义理论与实践,马克思主义学院,雁栖湖,https://jwba.ucas.ac.cn/sc/course/courseplan/315768,36,2.00,公共必修课,董艺等,2026-09-02 09:19:27
180213030500MB001H-19,新时代中国特色社会主义理论与实践,新时代中国特色社会主义理论与实践,马克思主义学院,雁栖湖,https://jwba.ucas.ac.cn/sc/course/courseplan/315769,36,2.00,公共必修课,曲一歌等,2026-09-02 09:19:27
180213030500MB001H-20,新时代中国特色社会主义理论与实践,新时代中国特色社会主义理论与实践,马克思主义学院,雁栖湖,https://jwba.ucas.ac.cn/sc/course/courseplan/315770,36,2.00,公共必修课,董昊等,2026-09-02 09:19:27
180213030500MB001H-21,新时代中国特色社会主义理论与实践,新时代中国特色社会主义理论与实践,马克思主义学院,雁栖湖,https://jwba.ucas.ac.cn/sc/course/courseplan/315771,36,2.00,公共必修课,董艺等,2026-09-02 09:19:27
180213030500MB001H-22,新时代中国特色社会主义理论与实践,新时代中国特色社会主义理论与实践,马克思主义学院,雁栖湖,https://jwba.ucas.ac.cn/sc/course/courseplan/315772,36,2.00,公共必修课,何迪等,2026-09-02 09:19:27
180213030500MB001H-23,新时代中国特色社会主义理论与实践,新时代中国特色社会主义理论与实践,马克思主义学院,雁栖湖,https://jwba.ucas.ac.cn/sc/course/courseplan/315773,36,2.00,公共必修课,董艺等,2026-09-02 09:19:27
180213030500MB001H-24,新时代中国特色社会主义理论与实践,新时代中国特色社会主义理论与实践,马克思主义学院,雁栖湖,https://jwba.ucas.ac.cn/sc/course/courseplan/315774,36,2.00,公共必修课,常征等,2026-09-02 09:19:27
180213030500MB001H-25,新时代中国特色社会主义理论与实践,新时代中国特色社会主义理论与实践,马克思主义学院,雁栖湖,https://jwba.ucas.ac.cn/sc/course/courseplan/315775,36,2.00,公共必修课,常征等,2026-09-02 09:19:27
180213030500MB001H-26,新时代中国特色社会主义理论与实践,新时代中国特色社会主义理论与实践,马克思主义学院,雁栖湖,https://jwba.ucas.ac.cn/sc/course/courseplan/315776,36,2.00,公共必修课,何迪等,2026-09-02 09:19:27
180213030500MB001H-27,新时代中国特色社会主义理论与实践,新时代中国特色社会主义理论与实践,马克思主义学院,雁栖湖,https://jwba.ucas.ac.cn/sc/course/courseplan/315777,36,2.00,公共必修课,董艺等,2026-09-02 09:19:27
180213030500MB001H-28,新时代中国特色社会主义理论与实践,新时代中国特色社会主义理论与实践,马克思主义学院,雁栖湖,https://jwba.ucas.ac.cn/sc/course/courseplan/315778,36,2.00,公共必修课,王庭大等,2026-09-02 09:19:27
180213030500MB001H-29,新时代中国特色社会主义理论与实践,新时代中国特色社会主义理论与实践,马克思主义学院,雁栖湖,https://jwba.ucas.ac.cn/sc/course/courseplan/315779,36,2.00,公共必修课,董艺等,2026-09-02 09:19:27
180213030500MB001H-30,新时代中国特色社会主义理论与实践,新时代中国特色社会主义理论与实践,马克思主义学院,雁栖湖,https://jwba.ucas.ac.cn/sc/course/courseplan/315780,36,2.00,公共必修课,曲一歌等,2026-09-02 09:19:27
180213030500MB001H-31,新时代中国特色社会主义理论与实践,新时代中国特色社会主义理论与实践,马克思主义学院,雁栖湖,https://jwba.ucas.ac.cn/sc/course/courseplan/315781,36,2.00,公共必修课,孙馨月等,2026-09-02 09:19:27
180213030500MB001H-32,新时代中国特色社会主义理论与实践,新时代中国特色社会主义理论与实践,马克思主义学院,雁栖湖,https://jwba.ucas.ac.cn/sc/course/courseplan/315782,36,2.00,公共必修课,魏建武等,2026-09-02 09:19:27
180213030500MB001H-33,新时代中国特色社会主义理论与实践,新时代中国特色社会主义理论与实践,马克思主义学院,雁栖湖,https://jwba.ucas.ac.cn/sc/course/courseplan/315783,36,2.00,公共必修课,侯玉环等,2026-09-02 09:19:27
180213030500MB001H-34,新时代中国特色社会主义理论与实践,新时代中国特色社会主义理论与实践,马克思主义学院,雁栖湖,https://jwba.ucas.ac.cn/sc/course/courseplan/315784,36,2.00,公共必修课,常征等,2026-09-02 09:19:27
180213030500MB001H-35,新时代中国特色社会主义理论与实践,新时代中国特色社会主义理论与实践,马克思主义学院,雁栖湖,https://jwba.ucas.ac.cn/sc/course/courseplan/315785,36,2.00,公共必修课,常征等,2026-09-02 09:19:27
180213030500MB001H-36,新时代中国特色社会主义理论与实践,新时代中国特色社会主义理论与实践,马克思主义学院,雁栖湖,https://jwba.ucas.ac.cn/sc/course/courseplan/315786,36,2.00,公共必修课,魏建武等,2026-09-02 09:19:27
180213030500MB001H-37,新时代中国特色社会主义理论与实践,新时代中国特色社会主义理论与实践,马克思主义学院,雁栖湖,https://jwba.ucas.ac.cn/sc/course/courseplan/315787,36,2.00,公共必修课,孙馨月等,2026-09-02 09:19:27
180213030500MB001H-38,新时代中国特色社会主义理论与实践,新时代中国特色社会主义理论与实践,马克思主义学院,雁栖湖,https://jwba.ucas.ac.cn/sc/course/courseplan/315788,36,2.00,公共必修课,王庭大等,2026-09-02 09:19:27
180213030500MB001H-39,新时代中国特色社会主义理论与实践,新时代中国特色社会主义理论与实践,马克思主义学院,雁栖湖,https://jwba.ucas.ac.cn/sc/course/courseplan/315789,36,2.00,公共必修课,董艺等,2026-09-02 09:19:27
180213030500MB001Y-01,新时代中国特色社会主义理论与实践,新时代中国特色社会主义理论与实践,马克思主义学院,玉泉路,https://jwba.ucas.ac.cn/sc/course/courseplan/315741,36,2.00,公共必修课,黄小茹等,2026-09-02 09:19:27
180213030500MB001Y-02,新时代中国特色社会主义理论与实践,新时代中国特色社会主义理论与实践,马克思主义学院,玉泉路,https://jwba.ucas.ac.cn/sc/course/courseplan/315742,36,2.00,公共必修课,黄小茹等,2026-09-02 09:19:27
180213030500MB001Y-03,新时代中国特色社会主义理论与实践,新时代中国特色社会主义理论与实践,马克思主义学院,玉泉路,https://jwba.ucas.ac.cn/sc/course/courseplan/315743,36,2.00,公共必修课,常征等,2026-09-02 09:19:27
180213030500MB001Y-04,新时代中国特色社会主义理论与实践,新时代中国特色社会主义理论与实践,马克思主义学院,玉泉路,https://jwba.ucas.ac.cn/sc/course/courseplan/315744,36,2.00,公共必修课,常征等,2026-09-02 09:19:27
180213030500MB001Y-05,新时代中国特色社会主义理论与实践,新时代中国特色社会主义理论与实践,马克思主义学院,玉泉路,https://jwba.ucas.ac.cn/sc/course/courseplan/315745,36,2.00,公共必修课,侯玉环等,2026-09-02 09:19:27
180213030500MB001Y-06,新时代中国特色社会主义理论与实践,新时代中国特色社会主义理论与实践,马克思主义学院,玉泉路,https://jwba.ucas.ac.cn/sc/course/courseplan/315746,36,2.00,公共必修课,黄小茹等,2026-09-02 09:19:27
180213030500MB001Y-07,新时代中国特色社会主义理论与实践,新时代中国特色社会主义理论与实践,马克思主义学院,玉泉路,https://jwba.ucas.ac.cn/sc/course/courseplan/315747,36,2.00,公共必修课,魏建武等,2026-09-02 09:19:27
180213030500MB001Y-08,新时代中国特色社会主义理论与实践,新时代中国特色社会主义理论与实践,马克思主义学院,玉泉路,https://jwba.ucas.ac.cn/sc/course/courseplan/315748,36,2.00,公共必修课,董艺等,2026-09-02 09:19:27
180213030500MB001Z-01,新时代中国特色社会主义理论与实践,新时代中国特色社会主义理论与实践,马克思主义学院,中关村,https://jwba.ucas.ac.cn/sc/course/courseplan/315726,36,2.00,公共必修课,常征等,2026-09-02 09:19:27
180215082500M1001H,航空航天技术概论,航空航天技术概论,星际航行学院,雁栖湖,https://jwba.ucas.ac.cn/sc/course/courseplan/314227,60,3.00,学科核心课,马晓平等,2026-09-02 09:19:27
180215082500M1002H,浮空器原理及能源动力技术,浮空器原理及能源动力技术,星际航行学院,雁栖湖,https://jwba.ucas.ac.cn/sc/course/courseplan/314430,40,2.00,学科核心课,李兆杰等,2026-09-02 09:19:27
180215082500M1003H,大气飞行动力学与控制,大气飞行动力学与控制,星际航行学院,雁栖湖,https://jwba.ucas.ac.cn/sc/course/courseplan/314480,60,3.00,学科核心课,周江华等,2026-09-02 09:19:27
180215082501M2001H,可靠性工程概论,可靠性工程概论,星际航行学院,雁栖湖,https://jwba.ucas.ac.cn/sc/course/courseplan/314387,40,2.00,专业核心课,党炜等,2026-09-02 09:19:27
180215082501M2002H,有效载荷结构设计与力学分析,有效载荷结构设计与力学分析,星际航行学院,雁栖湖,https://jwba.ucas.ac.cn/sc/course/courseplan/314570,60,3.00,专业核心课,赵海峰,2026-09-02 09:19:27
180215082501M3001H,航天产品人机工效学设计,航天产品人机工效学设计,星际航行学院,雁栖湖,https://jwba.ucas.ac.cn/sc/course/courseplan/314189,40,2.00,专业课,王伟等,2026-09-02 09:19:27
180215082501M5002H,飞行器结构动力学实验原理与技术,飞行器结构动力学实验原理与技术,星际航行学院,雁栖湖,https://jwba.ucas.ac.cn/sc/course/courseplan/314427,30,1.00,实验课,聂营,2026-09-02 09:19:27
180228070601MX001H,气象灾害学,气象灾害学,应急管理科学与工程学院,雁栖湖,https://jwba.ucas.ac.cn/sc/course/courseplan/313513,40,1.00,公共选修课,魏科等,2026-09-02 09:19:27
180232120100MX014H,创业企业经营决策模拟,创业企业经营决策模拟,现代产业学院,雁栖湖,https://jwba.ucas.ac.cn/sc/course/courseplan/315088,30,1.00,公共选修课,卢涛,2026-09-02 09:19:27
180232120100MX015H,科技金融,科技金融,现代产业学院,雁栖湖,https://jwba.ucas.ac.cn/sc/course/courseplan/313519,30,1.00,公共选修课,董志,2026-09-02 09:19:27
180232120100MX023H,技术创业,技术创业,现代产业学院,雁栖湖,https://jwba.ucas.ac.cn/sc/course/courseplan/313520,30,1.00,公共选修课,董志,2026-09-02 09:19:27
18087B125100M1001Z-1,商务英语A(MBA非全日制周末1班),商务英语A,MBA,中关村,https://jwba.ucas.ac.cn/sc/course/courseplan/316169,32,2.00,学科核心课,李兰欣,2026-09-02 09:19:27
18087B125100M1001Z-2,商务英语A(MBA非全日制周末2班),商务英语A,MBA,中关村,https://jwba.ucas.ac.cn/sc/course/courseplan/316170,32,2.00,学科核心课,张薇,2026-09-02 09:19:27
18087B125100M1001Z-3,商务英语A(MBA非全日制周末3班),商务英语A,MBA,中关村,https://jwba.ucas.ac.cn/sc/course/courseplan/316171,32,2.00,学科核心课,李弢,2026-09-02 09:19:27
18087B125100M1001Z-F-1,商务英语A(MBA全日制集中1班),商务英语A,MBA,中关村,https://jwba.ucas.ac.cn/sc/course/courseplan/316178,32,2.00,学科核心课,李兰欣,2026-09-02 09:19:27
18087B125100M1001Z-F-2,商务英语A(MBA全日制集中2班),商务英语A,MBA,中关村,https://jwba.ucas.ac.cn/sc/course/courseplan/316179,32,2.00,学科核心课,张薇,2026-09-02 09:19:27
18087B125100M1001Z-F-3,商务英语A(MBA全日制集中3班),商务英语A,MBA,中关村,https://jwba.ucas.ac.cn/sc/course/courseplan/316180,32,2.00,学科核心课,李弢,2026-09-02 09:19:27
18087B125100M1001Z-P,商务英语A(MBA非全日制集中班),商务英语A,MBA,中关村,https://jwba.ucas.ac.cn/sc/course/courseplan/316175,32,2.00,学科核心课,李兰欣,2026-09-02 09:19:27
18096P125200M1001Z,公共政策分析,公共政策分析,MPA/MIP,中关村,https://jwba.ucas.ac.cn/sc/course/courseplan/314139,48,3.00,学科核心课,王海燕等,2026-09-02 09:19:27
18096P125200M1002Z,公共管理学,公共管理学,MPA/MIP,中关村,https://jwba.ucas.ac.cn/sc/course/courseplan/314140,48,3.00,学科核心课,叶中华等,2026-09-02 09:19:27
18096P125200M1003Z,公共经济学,公共经济学,MPA/MIP,中关村,https://jwba.ucas.ac.cn/sc/course/courseplan/314676,32,2.00,学科核心课,吕晨等,2026-09-02 09:19:27
18096P125200M1004Z,公共伦理,公共伦理,MPA/MIP,中关村,https://jwba.ucas.ac.cn/sc/course/courseplan/314141,32,2.00,学科核心课,刘红等,2026-09-02 09:19:27
18096P125200M1006Z,社会研究方法,社会研究方法,MPA/MIP,中关村,https://jwba.ucas.ac.cn/sc/course/courseplan/314677,48,3.00,学科核心课,吕晨等,2026-09-02 09:19:27
18096P125200M3002Z,数字政府,数字政府,MPA/MIP,中关村,https://jwba.ucas.ac.cn/sc/course/courseplan/314142,32,2.00,专业课,关欣,2026-09-02 09:19:27
18096P125200M3005Z,公共安全,公共安全,MPA/MIP,中关村,https://jwba.ucas.ac.cn/sc/course/courseplan/314143,32,2.00,专业课,池宏,2026-09-02 09:19:27
18096P125200M3007Z,社会保障政策,社会保障政策,MPA/MIP,中关村,https://jwba.ucas.ac.cn/sc/course/courseplan/314144,32,2.00,专业课,胡乃军,2026-09-02 09:19:27
18096P125200M3012Z,科技管理改革与创新,科技管理改革与创新,MPA/MIP,中关村,https://jwba.ucas.ac.cn/sc/course/courseplan/314145,32,2.00,专业课,梁洪力,2026-09-02 09:19:27
18096P125200M3013Z,智库双螺旋法导论,智库双螺旋法导论,MPA/MIP,中关村,https://jwba.ucas.ac.cn/sc/course/courseplan/314146,32,2.00,专业课,杨国梁,2026-09-02 09:19:27
18096P125200M3014Z,知识产权政策与管理,知识产权政策与管理,MPA/MIP,中关村,https://jwba.ucas.ac.cn/sc/course/courseplan/314147,32,2.00,专业课,宋河发,2026-09-02 09:19:27
18096P125200M4002Z,案例编写和分析,案例编写和分析,MPA/MIP,中关村,https://jwba.ucas.ac.cn/sc/course/courseplan/314148,16,1.00,研讨课,关欣等,2026-09-02 09:19:27
1800870270X1D4001Z,机器学习前沿专题,机器学习前沿专题,经济与管理学院,中关村,https://jwba.ucas.ac.cn/sc/course/courseplan/313649,20,1.00,研讨课,齐志泉,2026-09-02 09:19:27
180087120100D1001Z,最优化理论、模型与方法,最优化理论、模型与方法,经济与管理学院,中关村,https://jwba.ucas.ac.cn/sc/course/courseplan/314686,60,3.00,学科核心课,王曙明,2026-09-02 09:19:27
180089050200DB001H-S001,英语B-01班（怀）-高级口语,英语B-01班（怀）-高级口语,外语系,雁栖湖,https://jwba.ucas.ac.cn/sc/course/courseplan/315889,32,1.00,公共必修课,Carl James Hutchinson,2026-09-02 09:19:27
180089050200DB001H-S002,英语B-02班（怀）-高级口语,英语B-02班（怀）-高级口语,外语系,雁栖湖,https://jwba.ucas.ac.cn/sc/course/courseplan/315890,32,1.00,公共必修课,Carl James Hutchinson,2026-09-02 09:19:27
180089050200DB001H-S003,英语B-03班（怀）-高级口语,英语B-03班（怀）-高级口语,外语系,雁栖湖,https://jwba.ucas.ac.cn/sc/course/courseplan/315891,32,1.00,公共必修课,Carl James Hutchinson,2026-09-02 09:19:27
180089050200DB001H-S206,英语B-206班（怀）-高级听说,英语B-206班（怀）-高级听说,外语系,雁栖湖,https://jwba.ucas.ac.cn/sc/course/courseplan/318997,32,1.00,公共必修课,赵竹轩,2026-09-02 09:19:27
180089050200DB001H-S207,英语B-207班（怀）-高级听说,英语B-207班（怀）-高级听说,外语系,雁栖湖,https://jwba.ucas.ac.cn/sc/course/courseplan/318998,32,1.00,公共必修课,赵竹轩,2026-09-02 09:19:27
180089050200DB001H-S227,英语B-227班（怀）-高级口语,英语B-227班（怀）-高级口语,外语系,雁栖湖,https://jwba.ucas.ac.cn/sc/course/courseplan/315896,32,1.00,公共必修课,Carl James Hutchinson,2026-09-02 09:19:27
180089050200DB001H-S243,英语B-243班（怀）-高级口语,英语B-243班（怀）-高级口语,外语系,雁栖湖,https://jwba.ucas.ac.cn/sc/course/courseplan/315897,32,1.00,公共必修课,Ryan Liam Kinslow,2026-09-02 09:19:27
180089050200DB001H-S244,英语B-244班（怀）-高级口语,英语B-244班（怀）-高级口语,外语系,雁栖湖,https://jwba.ucas.ac.cn/sc/course/courseplan/315898,32,1.00,公共必修课,Ryan Liam Kinslow,2026-09-02 09:19:27
180089050200DB001H-S246,英语B-246班（怀）-高级口语,英语B-246班（怀）-高级口语,外语系,雁栖湖,https://jwba.ucas.ac.cn/sc/course/courseplan/315899,32,1.00,公共必修课,Ryan Liam Kinslow,2026-09-02 09:19:27
180089050200DB001H-S253,英语B-253班（怀）-高级口语,英语B-253班（怀）-高级口语,外语系,雁栖湖,https://jwba.ucas.ac.cn/sc/course/courseplan/315900,32,1.00,公共必修课,Ryan Liam Kinslow,2026-09-02 09:19:27
180089050200DB001H-S37,英语B-37班（怀）-高级听说,英语B-37班（怀）-高级听说,外语系,雁栖湖,https://jwba.ucas.ac.cn/sc/course/courseplan/315916,32,1.00,公共必修课,彭宇,2026-09-02 09:19:27
180089050200DB001H-S38,英语B-38班（怀）-高级听说,英语B-38班（怀）-高级听说,外语系,雁栖湖,https://jwba.ucas.ac.cn/sc/course/courseplan/315917,32,1.00,公共必修课,彭宇,2026-09-02 09:19:27
180089050200DB001H-S40,英语B-40班（怀）-高级听说,英语B-40班（怀）-高级听说,外语系,雁栖湖,https://jwba.ucas.ac.cn/sc/course/courseplan/318788,32,1.00,公共必修课,彭宇,2026-09-02 09:19:27
180089050200DB001H-W19,英语B-19班（怀）-高级写作,英语B-19班（怀）-高级写作,外语系,雁栖湖,https://jwba.ucas.ac.cn/sc/course/courseplan/315901,32,1.00,公共必修课,Ryan Liam Kinslow,2026-09-02 09:19:27
180089050200DB001H-W202,英语B-202班（怀）-高级写作,英语B-202班（怀）-高级写作,外语系,雁栖湖,https://jwba.ucas.ac.cn/sc/course/courseplan/319051,32,1.00,公共必修课,杨莉,2026-09-02 09:19:27
180089050200DB001H-W205,英语B-205班（怀）-高级写作,英语B-205班（怀）-高级写作,外语系,雁栖湖,https://jwba.ucas.ac.cn/sc/course/courseplan/315902,32,1.00,公共必修课,Ryan Liam Kinslow,2026-09-02 09:19:27
180089050200DB001H-W208,英语B-208班（怀）-高级写作,英语B-208班（怀）-高级写作,外语系,雁栖湖,https://jwba.ucas.ac.cn/sc/course/courseplan/319052,32,1.00,公共必修课,杨莉,2026-09-02 09:19:27
180089050200DB001H-W209,英语B-209班（怀）-高级写作,英语B-209班（怀）-高级写作,外语系,雁栖湖,https://jwba.ucas.ac.cn/sc/course/courseplan/315903,32,1.00,公共必修课,FOSTER JAMES EDWARD,2026-09-02 09:19:27
180089050200DB001H-W215,英语B-215班（怀）-高级写作,英语B-215班（怀）-高级写作,外语系,雁栖湖,https://jwba.ucas.ac.cn/sc/course/courseplan/315904,32,1.00,公共必修课,Ryan Liam Kinslow,2026-09-02 09:19:27
180089050200DB001H-W219,英语B-219班（怀）-高级写作,英语B-219班（怀）-高级写作,外语系,雁栖湖,https://jwba.ucas.ac.cn/sc/course/courseplan/315905,32,1.00,公共必修课,FOSTER JAMES EDWARD,2026-09-02 09:19:27
180089050200DB001H-W23,英语B-23班（怀）-高级写作,英语B-23班（怀）-高级写作,外语系,雁栖湖,https://jwba.ucas.ac.cn/sc/course/courseplan/315907,32,1.00,公共必修课,Carl James Hutchinson,2026-09-02 09:19:27
180089050200DB001H-W230,英语B-230班（怀）-高级写作,英语B-230班（怀）-高级写作,外语系,雁栖湖,https://jwba.ucas.ac.cn/sc/course/courseplan/315908,32,1.00,公共必修课,Ryan Liam Kinslow,2026-09-02 09:19:27
180089050200DB001H-W24,英语B-24班（怀）-高级写作,英语B-24班（怀）-高级写作,外语系,雁栖湖,https://jwba.ucas.ac.cn/sc/course/courseplan/315909,32,1.00,公共必修课,Carl James Hutchinson,2026-09-02 09:19:27
180089050200DB001H-W25,英语B-25班（怀）-高级写作,英语B-25班（怀）-高级写作,外语系,雁栖湖,https://jwba.ucas.ac.cn/sc/course/courseplan/315910,32,1.00,公共必修课,Carl James Hutchinson,2026-09-02 09:19:27
180089050200DB001H-W26,英语B-26班（怀）-高级写作,英语B-26班（怀）-高级写作,外语系,雁栖湖,https://jwba.ucas.ac.cn/sc/course/courseplan/315911,32,1.00,公共必修课,Carl James Hutchinson,2026-09-02 09:19:27
180089050200DB001H-W39,英语B-39班（怀）-高级写作,英语B-39班（怀）-高级写作,外语系,雁栖湖,https://jwba.ucas.ac.cn/sc/course/courseplan/318787,32,1.00,公共必修课,彭宇,2026-09-02 09:19:27
180089050200DB001Y-S503,英语B-503班（玉）-高级听说,英语B-503班（玉）-高级听说,外语系,玉泉路,https://jwba.ucas.ac.cn/sc/course/courseplan/315874,32,1.00,公共必修课,陈玮,2026-09-02 09:19:27
180089050200DB001Y-S504,英语B-504班（玉）-高级听说,英语B-504班（玉）-高级听说,外语系,玉泉路,https://jwba.ucas.ac.cn/sc/course/courseplan/315875,32,1.00,公共必修课,陈玮,2026-09-02 09:19:27
180089050200DB001Y-W501,英语B-501班（玉）-高级读写,英语B-501班（玉）-高级读写,外语系,玉泉路,https://jwba.ucas.ac.cn/sc/course/courseplan/315876,32,1.00,公共必修课,陈玮,2026-09-02 09:19:27
180089050200DB001Y-W502,英语B-502班（玉）-高级读写,英语B-502班（玉）-高级读写,外语系,玉泉路,https://jwba.ucas.ac.cn/sc/course/courseplan/315877,32,1.00,公共必修课,陈玮,2026-09-02 09:19:27
180089050200DB001Z-S111,英语B-111班（中）-高级听说,英语B-111班（中）-高级听说,外语系,中关村,https://jwba.ucas.ac.cn/sc/course/courseplan/318882,32,1.00,公共必修课,张红晖,2026-09-02 09:19:27
180089050200DB001Z-S112,英语B-112班（中）-高级听说,英语B-112班（中）-高级听说,外语系,中关村,https://jwba.ucas.ac.cn/sc/course/courseplan/315980,32,1.00,公共必修课,孙丽冰,2026-09-02 09:19:27
180089050200DB001Z-S113,英语B-113班（中）-高级口语,英语B-113班（中）-高级口语,外语系,中关村,https://jwba.ucas.ac.cn/sc/course/courseplan/315929,32,1.00,公共必修课,Daniel Elias Concepcion,2026-09-02 09:19:27
180089050200DB001Z-S117,英语B-117班（中）-高级口语,英语B-117班（中）-高级口语,外语系,中关村,https://jwba.ucas.ac.cn/sc/course/courseplan/315944,32,1.00,公共必修课,Trefyn Gaillard,2026-09-02 09:19:27
180089050200DB001Z-S119,英语B-119班（中）-高级听说,英语B-119班（中）-高级听说,外语系,中关村,https://jwba.ucas.ac.cn/sc/course/courseplan/315991,32,1.00,公共必修课,张红晖,2026-09-02 09:19:27
180089050200DB001Z-S123,英语B-123班（中）-高级听说,英语B-123班（中）-高级听说,外语系,中关村,https://jwba.ucas.ac.cn/sc/course/courseplan/315981,32,1.00,公共必修课,杨莉,2026-09-02 09:19:27
180089050200DB001Z-S124,英语B-124班（中）-高级口语,英语B-124班（中）-高级口语,外语系,中关村,https://jwba.ucas.ac.cn/sc/course/courseplan/315930,32,1.00,公共必修课,Daniel Elias Concepcion,2026-09-02 09:19:27
180089050200DB001Z-S126,英语B-126班（中）-高级口语,英语B-126班（中）-高级口语,外语系,中关村,https://jwba.ucas.ac.cn/sc/course/courseplan/315946,32,1.00,公共必修课,Trefyn Gaillard,2026-09-02 09:19:27
180089050200DB001Z-S127,英语B-127班（中）-高级听说,英语B-127班（中）-高级听说,外语系,中关村,https://jwba.ucas.ac.cn/sc/course/courseplan/315963,32,1.00,公共必修课,莫嘉琳,2026-09-02 09:19:27
180089050200DB001Z-S131,英语B-131班（中）-高级听说,英语B-131班（中）-高级听说,外语系,中关村,https://jwba.ucas.ac.cn/sc/course/courseplan/315982,32,1.00,公共必修课,邬颖祺,2026-09-02 09:19:27
180089050200DB001Z-S133,英语B-133班（中）-高级口语,英语B-133班（中）-高级口语,外语系,中关村,https://jwba.ucas.ac.cn/sc/course/courseplan/315964,32,1.00,公共必修课,Raymond Seraphim Porter,2026-09-02 09:19:27
180089050200DB001Z-S134,英语B-134班（中）-高级口语,英语B-134班（中）-高级口语,外语系,中关村,https://jwba.ucas.ac.cn/sc/course/courseplan/315947,32,1.00,公共必修课,FOSTER JAMES EDWARD,2026-09-02 09:19:27
180089050200DB001Z-S135,英语B-135班（中）-高级口语,英语B-135班（中）-高级口语,外语系,中关村,https://jwba.ucas.ac.cn/sc/course/courseplan/315948,32,1.00,公共必修课,FOSTER JAMES EDWARD,2026-09-02 09:19:27
180089050200DB001Z-S138,英语B-138班（中）-高级口语,英语B-138班（中）-高级口语,外语系,中关村,https://jwba.ucas.ac.cn/sc/course/courseplan/315949,32,1.00,公共必修课,FOSTER JAMES EDWARD,2026-09-02 09:19:27
180089050200DB001Z-S139,英语B-139班（中）-高级听说,英语B-139班（中）-高级听说,外语系,中关村,https://jwba.ucas.ac.cn/sc/course/courseplan/315992,32,1.00,公共必修课,莫嘉琳,2026-09-02 09:19:27
180089050200DB001Z-S141,英语B-141班（中）-高级口语,英语B-141班（中）-高级口语,外语系,中关村,https://jwba.ucas.ac.cn/sc/course/courseplan/315931,32,1.00,公共必修课,Daniel Elias Concepcion,2026-09-02 09:19:27
180089050200DB001Z-S142,英语B-142班（中）-高级口语,英语B-142班（中）-高级口语,外语系,中关村,https://jwba.ucas.ac.cn/sc/course/courseplan/315932,32,1.00,公共必修课,Daniel Elias Concepcion,2026-09-02 09:19:27
180089050200DB001Z-S145,英语B-145班（中）-高级听说,英语B-145班（中）-高级听说,外语系,中关村,https://jwba.ucas.ac.cn/sc/course/courseplan/315933,32,1.00,公共必修课,莫嘉琳,2026-09-02 09:19:27
180089050200DB001Z-S146,英语B-146班（中）-高级口语,英语B-146班（中）-高级口语,外语系,中关村,https://jwba.ucas.ac.cn/sc/course/courseplan/315934,32,1.00,公共必修课,Raymond Seraphim Porter,2026-09-02 09:19:27
180089050200DB001Z-S149,英语B-149班（中）-高级口语,英语B-149班（中）-高级口语,外语系,中关村,https://jwba.ucas.ac.cn/sc/course/courseplan/315966,32,1.00,公共必修课,Raymond Seraphim Porter,2026-09-02 09:19:27
180089050200DB001Z-S156,英语B-156班（中）-高级听说,英语B-156班（中）-高级听说,外语系,中关村,https://jwba.ucas.ac.cn/sc/course/courseplan/315935,32,1.00,公共必修课,金辉,2026-09-02 09:19:27
180089050200DB001Z-S157,英语B-157班（中）-高级听说,英语B-157班（中）-高级听说,外语系,中关村,https://jwba.ucas.ac.cn/sc/course/courseplan/315936,32,1.00,公共必修课,金辉,2026-09-02 09:19:27
180089050200DB001Z-S159,英语B-159班（中）-高级听说,英语B-159班（中）-高级听说,外语系,中关村,https://jwba.ucas.ac.cn/sc/course/courseplan/315950,32,1.00,公共必修课,邬颖祺,2026-09-02 09:19:27
180089050200DB001Z-S162,英语B-162班（中）-高级口语,英语B-162班（中）-高级口语,外语系,中关村,https://jwba.ucas.ac.cn/sc/course/courseplan/315951,32,1.00,公共必修课,Trefyn Gaillard,2026-09-02 09:19:27
180089050200DB001Z-S163,英语B-163班（中）-高级听说,英语B-163班（中）-高级听说,外语系,中关村,https://jwba.ucas.ac.cn/sc/course/courseplan/315937,32,1.00,公共必修课,孙丽冰,2026-09-02 09:19:27
180089050200DB001Z-S166,英语B-166班（中）-高级口语,英语B-166班（中）-高级口语,外语系,中关村,https://jwba.ucas.ac.cn/sc/course/courseplan/315952,32,1.00,公共必修课,Trefyn Gaillard,2026-09-02 09:19:27
180089050200DB001Z-S182,英语B-182班（中）-高级口语,英语B-182班（中）-高级口语,外语系,中关村,https://jwba.ucas.ac.cn/sc/course/courseplan/315953,32,1.00,公共必修课,FOSTER JAMES EDWARD,2026-09-02 09:19:27
180089050200DB001Z-S189,英语B-189班（中）-高级口语,英语B-189班（中）-高级口语,外语系,中关村,https://jwba.ucas.ac.cn/sc/course/courseplan/315977,32,1.00,公共必修课,Raymond Seraphim Porter,2026-09-02 09:19:27
180089050200DB001Z-S192,英语B-192班（中）-高级听说,英语B-192班（中）-高级听说,外语系,中关村,https://jwba.ucas.ac.cn/sc/course/courseplan/315939,32,1.00,公共必修课,孙丽冰,2026-09-02 09:19:27
180089050200DB001Z-S193,英语B-193班（中）-高级听说,英语B-193班（中）-高级听说,外语系,中关村,https://jwba.ucas.ac.cn/sc/course/courseplan/315940,32,1.00,公共必修课,杨莉,2026-09-02 09:19:27
180089050200DB001Z-W103,英语B-103班（中）-高级写作,英语B-103班（中）-高级写作,外语系,中关村,https://jwba.ucas.ac.cn/sc/course/courseplan/315954,32,1.00,公共必修课,Daniel Elias Concepcion,2026-09-02 09:19:27
180089050200DB001Z-W104,英语B-104班（中）-学术论文写作（综合）,英语B-104班（中）-学术论文写作（综合）,外语系,中关村,https://jwba.ucas.ac.cn/sc/course/courseplan/315955,32,1.00,公共必修课,李晰,2026-09-02 09:19:27
180089050200DB001Z-W105,英语B-105班（中）-高级写作,英语B-105班（中）-高级写作,外语系,中关村,https://jwba.ucas.ac.cn/sc/course/courseplan/315956,32,1.00,公共必修课,房印杰,2026-09-02 09:19:27
180089050200DB001Z-W106,英语B-106班（中）-高级写作,英语B-106班（中）-高级写作,外语系,中关村,https://jwba.ucas.ac.cn/sc/course/courseplan/315957,32,1.00,公共必修课,房印杰,2026-09-02 09:19:27
180089050200DB001Z-W107,英语B-107班（中）-高级写作,英语B-107班（中）-高级写作,外语系,中关村,https://jwba.ucas.ac.cn/sc/course/courseplan/315958,32,1.00,公共必修课,Daniel Elias Concepcion,2026-09-02 09:19:27
180089050200DB001Z-W108,英语B-108班（中）-学术论文写作（综合）,英语B-108班（中）-学术论文写作（综合）,外语系,中关村,https://jwba.ucas.ac.cn/sc/course/courseplan/315987,32,1.00,公共必修课,Torsten Juelich,2026-09-02 09:19:27
180089050200DB001Z-W109,英语B-109班（中）-高级写作,英语B-109班（中）-高级写作,外语系,中关村,https://jwba.ucas.ac.cn/sc/course/courseplan/315959,32,1.00,公共必修课,陆晓红,2026-09-02 09:19:27
180089050200DB001Z-W110,英语B-110班（中）-学术论文写作（综合）,英语B-110班（中）-学术论文写作（综合）,外语系,中关村,https://jwba.ucas.ac.cn/sc/course/courseplan/315960,32,1.00,公共必修课,Raymond Seraphim Porter,2026-09-02 09:19:27
180089050200DB001Z-W114,英语B-114班（中）-高级写作,英语B-114班（中）-高级写作,外语系,中关村,https://jwba.ucas.ac.cn/sc/course/courseplan/315985,32,1.00,公共必修课,张红晖,2026-09-02 09:19:27
180089050200DB001Z-W115,英语B-115班（中）-高级写作,英语B-115班（中）-高级写作,外语系,中关村,https://jwba.ucas.ac.cn/sc/course/courseplan/315942,32,1.00,公共必修课,焦丽霞,2026-09-02 09:19:27
180089050200DB001Z-W118,英语B-118班（中）-学术论文写作（综合）,英语B-118班（中）-学术论文写作（综合）,外语系,中关村,https://jwba.ucas.ac.cn/sc/course/courseplan/315986,32,1.00,公共必修课,李晰,2026-09-02 09:19:27
180089050200DB001Z-W120,英语B-120班（中）-高级写作,英语B-120班（中）-高级写作,外语系,中关村,https://jwba.ucas.ac.cn/sc/course/courseplan/318790,32,1.00,公共必修课,苑仁庆,2026-09-02 09:19:27
180089050200DB001Z-W122,英语B-122班（中）-学术论文写作（综合）,英语B-122班（中）-学术论文写作（综合）,外语系,中关村,https://jwba.ucas.ac.cn/sc/course/courseplan/315961,32,1.00,公共必修课,Raymond Seraphim Porter,2026-09-02 09:19:27
180089050200DB001Z-W125,英语B-125班（中）-高级写作,英语B-125班（中）-高级写作,外语系,中关村,https://jwba.ucas.ac.cn/sc/course/courseplan/315962,32,1.00,公共必修课,张红晖,2026-09-02 09:19:27
180089050200DB001Z-W128,英语B-128班（中）-学术论文写作（综合）,英语B-128班（中）-学术论文写作（综合）,外语系,中关村,https://jwba.ucas.ac.cn/sc/course/courseplan/315988,32,1.00,公共必修课,Torsten Juelich,2026-09-02 09:19:27
180089050200DB001Z-W129,英语B-129班（中）-高级写作,英语B-129班（中）-高级写作,外语系,中关村,https://jwba.ucas.ac.cn/sc/course/courseplan/315989,32,1.00,公共必修课,陆晓红,2026-09-02 09:19:27
180089050200DB001Z-W130,英语B-130班（中）-高级写作,英语B-130班（中）-高级写作,外语系,中关村,https://jwba.ucas.ac.cn/sc/course/courseplan/318792,32,1.00,公共必修课,苑仁庆,2026-09-02 09:19:27
180089050200DB001Z-W136,英语B-136班（中）-高级写作,英语B-136班（中）-高级写作,外语系,中关村,https://jwba.ucas.ac.cn/sc/course/courseplan/315965,32,1.00,公共必修课,Daniel Elias Concepcion,2026-09-02 09:19:27
180089050200DB001Z-W143,英语B-143班（中）-学术论文写作（综合）,英语B-143班（中）-学术论文写作（综合）,外语系,中关村,https://jwba.ucas.ac.cn/sc/course/courseplan/315990,32,1.00,公共必修课,Raymond Seraphim Porter,2026-09-02 09:19:27
180089050200DB001Z-W150,英语B-150班（中）-高级写作,英语B-150班（中）-高级写作,外语系,中关村,https://jwba.ucas.ac.cn/sc/course/courseplan/315967,32,1.00,公共必修课,Trefyn Gaillard,2026-09-02 09:19:27
180089050200DB001Z-W151,英语B-151班（中）-高级写作,英语B-151班（中）-高级写作,外语系,中关村,https://jwba.ucas.ac.cn/sc/course/courseplan/315968,32,1.00,公共必修课,Trefyn Gaillard,2026-09-02 09:19:27
180089050200DB001Z-W158,英语B-158班（中）-高级写作,英语B-158班（中）-高级写作,外语系,中关村,https://jwba.ucas.ac.cn/sc/course/courseplan/315969,32,1.00,公共必修课,焦丽霞,2026-09-02 09:19:27
180089050200DB001Z-W161,英语B-161班（中）-高级写作,英语B-161班（中）-高级写作,外语系,中关村,https://jwba.ucas.ac.cn/sc/course/courseplan/315970,32,1.00,公共必修课,尉洪池,2026-09-02 09:19:27
180089050200DB001Z-W165,英语B-165班（中）-高级写作,英语B-165班（中）-高级写作,外语系,中关村,https://jwba.ucas.ac.cn/sc/course/courseplan/315971,32,1.00,公共必修课,Daniel Elias Concepcion,2026-09-02 09:19:27
180089050200DB001Z-W167,英语B-167班（中）-高级写作,英语B-167班（中）-高级写作,外语系,中关村,https://jwba.ucas.ac.cn/sc/course/courseplan/315972,32,1.00,公共必修课,Trefyn Gaillard,2026-09-02 09:19:27
180089050200DB001Z-W168,英语B-168班（中）-学术论文写作（综合）,英语B-168班（中）-学术论文写作（综合）,外语系,中关村,https://jwba.ucas.ac.cn/sc/course/courseplan/315973,32,1.00,公共必修课,Raymond Seraphim Porter,2026-09-02 09:19:27
180089050200DB001Z-W169,英语B-169班（中）-高级写作,英语B-169班（中）-高级写作,外语系,中关村,https://jwba.ucas.ac.cn/sc/course/courseplan/315974,32,1.00,公共必修课,许宏晨,2026-09-02 09:19:27
180089050200DB001Z-W170,英语B-170班（中）-高级写作,英语B-170班（中）-高级写作,外语系,中关村,https://jwba.ucas.ac.cn/sc/course/courseplan/315975,32,1.00,公共必修课,许宏晨,2026-09-02 09:19:27
180089050200DB001Z-W188,英语B-188班（中）-高级写作,英语B-188班（中）-高级写作,外语系,中关村,https://jwba.ucas.ac.cn/sc/course/courseplan/315976,32,1.00,公共必修课,尉洪池,2026-09-02 09:19:27
180089050200DB001Z-W191,英语B-191班（中）-高级写作,英语B-191班（中）-高级写作,外语系,中关村,https://jwba.ucas.ac.cn/sc/course/courseplan/315978,32,1.00,公共必修课,Trefyn Gaillard,2026-09-02 09:19:27
180089050211D3001Y,学术英语教师发展专题,学术英语教师发展专题,外语系,玉泉路,https://jwba.ucas.ac.cn/sc/course/courseplan/313684,36,2.00,专业课,高原,2026-09-02 09:19:27
180092085601D3002H,有机半导体材料,有机半导体材料,材料科学与光电技术学院,雁栖湖,https://jwba.ucas.ac.cn/sc/course/courseplan/313997,50,2.50,专业课,史钦钦,2026-09-02 09:19:27
180096120400D1001Z,智库双螺旋法,智库双螺旋法,公共政策与管理学院,中关村,https://jwba.ucas.ac.cn/sc/course/courseplan/313426,60,3.00,学科核心课,潘教峰等,2026-09-02 09:19:27
180096120400D1002Z,公共政策分析,公共政策分析,公共政策与管理学院,中关村,https://jwba.ucas.ac.cn/sc/course/courseplan/313425,60,3.00,学科核心课,王海燕等,2026-09-02 09:19:27
1800961204X1D2002Z,科学技术政策,科学技术政策,公共政策与管理学院,中关村,https://jwba.ucas.ac.cn/sc/course/courseplan/313427,40,2.00,专业核心课,樊春良等,2026-09-02 09:19:27
1800961204X1D4003Z,创新与管理学术前沿,创新与管理学术前沿,公共政策与管理学院,中关村,https://jwba.ucas.ac.cn/sc/course/courseplan/313561,20,1.00,研讨课,余江等,2026-09-02 09:19:27
1800961204X2D2001Z,政府绩效管理（II）,政府绩效管理（II）,公共政策与管理学院,中关村,https://jwba.ucas.ac.cn/sc/course/courseplan/313430,40,2.00,专业核心课,李晓轩等,2026-09-02 09:19:27
1800961204X2D4001Z,政府科技管理理论与方法前沿,政府科技管理理论与方法前沿,公共政策与管理学院,中关村,https://jwba.ucas.ac.cn/sc/course/courseplan/313481,20,1.00,研讨课,李晓轩等,2026-09-02 09:19:27
1800961204X3D3001Z,公共安全与应急管理,公共安全与应急管理,公共政策与管理学院,中关村,https://jwba.ucas.ac.cn/sc/course/courseplan/313512,40,2.00,专业课,许保光等,2026-09-02 09:19:27
1800961204X3D4001Z,大数据舆情治理及技术前沿,大数据舆情治理及技术前沿,公共政策与管理学院,中关村,https://jwba.ucas.ac.cn/sc/course/courseplan/313514,20,1.00,研讨课,刘怡君,2026-09-02 09:19:27
1800961204X4D2001Z,可持续发展管理学,可持续发展管理学,公共政策与管理学院,中关村,https://jwba.ucas.ac.cn/sc/course/courseplan/313568,40,2.00,专业核心课,陈劭锋等,2026-09-02 09:19:27
1800961204X4D4001Z,环境经济与政策研究前沿,环境经济与政策研究前沿,公共政策与管理学院,中关村,https://jwba.ucas.ac.cn/sc/course/courseplan/313518,20,1.00,研讨课,周立华,2026-09-02 09:19:27
1800961204X5D3001Z,大数据驱动的决策分析,大数据驱动的决策分析,公共政策与管理学院,中关村,https://jwba.ucas.ac.cn/sc/course/courseplan/313560,40,2.00,专业课,郭剑锋等,2026-09-02 09:19:27
1800961204X5D3002Z,科技战略与规划方法,科技战略与规划方法,公共政策与管理学院,中关村,https://jwba.ucas.ac.cn/sc/course/courseplan/313522,40,2.00,专业课,万劲波等,2026-09-02 09:19:27
1800961204X5D4001Z,智库研究能力,智库研究能力,公共政策与管理学院,中关村,https://jwba.ucas.ac.cn/sc/course/courseplan/313523,20,1.00,研讨课,裴瑞敏等,2026-09-02 09:19:27
180213030500D1001Y,马克思主义经典著作研读,马克思主义经典著作研读,马克思主义学院,玉泉路,https://jwba.ucas.ac.cn/sc/course/courseplan/314674,60,3.00,学科核心课,曹志红等,2026-09-02 09:19:27
180213030500D1002Y,马克思主义理论前沿问题,马克思主义理论前沿问题,马克思主义学院,玉泉路,https://jwba.ucas.ac.cn/sc/course/courseplan/314074,60,3.00,学科核心课,李志红等,2026-09-02 09:19:27
180213030500DB001H-01,中国马克思主义与当代,中国马克思主义与当代,马克思主义学院,雁栖湖,https://jwba.ucas.ac.cn/sc/course/courseplan/315724,36,2.00,公共必修课,李志红等,2026-09-02 09:19:27
180213030500DB001Z-01,中国马克思主义与当代,中国马克思主义与当代,马克思主义学院,中关村,https://jwba.ucas.ac.cn/sc/course/courseplan/315727,36,2.00,公共必修课,李志红等,2026-09-02 09:19:27
180213030500DB001Z-02,中国马克思主义与当代,中国马克思主义与当代,马克思主义学院,中关村,https://jwba.ucas.ac.cn/sc/course/courseplan/315728,36,2.00,公共必修课,李志红等,2026-09-02 09:19:27
180213030500DB001Z-03,中国马克思主义与当代,中国马克思主义与当代,马克思主义学院,中关村,https://jwba.ucas.ac.cn/sc/course/courseplan/315729,36,2.00,公共必修课,常征等,2026-09-02 09:19:27
180213030500DB001Z-04,中国马克思主义与当代,中国马克思主义与当代,马克思主义学院,中关村,https://jwba.ucas.ac.cn/sc/course/courseplan/315730,36,2.00,公共必修课,常征等,2026-09-02 09:19:27
180213030500DB001Z-05,中国马克思主义与当代,中国马克思主义与当代,马克思主义学院,中关村,https://jwba.ucas.ac.cn/sc/course/courseplan/315731,36,2.00,公共必修课,陈天嘉等,2026-09-02 09:19:27
180213030500DB001Z-06,中国马克思主义与当代,中国马克思主义与当代,马克思主义学院,中关村,https://jwba.ucas.ac.cn/sc/course/courseplan/315732,36,2.00,公共必修课,常征等,2026-09-02 09:19:27
180081070100PX001H,计算机代数在科学与工程中的应用,计算机代数在科学与工程中的应用,物理科学学院,雁栖湖,https://jwba.ucas.ac.cn/sc/course/courseplan/313738,40,1.00,公共选修课,骆文于,2026-09-02 09:19:27
180081070200P1001H-1,高等量子力学,高等量子力学,物理科学学院,雁栖湖,https://jwba.ucas.ac.cn/sc/course/courseplan/315721,60,3.00,学科核心课,陈澍等,2026-09-02 09:19:27
180081070200P1001H-2,高等量子力学,高等量子力学,物理科学学院,雁栖湖,https://jwba.ucas.ac.cn/sc/course/courseplan/315722,60,3.00,学科核心课,金彪,2026-09-02 09:19:27
180081070200P1001H-3,高等量子力学,高等量子力学,物理科学学院,雁栖湖,https://jwba.ucas.ac.cn/sc/course/courseplan/315723,60,3.00,学科核心课,王正川,2026-09-02 09:19:27
180081070200P1002H-1,群论,群论,物理科学学院,雁栖湖,https://jwba.ucas.ac.cn/sc/course/courseplan/315717,60,3.00,学科核心课,郭璐,2026-09-02 09:19:27
180081070200P1002H-2,群论,群论,物理科学学院,雁栖湖,https://jwba.ucas.ac.cn/sc/course/courseplan/315718,60,3.00,学科核心课,黄飞,2026-09-02 09:19:27
180081070200PB001H-1,学术道德与学术写作规范-分论,学术道德与学术写作规范-分论,物理科学学院,雁栖湖,https://jwba.ucas.ac.cn/sc/course/courseplan/315738,10,0.50,公共必修课,张承民,2026-09-02 09:19:27
180081070200PB001H-2,学术道德与学术写作规范-分论,学术道德与学术写作规范-分论,物理科学学院,雁栖湖,https://jwba.ucas.ac.cn/sc/course/courseplan/315739,10,0.50,公共必修课,张承民,2026-09-02 09:19:27
180081070201P2001H,广义相对论,广义相对论,物理科学学院,雁栖湖,https://jwba.ucas.ac.cn/sc/course/courseplan/313796,60,3.00,专业核心课,田雨等,2026-09-02 09:19:27
180081070201P2004H-1,量子场论,量子场论,物理科学学院,雁栖湖,https://jwba.ucas.ac.cn/sc/course/courseplan/315714,60,3.00,专业核心课,乔从丰等,2026-09-02 09:19:27
180081070201P2004H-2,量子场论,量子场论,物理科学学院,雁栖湖,https://jwba.ucas.ac.cn/sc/course/courseplan/315715,60,3.00,专业核心课,于江浩等,2026-09-02 09:19:27
180081070201P3010H,非平衡统计物理,非平衡统计物理,物理科学学院,雁栖湖,https://jwba.ucas.ac.cn/sc/course/courseplan/313797,40,2.00,专业课,周海军等,2026-09-02 09:19:27
180081070202P2001H-1,粒子物理基础,粒子物理基础,物理科学学院,雁栖湖,https://jwba.ucas.ac.cn/sc/course/courseplan/315710,60,3.00,专业核心课,吕才典等,2026-09-02 09:19:27
180081070202P2001H-2,粒子物理基础,粒子物理基础,物理科学学院,雁栖湖,https://jwba.ucas.ac.cn/sc/course/courseplan/315711,60,3.00,专业核心课,陈莹,2026-09-02 09:19:27
180081070202P2001H-3,粒子物理基础(英文授课),粒子物理基础,物理科学学院,雁栖湖,https://jwba.ucas.ac.cn/sc/course/courseplan/319830,60,3.00,专业核心课,Oleksandr Tomalak,2026-09-02 09:19:27
180081070202P2002H,原子核结构,原子核结构,物理科学学院,雁栖湖,https://jwba.ucas.ac.cn/sc/course/courseplan/313722,60,3.00,专业核心课,王平,2026-09-02 09:19:27
180081070202P2003H,粒子辐射探测技术,粒子辐射探测技术,物理科学学院,雁栖湖,https://jwba.ucas.ac.cn/sc/course/courseplan/313723,60,3.00,专业核心课,胡涛等,2026-09-02 09:19:27
180081070202P3007H,物理中的概率和统计,物理中的概率和统计,物理科学学院,雁栖湖,https://jwba.ucas.ac.cn/sc/course/courseplan/313724,60,3.00,专业课,李祖豪,2026-09-02 09:19:27
180081070202P3008H,高能天体物理与引力波,高能天体物理与引力波,物理科学学院,雁栖湖,https://jwba.ucas.ac.cn/sc/course/courseplan/313725,50,2.50,专业课,张承民,2026-09-02 09:19:27
180081070204P2001H,等离子体物理导论,等离子体物理导论,物理科学学院,雁栖湖,https://jwba.ucas.ac.cn/sc/course/courseplan/313726,40,2.00,专业核心课,马石庄,2026-09-02 09:19:27
180081070205P3010H,软物质物理导论,软物质物理导论,物理科学学院,雁栖湖,https://jwba.ucas.ac.cn/sc/course/courseplan/313727,50,2.50,专业课,杨明成,2026-09-02 09:19:27
180081070205P3011H,X射线晶体学,X射线晶体学,物理科学学院,雁栖湖,https://jwba.ucas.ac.cn/sc/course/courseplan/313728,50,2.50,专业课,贺蒙等,2026-09-02 09:19:27
180081070205P3012H,超导物理,超导物理,物理科学学院,雁栖湖,https://jwba.ucas.ac.cn/sc/course/courseplan/313729,50,2.50,专业课,郑东宁等,2026-09-02 09:19:27
180081070205P3013H,表面物理,表面物理,物理科学学院,雁栖湖,https://jwba.ucas.ac.cn/sc/course/courseplan/313788,60,3.00,专业课,陆兴华等,2026-09-02 09:19:27
180081070205P3014H,密度泛函理论与应用,密度泛函理论与应用,物理科学学院,雁栖湖,https://jwba.ucas.ac.cn/sc/course/courseplan/313730,40,2.00,专业课,杜世萱等,2026-09-02 09:19:27
180081070205P3018H,晶体生长理论基础与方法,晶体生长理论基础与方法,物理科学学院,雁栖湖,https://jwba.ucas.ac.cn/sc/course/courseplan/313731,50,2.50,专业课,郭丽伟等,2026-09-02 09:19:27
180081070205P4001H,密度泛函理论与应用研讨,密度泛函理论与应用研讨,物理科学学院,雁栖湖,https://jwba.ucas.ac.cn/sc/course/courseplan/313732,20,1.00,研讨课,杜世萱等,2026-09-02 09:19:27
180081070206P2002H,理论声学I,理论声学I,物理科学学院,雁栖湖,https://jwba.ucas.ac.cn/sc/course/courseplan/313733,60,3.00,专业核心课,李晓东,2026-09-02 09:19:27
180081070206P3005H,海洋声学,海洋声学,物理科学学院,雁栖湖,https://jwba.ucas.ac.cn/sc/course/courseplan/313734,50,2.50,专业课,吴立新,2026-09-02 09:19:27
180081070206P3006H,医学超声,医学超声,物理科学学院,雁栖湖,https://jwba.ucas.ac.cn/sc/course/courseplan/313735,50,2.50,专业课,林伟军等,2026-09-02 09:19:27
180081070206P3007H,声表面波传感技术及应用,声表面波传感技术及应用,物理科学学院,雁栖湖,https://jwba.ucas.ac.cn/sc/course/courseplan/313736,40,2.00,专业课,王文等,2026-09-02 09:19:27
180081070206P3008H,压电材料与压电换能器,压电材料与压电换能器,物理科学学院,雁栖湖,https://jwba.ucas.ac.cn/sc/course/courseplan/313737,40,2.00,专业课,吴先梅,2026-09-02 09:19:27
180081070207P2001H,光学电磁理论及应用,光学电磁理论及应用,物理科学学院,雁栖湖,https://jwba.ucas.ac.cn/sc/course/courseplan/313789,60,3.00,专业核心课,李玉同等,2026-09-02 09:19:27
180085071000P1001H,微生物遗传与分子生物学,微生物遗传与分子生物学,生命科学学院,雁栖湖,https://jwba.ucas.ac.cn/sc/course/courseplan/313687,60,3.00,学科核心课,向华等,2026-09-02 09:19:27
180085071000P1002H,神经科学,神经科学,生命科学学院,雁栖湖,https://jwba.ucas.ac.cn/sc/course/courseplan/313428,60,3.00,学科核心课,李岩等,2026-09-02 09:19:27
180085071000P1004H,分子细胞生物学,分子细胞生物学,生命科学学院,雁栖湖,https://jwba.ucas.ac.cn/sc/course/courseplan/313570,60,3.00,学科核心课,吕赫喆等,2026-09-02 09:19:27
180085071000P1005H,发育生物学,发育生物学,生命科学学院,雁栖湖,https://jwba.ucas.ac.cn/sc/course/courseplan/313811,60,3.00,学科核心课,许操等,2026-09-02 09:19:27
180085071000P1006H,表观遗传学,表观遗传学,生命科学学院,雁栖湖,https://jwba.ucas.ac.cn/sc/course/courseplan/313815,60,3.00,学科核心课,朱冰等,2026-09-02 09:19:27
180085071000P1007H,保护生物学,保护生物学,生命科学学院,雁栖湖,https://jwba.ucas.ac.cn/sc/course/courseplan/313550,60,3.00,学科核心课,蒋志刚等,2026-09-02 09:19:27
180085071000P3001H,生物安全概论,生物安全概论,生命科学学院,雁栖湖,https://jwba.ucas.ac.cn/sc/course/courseplan/313688,40,2.00,专业课,毕玉海等,2026-09-02 09:19:27
180085071000PB001H-1班,学术道德与学术写作规范-分论-1班,学术道德与学术写作规范-分论-1班,生命科学学院,雁栖湖,https://jwba.ucas.ac.cn/sc/course/courseplan/316147,10,0.50,公共必修课,薛愿超等,2026-09-02 09:19:27
180085071000PB001H-2班,学术道德与学术写作规范-分论-2班,学术道德与学术写作规范-分论-2班,生命科学学院,雁栖湖,https://jwba.ucas.ac.cn/sc/course/courseplan/316146,10,0.50,公共必修课,薛愿超等,2026-09-02 09:19:27
180085071001P3002H,植物生态学,植物生态学,生命科学学院,雁栖湖,https://jwba.ucas.ac.cn/sc/course/courseplan/314075,50,2.50,专业课,崔骁勇,2026-09-02 09:19:27
180085071005P2002H,分子病毒学,分子病毒学,生命科学学院,雁栖湖,https://jwba.ucas.ac.cn/sc/course/courseplan/313692,40,2.00,专业核心课,王奇慧等,2026-09-02 09:19:27
180085071005P3001H,真菌系统学及进化生物学,真菌系统学及进化生物学,生命科学学院,雁栖湖,https://jwba.ucas.ac.cn/sc/course/courseplan/313693,40,2.00,专业课,赵瑞琳等,2026-09-02 09:19:27
180085071005P3002H,微生物代谢工程与合成生物学,微生物代谢工程与合成生物学,生命科学学院,雁栖湖,https://jwba.ucas.ac.cn/sc/course/courseplan/313694,40,2.00,专业课,陈义华等,2026-09-02 09:19:27
180085071005P4003H,微生物-植物互作前沿进展,微生物-植物互作前沿进展,生命科学学院,雁栖湖,https://jwba.ucas.ac.cn/sc/course/courseplan/313696,20,1.00,研讨课,张杰等,2026-09-02 09:19:27
180085071005P5002H,免疫组织化学实验((前三次课程上课地点为教二114教室）),免疫组织化学实验,生命科学学院,雁栖湖,https://jwba.ucas.ac.cn/sc/course/courseplan/313720,40,1.00,实验课,吴成生,2026-09-02 09:19:27
180085071006P2001H,系统神经科学,系统神经科学,生命科学学院,雁栖湖,https://jwba.ucas.ac.cn/sc/course/courseplan/313421,40,2.00,专业核心课,张朋等,2026-09-02 09:19:27
180085071006P3002H,磁共振成像基本原理和应用,磁共振成像基本原理和应用,生命科学学院,雁栖湖,https://jwba.ucas.ac.cn/sc/course/courseplan/313581,40,2.00,专业课,左真涛等,2026-09-02 09:19:27
180085071006P4002H,动物认知行为和神经机制研究新进展研讨,动物认知行为和神经机制研究新进展研讨,生命科学学院,雁栖湖,https://jwba.ucas.ac.cn/sc/course/courseplan/313429,20,1.00,研讨课,杨艳等,2026-09-02 09:19:27
180085071007P3001H,分子细胞遗传学,分子细胞遗传学,生命科学学院,雁栖湖,https://jwba.ucas.ac.cn/sc/course/courseplan/313818,40,2.00,专业课,韩方普等,2026-09-02 09:19:27
180085071009P2001H,细胞生物学技术及应用,细胞生物学技术及应用,生命科学学院,雁栖湖,https://jwba.ucas.ac.cn/sc/course/courseplan/313790,60,3.00,专业核心课,丁文军等,2026-09-02 09:19:27
180085071009P2002H,细胞器生物学,细胞器生物学,生命科学学院,雁栖湖,https://jwba.ucas.ac.cn/sc/course/courseplan/313792,60,3.00,专业核心课,刘平生,2026-09-02 09:19:27
180085071009P2003H,分子与细胞免疫学,分子与细胞免疫学,生命科学学院,雁栖湖,https://jwba.ucas.ac.cn/sc/course/courseplan/313717,60,3.00,专业核心课,朱明昭等,2026-09-02 09:19:27
180085071009P5001H,细胞生物学实验,细胞生物学实验,生命科学学院,雁栖湖,https://jwba.ucas.ac.cn/sc/course/courseplan/313791,40,1.00,实验课,丁文军,2026-09-02 09:19:27
180085071010P2001H,生物活性小分子,生物活性小分子,生命科学学院,雁栖湖,https://jwba.ucas.ac.cn/sc/course/courseplan/313603,60,3.00,专业核心课,陈畅等,2026-09-02 09:19:27
180085071010P2002H-1,分子生物学研究技术-1班,分子生物学研究技术-1班,生命科学学院,雁栖湖,https://jwba.ucas.ac.cn/sc/course/courseplan/316022,60,3.00,专业核心课,柴团耀等,2026-09-02 09:19:27
180085071010P2002H-2,分子生物学研究技术-2班,分子生物学研究技术-2班,生命科学学院,雁栖湖,https://jwba.ucas.ac.cn/sc/course/courseplan/316023,60,3.00,专业核心课,柴团耀等,2026-09-02 09:19:27
180085071010P5001H,合成生物学实验课,合成生物学实验课,生命科学学院,雁栖湖,https://jwba.ucas.ac.cn/sc/course/courseplan/313582,30,1.00,实验课,刘晓红等,2026-09-02 09:19:27
180085071011P2001H,细胞的物理生物学,细胞的物理生物学,生命科学学院,雁栖湖,https://jwba.ucas.ac.cn/sc/course/courseplan/313676,60,3.00,专业核心课,柳振峰等,2026-09-02 09:19:27
180085071011P2002H,细胞成像技术,细胞成像技术,生命科学学院,雁栖湖,https://jwba.ucas.ac.cn/sc/course/courseplan/313677,60,3.00,专业核心课,季刚等,2026-09-02 09:19:27
180085071011P2003H,结构生物学技术,结构生物学技术,生命科学学院,雁栖湖,https://jwba.ucas.ac.cn/sc/course/courseplan/313678,60,3.00,专业核心课,叶克穷等,2026-09-02 09:19:27
180085071011P3001H,生物样品与关键蛋白,生物样品与关键蛋白,生命科学学院,雁栖湖,https://jwba.ucas.ac.cn/sc/course/courseplan/313587,40,2.00,专业课,刘平生等,2026-09-02 09:19:27
1800850710Z1P2001H,生态基因组学,生态基因组学,生命科学学院,雁栖湖,https://jwba.ucas.ac.cn/sc/course/courseplan/313565,60,3.00,专业核心课,康乐等,2026-09-02 09:19:27
180086081200P1001H-1,模式识别与机器学习,模式识别与机器学习,计算机科学与技术学院,雁栖湖,https://jwba.ucas.ac.cn/sc/course/courseplan/315647,60,3.00,学科核心课,黄庆明等,2026-09-02 09:19:27
180086081200P1001H-2,模式识别与机器学习,模式识别与机器学习,计算机科学与技术学院,雁栖湖,https://jwba.ucas.ac.cn/sc/course/courseplan/315648,60,3.00,学科核心课,黄庆明等,2026-09-02 09:19:27
180086081200P1006H-1,高级软件工程,高级软件工程,计算机科学与技术学院,雁栖湖,https://jwba.ucas.ac.cn/sc/course/courseplan/315791,60,3.00,学科核心课,魏峻,2026-09-02 09:19:27
180086081200PB001H-1,学术道德与学术写作规范-分论,学术道德与学术写作规范-分论,计算机科学与技术学院,雁栖湖,https://jwba.ucas.ac.cn/sc/course/courseplan/315574,10,0.50,公共必修课,刘兴武,2026-09-02 09:19:27
180086081202P3001H-1,矩阵分析与应用,矩阵分析与应用,计算机科学与技术学院,雁栖湖,https://jwba.ucas.ac.cn/sc/course/courseplan/315583,40,2.00,专业课,李保滨,2026-09-02 09:19:27
180086081202P3001H-2,矩阵分析与应用,矩阵分析与应用,计算机科学与技术学院,雁栖湖,https://jwba.ucas.ac.cn/sc/course/courseplan/315584,40,2.00,专业课,孙翼,2026-09-02 09:19:27
180086081203P2001H-1,图像处理,图像处理,计算机科学与技术学院,雁栖湖,https://jwba.ucas.ac.cn/sc/course/courseplan/315719,60,3.00,专业核心课,王伟强,2026-09-02 09:19:27
180086081203P2001H-2,图像处理,图像处理,计算机科学与技术学院,雁栖湖,https://jwba.ucas.ac.cn/sc/course/courseplan/315720,60,3.00,专业核心课,万方,2026-09-02 09:19:27
180090080100P1001H,固体力学导论,固体力学导论,工程科学学院,雁栖湖,https://jwba.ucas.ac.cn/sc/course/courseplan/313625,60,3.00,学科核心课,苏业旺等,2026-09-02 09:19:27
180090080100P1002H,高等流体力学,高等流体力学,工程科学学院,雁栖湖,https://jwba.ucas.ac.cn/sc/course/courseplan/313485,60,3.00,学科核心课,余永亮等,2026-09-02 09:19:27
180090080100P1003H,实验力学与技术（流体）,实验力学与技术（流体）,工程科学学院,雁栖湖,https://jwba.ucas.ac.cn/sc/course/courseplan/313576,40,2.00,学科核心课,余西龙等,2026-09-02 09:19:27
180090080100P1004H,实验力学与技术（固体）,实验力学与技术（固体）,工程科学学院,雁栖湖,https://jwba.ucas.ac.cn/sc/course/courseplan/313574,40,2.00,学科核心课,蒋敏强等,2026-09-02 09:19:27
180090080100PB001H-01,学术道德与学术写作规范-分论1班,学术道德与学术写作规范-分论1班,工程科学学院,雁栖湖,https://jwba.ucas.ac.cn/sc/course/courseplan/315920,10,0.50,公共必修课,王增辉,2026-09-02 09:19:27
180090080100PB001H-02,学术道德与学术写作规范-分论2班,学术道德与学术写作规范-分论2班,工程科学学院,雁栖湖,https://jwba.ucas.ac.cn/sc/course/courseplan/315921,10,0.50,公共必修课,王增辉,2026-09-02 09:19:27
180090080100PB001H-03,学术道德与学术写作规范-分论3班,学术道德与学术写作规范-分论3班,工程科学学院,雁栖湖,https://jwba.ucas.ac.cn/sc/course/courseplan/315922,10,0.50,公共必修课,余新刚,2026-09-02 09:19:27
180090080100PB001H-04,学术道德与学术写作规范-分论4班,学术道德与学术写作规范-分论4班,工程科学学院,雁栖湖,https://jwba.ucas.ac.cn/sc/course/courseplan/315923,10,0.50,公共必修课,余新刚,2026-09-02 09:19:27
180090080100PB001H-05,学术道德与学术写作规范-分论5班,学术道德与学术写作规范-分论5班,工程科学学院,雁栖湖,https://jwba.ucas.ac.cn/sc/course/courseplan/315924,10,0.50,公共必修课,吕泽,2026-09-02 09:19:27
180090080101P2001H,非线性动力学与混沌,非线性动力学与混沌,工程科学学院,雁栖湖,https://jwba.ucas.ac.cn/sc/course/courseplan/313486,40,2.00,专业核心课,武作兵,2026-09-02 09:19:27
180090080101P2002H,高等结构动力学,高等结构动力学,工程科学学院,雁栖湖,https://jwba.ucas.ac.cn/sc/course/courseplan/313487,60,3.00,专业核心课,张吟等,2026-09-02 09:19:27
180090080101P3001H,应用偏微分方程与科学计算,应用偏微分方程与科学计算,工程科学学院,雁栖湖,https://jwba.ucas.ac.cn/sc/course/courseplan/313488,50,2.50,专业课,马石庄等,2026-09-02 09:19:27
180090080101P3002H,生物力学基础,生物力学基础,工程科学学院,雁栖湖,https://jwba.ucas.ac.cn/sc/course/courseplan/313503,40,2.00,专业课,吕守芹等,2026-09-02 09:19:27
180090080101P4001H,软物质力学,软物质力学,工程科学学院,雁栖湖,https://jwba.ucas.ac.cn/sc/course/courseplan/313939,20,1.00,研讨课,王育人等,2026-09-02 09:19:27
180090080102P2001H,材料物理基础,材料物理基础,工程科学学院,雁栖湖,https://jwba.ucas.ac.cn/sc/course/courseplan/313490,50,2.50,专业核心课,武晓雷等,2026-09-02 09:19:27
180090080102P2004H,连续介质力学（固体）,连续介质力学（固体）,工程科学学院,雁栖湖,https://jwba.ucas.ac.cn/sc/course/courseplan/313489,60,3.00,专业核心课,袁泉子等,2026-09-02 09:19:27
180090080102P4001H,非晶态物理与力学,非晶态物理与力学,工程科学学院,雁栖湖,https://jwba.ucas.ac.cn/sc/course/courseplan/313491,20,1.00,研讨课,蒋敏强,2026-09-02 09:19:27
180090080102P4002H,表面和界面力学,表面和界面力学,工程科学学院,雁栖湖,https://jwba.ucas.ac.cn/sc/course/courseplan/313492,20,1.00,研讨课,袁泉子等,2026-09-02 09:19:27
180090080103P2001H,连续介质力学（流体）,连续介质力学（流体）,工程科学学院,雁栖湖,https://jwba.ucas.ac.cn/sc/course/courseplan/313504,60,3.00,专业核心课,吴应湘等,2026-09-02 09:19:27
180090080103P2002H,流体力学导论（基础）,流体力学导论（基础）,工程科学学院,雁栖湖,https://jwba.ucas.ac.cn/sc/course/courseplan/313493,60,3.00,专业核心课,姚朝晖等,2026-09-02 09:19:27
180090080103P2004H,流体力学导论（应用）,流体力学导论（应用）,工程科学学院,雁栖湖,https://jwba.ucas.ac.cn/sc/course/courseplan/313506,60,3.00,专业核心课,王智慧等,2026-09-02 09:19:27
180090080103P4001H,气泡液滴动力学,气泡液滴动力学,工程科学学院,雁栖湖,https://jwba.ucas.ac.cn/sc/course/courseplan/313494,20,1.00,研讨课,周光照,2026-09-02 09:19:27
180090080104P2001H,渗流力学,渗流力学,工程科学学院,雁栖湖,https://jwba.ucas.ac.cn/sc/course/courseplan/313495,40,2.00,专业核心课,鲁晓兵等,2026-09-02 09:19:27
180090080104P2002H,机器学习基础理论及其在工程科学中的应用,机器学习基础理论及其在工程科学中的应用,工程科学学院,雁栖湖,https://jwba.ucas.ac.cn/sc/course/courseplan/313573,40,2.00,专业核心课,魏宇杰等,2026-09-02 09:19:27
180090080104P3001H,海洋工程力学,海洋工程力学,工程科学学院,雁栖湖,https://jwba.ucas.ac.cn/sc/course/courseplan/313510,40,2.00,专业课,高福平等,2026-09-02 09:19:27
180090080700P1001H,高等工程热力学,高等工程热力学,工程科学学院,雁栖湖,https://jwba.ucas.ac.cn/sc/course/courseplan/313496,60,3.00,学科核心课,聂超群等,2026-09-02 09:19:27
180090080700P1002H,高等传热学,高等传热学,工程科学学院,雁栖湖,https://jwba.ucas.ac.cn/sc/course/courseplan/313497,60,3.00,学科核心课,李勋锋等,2026-09-02 09:19:27
180090080700P1003H,工质热物性,工质热物性,工程科学学院,雁栖湖,https://jwba.ucas.ac.cn/sc/course/courseplan/313498,40,2.00,学科核心课,公茂琼等,2026-09-02 09:19:27
180090080700P1005H,热物理实验原理与技术,热物理实验原理与技术,工程科学学院,雁栖湖,https://jwba.ucas.ac.cn/sc/course/courseplan/313499,50,2.50,学科核心课,李骥等,2026-09-02 09:19:27
180090080700P1007H,化工原理,化工原理,工程科学学院,雁栖湖,https://jwba.ucas.ac.cn/sc/course/courseplan/313500,40,2.00,学科核心课,刘伟,2026-09-02 09:19:27
180090080700P1009H,新能源技术原理与系统,新能源技术原理与系统,工程科学学院,雁栖湖,https://jwba.ucas.ac.cn/sc/course/courseplan/313507,40,2.00,学科核心课,隋军等,2026-09-02 09:19:27
180090080702P3001H,太阳能热发电技术,太阳能热发电技术,工程科学学院,雁栖湖,https://jwba.ucas.ac.cn/sc/course/courseplan/313508,50,2.50,专业课,王志峰等,2026-09-02 09:19:27
180090080705P2001H,制冷与低温测试原理与技术,制冷与低温测试原理与技术,工程科学学院,雁栖湖,https://jwba.ucas.ac.cn/sc/course/courseplan/313501,50,2.50,专业核心课,洪国同等,2026-09-02 09:19:27
180093080800P1003H,现代电力系统分析,现代电力系统分析,电子电气与通信工程学院,雁栖湖,https://jwba.ucas.ac.cn/sc/course/courseplan/313740,50,2.50,学科核心课,裴玮,2026-09-02 09:19:27
180093080800P1004H,高电压技术,高电压技术,电子电气与通信工程学院,雁栖湖,https://jwba.ucas.ac.cn/sc/course/courseplan/313741,50,2.50,学科核心课,严萍,2026-09-02 09:19:27
180093080801P3001H,文献阅读,文献阅读,电子电气与通信工程学院,雁栖湖,https://jwba.ucas.ac.cn/sc/course/courseplan/313742,40,2.00,专业课,熊斌,2026-09-02 09:19:27
180093080803P2001H,气体放电与低温等离子体,气体放电与低温等离子体,电子电气与通信工程学院,雁栖湖,https://jwba.ucas.ac.cn/sc/course/courseplan/313744,40,2.00,专业核心课,章程,2026-09-02 09:19:27
180093080805P4001H,超导精密测量技术及误差理论,超导精密测量技术及误差理论,电子电气与通信工程学院,雁栖湖,https://jwba.ucas.ac.cn/sc/course/courseplan/313745,20,1.00,研讨课,胡新宁,2026-09-02 09:19:27
180093080805P4003H,强磁场产生技术及应用,强磁场产生技术及应用,电子电气与通信工程学院,雁栖湖,https://jwba.ucas.ac.cn/sc/course/courseplan/313747,20,1.00,研讨课,刘建华,2026-09-02 09:19:27
180093080900P1001H-1,矩阵论一班,矩阵论一班,电子电气与通信工程学院,雁栖湖,https://jwba.ucas.ac.cn/sc/course/courseplan/315713,60,3.00,学科核心课,叶世伟,2026-09-02 09:19:27
180093080900P1001H-2,矩阵论二班,矩阵论二班,电子电气与通信工程学院,雁栖湖,https://jwba.ucas.ac.cn/sc/course/courseplan/315712,60,3.00,学科核心课,王丽瑾,2026-09-02 09:19:27
180093080900P1003H,数学物理方法（电子与通信类）,数学物理方法（电子与通信类）,电子电气与通信工程学院,雁栖湖,https://jwba.ucas.ac.cn/sc/course/courseplan/313748,60,3.00,学科核心课,朱振刚,2026-09-02 09:19:27
180093080901P4001H,飞秒激光技术应用,飞秒激光技术应用,电子电气与通信工程学院,雁栖湖,https://jwba.ucas.ac.cn/sc/course/courseplan/313750,20,1.00,研讨课,孙辉,2026-09-02 09:19:27
180093080902P2001H,超大规模集成电路与系统设计,超大规模集成电路与系统设计,电子电气与通信工程学院,雁栖湖,https://jwba.ucas.ac.cn/sc/course/courseplan/313751,60,3.00,专业核心课,段成华,2026-09-02 09:19:27
180093080902P2002H,高等模拟集成电路分析与设计,高等模拟集成电路分析与设计,电子电气与通信工程学院,雁栖湖,https://jwba.ucas.ac.cn/sc/course/courseplan/313752,60,3.00,专业核心课,刘力源,2026-09-02 09:19:27
180093080903P2001H,半导体微纳加工技术,半导体微纳加工技术,电子电气与通信工程学院,雁栖湖,https://jwba.ucas.ac.cn/sc/course/courseplan/313753,50,2.50,专业核心课,王晓东,2026-09-02 09:19:27
180093080903P2002H,微机电系统基础,微机电系统基础,电子电气与通信工程学院,雁栖湖,https://jwba.ucas.ac.cn/sc/course/courseplan/313799,50,2.50,专业核心课,杨晋玲,2026-09-02 09:19:27
180093080903P2003H,半导体器件物理学,半导体器件物理学,电子电气与通信工程学院,雁栖湖,https://jwba.ucas.ac.cn/sc/course/courseplan/313754,60,3.00,专业核心课,许军,2026-09-02 09:19:27
180093080903P2004H,半导体工艺与制造技术,半导体工艺与制造技术,电子电气与通信工程学院,雁栖湖,https://jwba.ucas.ac.cn/sc/course/courseplan/313755,50,2.50,专业核心课,韩郑生,2026-09-02 09:19:27
180093080903P3001H,现代传感器技术与应用,现代传感器技术与应用,电子电气与通信工程学院,雁栖湖,https://jwba.ucas.ac.cn/sc/course/courseplan/313756,60,3.00,专业课,赵湛,2026-09-02 09:19:27
180093080903P3002H,铁电器件,铁电器件,电子电气与通信工程学院,雁栖湖,https://jwba.ucas.ac.cn/sc/course/courseplan/313757,40,2.00,专业课,任凯亮,2026-09-02 09:19:27
180093080904P2001H,天线理论与设计,天线理论与设计,电子电气与通信工程学院,雁栖湖,https://jwba.ucas.ac.cn/sc/course/courseplan/313758,50,2.50,专业核心课,薛谦忠,2026-09-02 09:19:27
1800930809Z1P2001H,生物医学工程,生物医学工程,电子电气与通信工程学院,雁栖湖,https://jwba.ucas.ac.cn/sc/course/courseplan/313800,50,2.50,专业核心课,陈靖容,2026-09-02 09:19:27
180093081000P1001H-1,现代数字信号处理I一班,现代数字信号处理I一班,电子电气与通信工程学院,雁栖湖,https://jwba.ucas.ac.cn/sc/course/courseplan/315709,60,3.00,学科核心课,张颢,2026-09-02 09:19:27
180093081000P1002H,现代雷达系统,现代雷达系统,电子电气与通信工程学院,雁栖湖,https://jwba.ucas.ac.cn/sc/course/courseplan/313760,60,3.00,学科核心课,张云华,2026-09-02 09:19:27
180093081000P1004H,信息论,信息论,电子电气与通信工程学院,雁栖湖,https://jwba.ucas.ac.cn/sc/course/courseplan/313804,60,3.00,学科核心课,陈德元,2026-09-02 09:19:27
180093081000PB001H-1,学术道德与学术写作规范-分论一班,学术道德与学术写作规范-分论一班,电子电气与通信工程学院,雁栖湖,https://jwba.ucas.ac.cn/sc/course/courseplan/315734,10,0.50,公共必修课,闫珺,2026-09-02 09:19:27
180093081000PB001H-2,学术道德与学术写作规范-分论二班,学术道德与学术写作规范-分论二班,电子电气与通信工程学院,雁栖湖,https://jwba.ucas.ac.cn/sc/course/courseplan/315735,10,0.50,公共必修课,闫珺,2026-09-02 09:19:27
180093081000PB001H-3,学术道德与学术写作规范-分论三班,学术道德与学术写作规范-分论三班,电子电气与通信工程学院,雁栖湖,https://jwba.ucas.ac.cn/sc/course/courseplan/315736,10,0.50,公共必修课,闫珺,2026-09-02 09:19:27
180093081000PB001H-4,学术道德与学术写作规范-分论四班,学术道德与学术写作规范-分论四班,电子电气与通信工程学院,雁栖湖,https://jwba.ucas.ac.cn/sc/course/courseplan/315737,10,0.50,公共必修课,闫珺,2026-09-02 09:19:27
180093081001P2001H-1,高级通信原理I一班,高级通信原理I一班,电子电气与通信工程学院,雁栖湖,https://jwba.ucas.ac.cn/sc/course/courseplan/315706,50,2.50,专业核心课,凃国防,2026-09-02 09:19:27
180093081001P2001H-2,高级通信原理I二班,高级通信原理I二班,电子电气与通信工程学院,雁栖湖,https://jwba.ucas.ac.cn/sc/course/courseplan/315707,50,2.50,专业核心课,陈永锐,2026-09-02 09:19:27
180093081001P3001H,空间光通信技术,空间光通信技术,电子电气与通信工程学院,雁栖湖,https://jwba.ucas.ac.cn/sc/course/courseplan/313761,40,2.00,专业课,陈雄斌,2026-09-02 09:19:27
180093081001P4001H,微波遥感概论,微波遥感概论,电子电气与通信工程学院,雁栖湖,https://jwba.ucas.ac.cn/sc/course/courseplan/313763,20,1.00,研讨课,禹卫东,2026-09-02 09:19:27
180093081002P2001H-1,遥感原理及图像处理一班,遥感原理及图像处理一班,电子电气与通信工程学院,雁栖湖,https://jwba.ucas.ac.cn/sc/course/courseplan/315704,50,2.50,专业核心课,闫冬梅,2026-09-02 09:19:27
180093081002P2001H-2,遥感原理及图像处理二班,遥感原理及图像处理二班,电子电气与通信工程学院,雁栖湖,https://jwba.ucas.ac.cn/sc/course/courseplan/315705,50,2.50,专业核心课,尤红建,2026-09-02 09:19:27
180093081002P2002H,语音信号处理,语音信号处理,电子电气与通信工程学院,雁栖湖,https://jwba.ucas.ac.cn/sc/course/courseplan/313764,50,2.50,专业核心课,李军锋,2026-09-02 09:19:27
180093081002P3002H,统计信号处理,统计信号处理,电子电气与通信工程学院,雁栖湖,https://jwba.ucas.ac.cn/sc/course/courseplan/313766,50,2.50,专业课,黄志蓓,2026-09-02 09:19:27
180093081002P3008H,数字图像处理与分析,数字图像处理与分析,电子电气与通信工程学院,雁栖湖,https://jwba.ucas.ac.cn/sc/course/courseplan/313769,50,2.50,专业课,韩振军,2026-09-02 09:19:27
180093081002P4001H,大气遥感,大气遥感,电子电气与通信工程学院,雁栖湖,https://jwba.ucas.ac.cn/sc/course/courseplan/313771,20,1.00,研讨课,李正强,2026-09-02 09:19:27
180093081002P4003H,合成孔径雷达原理,合成孔径雷达原理,电子电气与通信工程学院,雁栖湖,https://jwba.ucas.ac.cn/sc/course/courseplan/313772,20,1.00,研讨课,王宇,2026-09-02 09:19:27
180093081002P4008H,稀疏微波成像原理与应用,稀疏微波成像原理与应用,电子电气与通信工程学院,雁栖湖,https://jwba.ucas.ac.cn/sc/course/courseplan/313774,20,1.00,研讨课,张冰尘,2026-09-02 09:19:27
180093081002P4009H,卫星导航新技术及应用,卫星导航新技术及应用,电子电气与通信工程学院,雁栖湖,https://jwba.ucas.ac.cn/sc/course/courseplan/313775,20,1.00,研讨课,袁洪,2026-09-02 09:19:27
180096120400PB001H-01,学术道德与学术写作规范-通论,学术道德与学术写作规范-通论,公共政策与管理学院,雁栖湖,https://jwba.ucas.ac.cn/sc/course/courseplan/315618,10,0.50,公共必修课,黄小茹,2026-09-02 09:19:27
180096120400PB001H-02,学术道德与学术写作规范-通论,学术道德与学术写作规范-通论,公共政策与管理学院,雁栖湖,https://jwba.ucas.ac.cn/sc/course/courseplan/315619,10,0.50,公共必修课,黄小茹,2026-09-02 09:19:27
180096120400PB001H-03,学术道德与学术写作规范-通论,学术道德与学术写作规范-通论,公共政策与管理学院,雁栖湖,https://jwba.ucas.ac.cn/sc/course/courseplan/315620,10,0.50,公共必修课,袁军鹏,2026-09-02 09:19:27
180096120400PB001H-04,学术道德与学术写作规范-通论,学术道德与学术写作规范-通论,公共政策与管理学院,雁栖湖,https://jwba.ucas.ac.cn/sc/course/courseplan/315621,10,0.50,公共必修课,袁军鹏,2026-09-02 09:19:27
180096120400PB001H-05,学术道德与学术写作规范-通论,学术道德与学术写作规范-通论,公共政策与管理学院,雁栖湖,https://jwba.ucas.ac.cn/sc/course/courseplan/315622,10,0.50,公共必修课,李志红,2026-09-02 09:19:27
180096120400PB001H-06,学术道德与学术写作规范-通论,学术道德与学术写作规范-通论,公共政策与管理学院,雁栖湖,https://jwba.ucas.ac.cn/sc/course/courseplan/315623,10,0.50,公共必修课,李志红,2026-09-02 09:19:27
180096120400PB001H-07,学术道德与学术写作规范-通论,学术道德与学术写作规范-通论,公共政策与管理学院,雁栖湖,https://jwba.ucas.ac.cn/sc/course/courseplan/315624,10,0.50,公共必修课,刘红,2026-09-02 09:19:27
180096120400PB001H-08,学术道德与学术写作规范-通论,学术道德与学术写作规范-通论,公共政策与管理学院,雁栖湖,https://jwba.ucas.ac.cn/sc/course/courseplan/315625,10,0.50,公共必修课,刘红,2026-09-02 09:19:27
180096120400PB001H-09,学术道德与学术写作规范-通论,学术道德与学术写作规范-通论,公共政策与管理学院,雁栖湖,https://jwba.ucas.ac.cn/sc/course/courseplan/315626,10,0.50,公共必修课,李玲娟,2026-09-02 09:19:27
180096120400PB001H-10,学术道德与学术写作规范-通论,学术道德与学术写作规范-通论,公共政策与管理学院,雁栖湖,https://jwba.ucas.ac.cn/sc/course/courseplan/315627,10,0.50,公共必修课,李玲娟,2026-09-02 09:19:27
180096120400PB001H-11,学术道德与学术写作规范-通论,学术道德与学术写作规范-通论,公共政策与管理学院,雁栖湖,https://jwba.ucas.ac.cn/sc/course/courseplan/315628,10,0.50,公共必修课,袁军鹏,2026-09-02 09:19:27
180096120400PB001H-12,学术道德与学术写作规范-通论,学术道德与学术写作规范-通论,公共政策与管理学院,雁栖湖,https://jwba.ucas.ac.cn/sc/course/courseplan/315629,10,0.50,公共必修课,袁军鹏,2026-09-02 09:19:27
180096120400PB001H-13,学术道德与学术写作规范-通论,学术道德与学术写作规范-通论,公共政策与管理学院,雁栖湖,https://jwba.ucas.ac.cn/sc/course/courseplan/315630,10,0.50,公共必修课,唐素琴,2026-09-02 09:19:27
180096120400PB001H-14,学术道德与学术写作规范-通论,学术道德与学术写作规范-通论,公共政策与管理学院,雁栖湖,https://jwba.ucas.ac.cn/sc/course/courseplan/315631,10,0.50,公共必修课,唐素琴,2026-09-02 09:19:27
180096120400PB001H-15,学术道德与学术写作规范-通论,学术道德与学术写作规范-通论,公共政策与管理学院,雁栖湖,https://jwba.ucas.ac.cn/sc/course/courseplan/315632,10,0.50,公共必修课,张古鹏,2026-09-02 09:19:27
180096120400PB001H-16,学术道德与学术写作规范-通论,学术道德与学术写作规范-通论,公共政策与管理学院,雁栖湖,https://jwba.ucas.ac.cn/sc/course/courseplan/315633,10,0.50,公共必修课,张古鹏,2026-09-02 09:19:27
180096120400PB001H-17,学术道德与学术写作规范-通论,学术道德与学术写作规范-通论,公共政策与管理学院,雁栖湖,https://jwba.ucas.ac.cn/sc/course/courseplan/315634,10,0.50,公共必修课,刘朝,2026-09-02 09:19:27
180096120400PB001H-18,学术道德与学术写作规范-通论,学术道德与学术写作规范-通论,公共政策与管理学院,雁栖湖,https://jwba.ucas.ac.cn/sc/course/courseplan/315635,10,0.50,公共必修课,刘朝,2026-09-02 09:19:27
180096120400PB001H-19,学术道德与学术写作规范-通论,学术道德与学术写作规范-通论,公共政策与管理学院,雁栖湖,https://jwba.ucas.ac.cn/sc/course/courseplan/315636,10,0.50,公共必修课,任艳青,2026-09-02 09:19:27
180096120400PB001H-20,学术道德与学术写作规范-通论,学术道德与学术写作规范-通论,公共政策与管理学院,雁栖湖,https://jwba.ucas.ac.cn/sc/course/courseplan/315637,10,0.50,公共必修课,任艳青,2026-09-02 09:19:27
180096120400PB001H-21,学术道德与学术写作规范-通论,学术道德与学术写作规范-通论,公共政策与管理学院,雁栖湖,https://jwba.ucas.ac.cn/sc/course/courseplan/315638,10,0.50,公共必修课,刘继安,2026-09-02 09:19:27
180096120400PB001H-22,学术道德与学术写作规范-通论,学术道德与学术写作规范-通论,公共政策与管理学院,雁栖湖,https://jwba.ucas.ac.cn/sc/course/courseplan/315639,10,0.50,公共必修课,刘继安,2026-09-02 09:19:27
180096120400PB001H-23,学术道德与学术写作规范-通论,学术道德与学术写作规范-通论,公共政策与管理学院,雁栖湖,https://jwba.ucas.ac.cn/sc/course/courseplan/315640,10,0.50,公共必修课,曾燕,2026-09-02 09:19:27
180096120400PB001H-24,学术道德与学术写作规范-通论,学术道德与学术写作规范-通论,公共政策与管理学院,雁栖湖,https://jwba.ucas.ac.cn/sc/course/courseplan/315641,10,0.50,公共必修课,曾燕,2026-09-02 09:19:27
180096120400PB001H-25,学术道德与学术写作规范-通论,学术道德与学术写作规范-通论,公共政策与管理学院,雁栖湖,https://jwba.ucas.ac.cn/sc/course/courseplan/315644,10,0.50,公共必修课,唐素琴,2026-09-02 09:19:27
180096120400PB001H-26,学术道德与学术写作规范-通论,学术道德与学术写作规范-通论,公共政策与管理学院,雁栖湖,https://jwba.ucas.ac.cn/sc/course/courseplan/315645,10,0.50,公共必修课,唐素琴,2026-09-02 09:19:27
180096120400PB001H-27,学术道德与学术写作规范-通论,学术道德与学术写作规范-通论,公共政策与管理学院,雁栖湖,https://jwba.ucas.ac.cn/sc/course/courseplan/315642,10,0.50,公共必修课,李志红,2026-09-02 09:19:27
180096120400PB001H-28,学术道德与学术写作规范-通论,学术道德与学术写作规范-通论,公共政策与管理学院,雁栖湖,https://jwba.ucas.ac.cn/sc/course/courseplan/315643,10,0.50,公共必修课,李志红,2026-09-02 09:19:27
180101010105PX001Y,科研伦理、生命伦理和学术研究的“生存之道”,科研伦理、生命伦理和学术研究的“生存之道”,国际学院,玉泉路,https://jwba.ucas.ac.cn/sc/course/courseplan/313701,30,1.00,公共选修课,曾长青,2026-09-02 09:19:27
180101050102PB001Y-01,初级汉语1,初级汉语1,国际学院,玉泉路,https://jwba.ucas.ac.cn/sc/course/courseplan/315854,128,2.00,公共必修课,刘晓蒙,2026-09-02 09:19:27
180101050102PB001Y-02,初级汉语1,初级汉语1,国际学院,玉泉路,https://jwba.ucas.ac.cn/sc/course/courseplan/315855,128,2.00,公共必修课,罗威,2026-09-02 09:19:27
180101050102PB001Y-03,初级汉语1,初级汉语1,国际学院,玉泉路,https://jwba.ucas.ac.cn/sc/course/courseplan/315856,128,2.00,公共必修课,李然,2026-09-02 09:19:27
180101050102PB001Y-04,初级汉语1,初级汉语1,国际学院,玉泉路,https://jwba.ucas.ac.cn/sc/course/courseplan/315857,128,2.00,公共必修课,齐博鹏,2026-09-02 09:19:27
180101050102PB001Y-05,初级汉语1,初级汉语1,国际学院,玉泉路,https://jwba.ucas.ac.cn/sc/course/courseplan/315858,128,2.00,公共必修课,李胜楠,2026-09-02 09:19:27
180101050102PB001Y-06,初级汉语1,初级汉语1,国际学院,玉泉路,https://jwba.ucas.ac.cn/sc/course/courseplan/315859,128,2.00,公共必修课,田嘉惠,2026-09-02 09:19:27
180101050102PB001Y-07,初级汉语1,初级汉语1,国际学院,玉泉路,https://jwba.ucas.ac.cn/sc/course/courseplan/315860,128,2.00,公共必修课,孔艳艳,2026-09-02 09:19:27
180101050102PB001Y-08,初级汉语1,初级汉语1,国际学院,玉泉路,https://jwba.ucas.ac.cn/sc/course/courseplan/315861,128,2.00,公共必修课,刘健励,2026-09-02 09:19:27
180101050102PB001Y-09,初级汉语1,初级汉语1,国际学院,玉泉路,https://jwba.ucas.ac.cn/sc/course/courseplan/315862,128,2.00,公共必修课,倪欣宇,2026-09-02 09:19:27
180101050102PB001Y-10,初级汉语1,初级汉语1,国际学院,玉泉路,https://jwba.ucas.ac.cn/sc/course/courseplan/315863,128,2.00,公共必修课,张雪辰,2026-09-02 09:19:27
180101050102PB001Y-11,初级汉语1,初级汉语1,国际学院,玉泉路,https://jwba.ucas.ac.cn/sc/course/courseplan/315864,128,2.00,公共必修课,魏学慧,2026-09-02 09:19:27
180101050102PB002Y-01,初级汉语2,初级汉语2,国际学院,玉泉路,https://jwba.ucas.ac.cn/sc/course/courseplan/315834,128,2.00,公共必修课,刘晓蒙,2026-09-02 09:19:27
180101050102PB002Y-02,初级汉语2,初级汉语2,国际学院,玉泉路,https://jwba.ucas.ac.cn/sc/course/courseplan/315835,128,2.00,公共必修课,罗威,2026-09-02 09:19:27
180101050102PB002Y-03,初级汉语2,初级汉语2,国际学院,玉泉路,https://jwba.ucas.ac.cn/sc/course/courseplan/315836,128,2.00,公共必修课,李然,2026-09-02 09:19:27
180101050102PB002Y-04,初级汉语2,初级汉语2,国际学院,玉泉路,https://jwba.ucas.ac.cn/sc/course/courseplan/315837,128,2.00,公共必修课,齐博鹏,2026-09-02 09:19:27
180101050102PB002Y-05,初级汉语2,初级汉语2,国际学院,玉泉路,https://jwba.ucas.ac.cn/sc/course/courseplan/315838,128,2.00,公共必修课,李胜楠,2026-09-02 09:19:27
180101050102PB002Y-06,初级汉语2,初级汉语2,国际学院,玉泉路,https://jwba.ucas.ac.cn/sc/course/courseplan/315839,128,2.00,公共必修课,田嘉惠,2026-09-02 09:19:27
180101050102PB002Y-07,初级汉语2,初级汉语2,国际学院,玉泉路,https://jwba.ucas.ac.cn/sc/course/courseplan/315840,128,2.00,公共必修课,孔艳艳,2026-09-02 09:19:27
180101050102PB002Y-08,初级汉语2,初级汉语2,国际学院,玉泉路,https://jwba.ucas.ac.cn/sc/course/courseplan/315841,128,2.00,公共必修课,刘健励,2026-09-02 09:19:27
180101050102PB002Y-09,初级汉语2,初级汉语2,国际学院,玉泉路,https://jwba.ucas.ac.cn/sc/course/courseplan/315842,128,2.00,公共必修课,倪欣宇,2026-09-02 09:19:27
180101050102PB002Y-10,初级汉语2,初级汉语2,国际学院,玉泉路,https://jwba.ucas.ac.cn/sc/course/courseplan/315843,128,2.00,公共必修课,张雪辰,2026-09-02 09:19:27
180101050102PB002Y-11,初级汉语2,初级汉语2,国际学院,玉泉路,https://jwba.ucas.ac.cn/sc/course/courseplan/315844,128,2.00,公共必修课,魏学慧,2026-09-02 09:19:27
180101050102PB003Y-01,中国概况,中国概况,国际学院,玉泉路,https://jwba.ucas.ac.cn/sc/course/courseplan/315845,48,2.00,公共必修课,蒋洪恩,2026-09-02 09:19:27
180101050102PB003Y-02,中国概况,中国概况,国际学院,玉泉路,https://jwba.ucas.ac.cn/sc/course/courseplan/315846,48,2.00,公共必修课,陈天嘉,2026-09-02 09:19:27
180101050102PB003Y-03,中国概况,中国概况,国际学院,玉泉路,https://jwba.ucas.ac.cn/sc/course/courseplan/315847,48,2.00,公共必修课,杨益民,2026-09-02 09:19:27
180101050102PB003Y-04,中国概况,中国概况,国际学院,玉泉路,https://jwba.ucas.ac.cn/sc/course/courseplan/315848,48,2.00,公共必修课,褚国飞,2026-09-02 09:19:27
180101050102PB003Y-06,中国概况,中国概况,国际学院,玉泉路,https://jwba.ucas.ac.cn/sc/course/courseplan/315850,48,2.00,公共必修课,韩宾,2026-09-02 09:19:27
180101050102PB003Y-07,中国概况,中国概况,国际学院,玉泉路,https://jwba.ucas.ac.cn/sc/course/courseplan/315851,48,2.00,公共必修课,罗武干,2026-09-02 09:19:27
180101050102PB003Y-08,中国概况,中国概况,国际学院,玉泉路,https://jwba.ucas.ac.cn/sc/course/courseplan/319074,48,2.00,公共必修课,田嘉惠,2026-09-02 09:19:27
180101050102PX001Y,汉字与中国故事,汉字与中国故事,国际学院,玉泉路,https://jwba.ucas.ac.cn/sc/course/courseplan/313675,40,1.00,公共选修课,褚国飞,2026-09-02 09:19:27
180101050211PX002Y-01,科技论文写作,科技论文写作,国际学院,玉泉路,https://jwba.ucas.ac.cn/sc/course/courseplan/315803,40,1.00,公共选修课,于华,2026-09-02 09:19:27
180101050211PX002Y-02,科技论文写作,科技论文写作,国际学院,玉泉路,https://jwba.ucas.ac.cn/sc/course/courseplan/315804,40,1.00,公共选修课,洪雷,2026-09-02 09:19:27
180101050211PX002Y-03,科技论文写作,科技论文写作,国际学院,玉泉路,https://jwba.ucas.ac.cn/sc/course/courseplan/315805,40,1.00,公共选修课,陈念宁,2026-09-02 09:19:27
180101050211PX002Y-04,科技论文写作,科技论文写作,国际学院,玉泉路,https://jwba.ucas.ac.cn/sc/course/courseplan/315806,40,1.00,公共选修课,张文力,2026-09-02 09:19:27
180101050211PX003Y,公众演讲,公众演讲,国际学院,玉泉路,https://jwba.ucas.ac.cn/sc/course/courseplan/313690,40,1.00,公共选修课,孟艳丽,2026-09-02 09:19:27
1801010702I0P1001Y,现代物理学概述,现代物理学概述,国际学院,玉泉路,https://jwba.ucas.ac.cn/sc/course/courseplan/313453,51,2.50,学科核心课,张吟等,2026-09-02 09:19:27
1801010702I0P2001Y,密度泛函理论：建立与应用,密度泛函理论：建立与应用,国际学院,玉泉路,https://jwba.ucas.ac.cn/sc/course/courseplan/313443,40,2.00,专业核心课,杜世萱等,2026-09-02 09:19:27
1801010702I0P3001Y,抗辐照半导体探测器,抗辐照半导体探测器,国际学院,玉泉路,https://jwba.ucas.ac.cn/sc/course/courseplan/313442,40,2.00,专业课,史欣等,2026-09-02 09:19:27
1801010703I0P1001Y,金属有机化学与催化,金属有机化学与催化,国际学院,玉泉路,https://jwba.ucas.ac.cn/sc/course/courseplan/313441,50,2.50,学科核心课,孙文华等,2026-09-02 09:19:27
1801010703I0P1002Y,金属有机化学,金属有机化学,国际学院,玉泉路,https://jwba.ucas.ac.cn/sc/course/courseplan/313440,50,2.50,学科核心课,孙文华等,2026-09-02 09:19:27
1801010704I0P1001Y,现代天文学基础,现代天文学基础,国际学院,玉泉路,https://jwba.ucas.ac.cn/sc/course/courseplan/313476,50,2.50,学科核心课,苟利军等,2026-09-02 09:19:27
1801010705I0P1002Y,遥感图像处理,遥感图像处理,国际学院,玉泉路,https://jwba.ucas.ac.cn/sc/course/courseplan/313479,52,2.50,学科核心课,姜小光等,2026-09-02 09:19:27
1801010705I0P1004Y,发展地理学,发展地理学,国际学院,玉泉路,https://jwba.ucas.ac.cn/sc/course/courseplan/313463,60,3.00,学科核心课,邓祥征等,2026-09-02 09:19:27
1801010705I0P1005Y,地理信息系统A,地理信息系统A,国际学院,玉泉路,https://jwba.ucas.ac.cn/sc/course/courseplan/313460,51,2.50,学科核心课,宋现锋等,2026-09-02 09:19:27
1801010705I0P1006Y,土地变化科学,土地变化科学,国际学院,玉泉路,https://jwba.ucas.ac.cn/sc/course/courseplan/313474,60,3.00,学科核心课,董金玮等,2026-09-02 09:19:27
1801010705I0P1007Y,生态环境信息学,生态环境信息学,国际学院,玉泉路,https://jwba.ucas.ac.cn/sc/course/courseplan/313471,69,3.50,学科核心课,岳天祥等,2026-09-02 09:19:27
1801010705I0P1008Y,地理信息系统B,地理信息系统B,国际学院,玉泉路,https://jwba.ucas.ac.cn/sc/course/courseplan/313461,51,2.50,学科核心课,周翔等,2026-09-02 09:19:27
1801010705I0P1009Y,城市规划与可持续发展,城市规划与可持续发展,国际学院,玉泉路,https://jwba.ucas.ac.cn/sc/course/courseplan/313458,60,3.00,学科核心课,杨振山等,2026-09-02 09:19:27
1801010705I0P2003Y,现代水文学,现代水文学,国际学院,玉泉路,https://jwba.ucas.ac.cn/sc/course/courseplan/313452,50,2.50,专业核心课,张永强等,2026-09-02 09:19:27
1801010705I0P2005Y,遥感信息处理与城市应用,遥感信息处理与城市应用,国际学院,玉泉路,https://jwba.ucas.ac.cn/sc/course/courseplan/313454,60,3.00,专业核心课,孟庆岩,2026-09-02 09:19:27
1801010706I0P1003Y,天气与气候概论,天气与气候概论,国际学院,玉泉路,https://jwba.ucas.ac.cn/sc/course/courseplan/313448,40,2.00,学科核心课,陈光华等,2026-09-02 09:19:27
1801010708I0P1001Y,地球动力学导论,地球动力学导论,国际学院,玉泉路,https://jwba.ucas.ac.cn/sc/course/courseplan/313462,72,3.50,学科核心课,王世民,2026-09-02 09:19:27
1801010708I0P1002Y,地球系统科学,地球系统科学,国际学院,玉泉路,https://jwba.ucas.ac.cn/sc/course/courseplan/313432,51,2.50,学科核心课,贾根锁等,2026-09-02 09:19:27
1801010710I0P1001Y,植物生理与发育生物学,植物生理与发育生物学,国际学院,玉泉路,https://jwba.ucas.ac.cn/sc/course/courseplan/313478,60,3.00,学科核心课,程佑发等,2026-09-02 09:19:27
1801010710I0P1002Y,植物分子生物学,植物分子生物学,国际学院,玉泉路,https://jwba.ucas.ac.cn/sc/course/courseplan/313477,60,3.00,学科核心课,李欣然等,2026-09-02 09:19:27
1801010710I0P1003Y,基因组学前沿和精准医学,基因组学前沿和精准医学,国际学院,玉泉路,https://jwba.ucas.ac.cn/sc/course/courseplan/313468,51,2.50,学科核心课,张治华等,2026-09-02 09:19:27
1801010710I0P1004Y,发育生物学研究中的模式动物,发育生物学研究中的模式动物,国际学院,玉泉路,https://jwba.ucas.ac.cn/sc/course/courseplan/313434,60,3.00,学科核心课,YUAN LI,2026-09-02 09:19:27
1801010710I0P1012Y,细胞器研究,细胞器研究,国际学院,玉泉路,https://jwba.ucas.ac.cn/sc/course/courseplan/313475,50,2.50,学科核心课,刘平生等,2026-09-02 09:19:27
1801010710I0P1015Y,合成生物学导论,合成生物学导论,国际学院,玉泉路,https://jwba.ucas.ac.cn/sc/course/courseplan/313437,40,2.00,学科核心课,于龙江等,2026-09-02 09:19:27
1801010710I0P3001Y,国际藻类、菌物和植物命名法规,国际藻类、菌物和植物命名法规,国际学院,玉泉路,https://jwba.ucas.ac.cn/sc/course/courseplan/313436,40,2.00,专业课,朱相云,2026-09-02 09:19:27
1801010713I0P1003Y,城市生态学：格局、过程、规划与可持续性,城市生态学：格局、过程、规划与可持续性,国际学院,玉泉路,https://jwba.ucas.ac.cn/sc/course/courseplan/313459,60,3.00,学科核心课,周伟奇等,2026-09-02 09:19:27
1801010713I0P1005Y,土壤生态学-水分养分循环及管理,土壤生态学-水分养分循环及管理,国际学院,玉泉路,https://jwba.ucas.ac.cn/sc/course/courseplan/313449,40,2.00,学科核心课,张喜英等,2026-09-02 09:19:27
1801010714I0P1001Y,数据挖掘,数据挖掘,国际学院,玉泉路,https://jwba.ucas.ac.cn/sc/course/courseplan/313446,60,3.00,学科核心课,刘莹,2026-09-02 09:19:27
1801010801I0P1001Y,工程流固耦合,工程流固耦合,国际学院,玉泉路,https://jwba.ucas.ac.cn/sc/course/courseplan/313435,50,2.50,学科核心课,陈伟民,2026-09-02 09:19:27
1801010801I0P1002Y,微/纳机电系统和微/纳传感器中的力学,微/纳机电系统和微/纳传感器中的力学,国际学院,玉泉路,https://jwba.ucas.ac.cn/sc/course/courseplan/313451,60,3.00,学科核心课,张吟,2026-09-02 09:19:27
1801010805I0P1001Y,功能纳米结构的合成、表征及设备应用,功能纳米结构的合成、表征及设备应用,国际学院,玉泉路,https://jwba.ucas.ac.cn/sc/course/courseplan/313465,51,2.50,学科核心课,孙向南等,2026-09-02 09:19:27
1801010805I0P1002Y,材料生产与环境科学,材料生产与环境科学,国际学院,玉泉路,https://jwba.ucas.ac.cn/sc/course/courseplan/313431,60,3.00,学科核心课,杜浩等,2026-09-02 09:19:27
1801010805I0P1004Y,同步辐射在材料学中的应用,同步辐射在材料学中的应用,国际学院,玉泉路,https://jwba.ucas.ac.cn/sc/course/courseplan/313473,60,3.00,学科核心课,张一等,2026-09-02 09:19:27
1801010812I0P1001Y,智能软件工程,智能软件工程,国际学院,玉泉路,https://jwba.ucas.ac.cn/sc/course/courseplan/313455,60,3.00,学科核心课,罗铁坚,2026-09-02 09:19:27
1801010812I0P1002Y,数据科学,数据科学,国际学院,玉泉路,https://jwba.ucas.ac.cn/sc/course/courseplan/313445,60,3.00,学科核心课,罗铁坚,2026-09-02 09:19:27
1801010812I0P1003Y,Matlab在科学计算中的应用,Matlab在科学计算中的应用,国际学院,玉泉路,https://jwba.ucas.ac.cn/sc/course/courseplan/313456,45,2.50,学科核心课,LUO CUI CUI,2026-09-02 09:19:27
1801010812I0P1005Y,数字图像处理,数字图像处理,国际学院,玉泉路,https://jwba.ucas.ac.cn/sc/course/courseplan/313447,40,2.00,学科核心课,王伟强,2026-09-02 09:19:27
1801010817I0P1005Y,多相反应器理论与分析,多相反应器理论与分析,国际学院,玉泉路,https://jwba.ucas.ac.cn/sc/course/courseplan/313433,51,2.50,学科核心课,刘晓星等,2026-09-02 09:19:27
1801010817I0P1006Y,化工过程安全,化工过程安全,国际学院,玉泉路,https://jwba.ucas.ac.cn/sc/course/courseplan/313466,60,3.00,学科核心课,杨宁等,2026-09-02 09:19:27
1801010830I0P1001Y,环境与自然资源经济学,环境与自然资源经济学,国际学院,玉泉路,https://jwba.ucas.ac.cn/sc/course/courseplan/313467,60,3.00,学科核心课,邓祥征等,2026-09-02 09:19:27
1801010830I0P1002Y,环境化学,环境化学,国际学院,玉泉路,https://jwba.ucas.ac.cn/sc/course/courseplan/313439,60,3.00,学科核心课,田振玉,2026-09-02 09:19:27
1801010830I0P1003Y,化学反应先进诊断技术与应用,化学反应先进诊断技术与应用,国际学院,玉泉路,https://jwba.ucas.ac.cn/sc/course/courseplan/313438,60,3.00,学科核心课,田振玉,2026-09-02 09:19:27
1801010830I0P1004Y,高级水物化处理原理,高级水物化处理原理,国际学院,玉泉路,https://jwba.ucas.ac.cn/sc/course/courseplan/313464,60,3.00,学科核心课,刘超等,2026-09-02 09:19:27
1801010830I0P1005Y,水化学,水化学,国际学院,玉泉路,https://jwba.ucas.ac.cn/sc/course/courseplan/313472,60,3.00,学科核心课,刘超等,2026-09-02 09:19:27
1801010830I0P1006Y,全球环境展望,全球环境展望,国际学院,玉泉路,https://jwba.ucas.ac.cn/sc/course/courseplan/313444,40,2.00,学科核心课,贾根锁等,2026-09-02 09:19:27
1801010830I0P1007Y,土壤碳氮循环概论,土壤碳氮循环概论,国际学院,玉泉路,https://jwba.ucas.ac.cn/sc/course/courseplan/313450,60,3.00,学科核心课,徐星凯,2026-09-02 09:19:27
180101120500PB003Y-01,学术道德与学术写作规范,学术道德与学术写作规范,国际学院,玉泉路,https://jwba.ucas.ac.cn/sc/course/courseplan/315865,20,1.00,公共必修课,叶青,2026-09-02 09:19:27
180101120500PB003Y-02,学术道德与学术写作规范,学术道德与学术写作规范,国际学院,玉泉路,https://jwba.ucas.ac.cn/sc/course/courseplan/315866,20,1.00,公共必修课,蓝利,2026-09-02 09:19:27
180101120500PB003Y-03,学术道德与学术写作规范,学术道德与学术写作规范,国际学院,玉泉路,https://jwba.ucas.ac.cn/sc/course/courseplan/318422,20,1.00,公共必修课,蓝利,2026-09-02 09:19:27
180101120500PB003Y-04,学术道德与学术写作规范,学术道德与学术写作规范,国际学院,玉泉路,https://jwba.ucas.ac.cn/sc/course/courseplan/315867,20,1.00,公共必修课,李志红,2026-09-02 09:19:27
180101120500PB003Y-05,学术道德与学术写作规范,学术道德与学术写作规范,国际学院,玉泉路,https://jwba.ucas.ac.cn/sc/course/courseplan/315868,20,1.00,公共必修课,李志红,2026-09-02 09:19:27
18017B040300PX001H-01,健身健美,健身健美,体育部,雁栖湖,https://jwba.ucas.ac.cn/sc/course/courseplan/315699,30,0.50,公共选修课,唐晓义,2026-09-02 09:19:27
18017B040300PX001H-02,健身健美,健身健美,体育部,雁栖湖,https://jwba.ucas.ac.cn/sc/course/courseplan/315700,30,0.50,公共选修课,唐晓义,2026-09-02 09:19:27
18017B040300PX001H-03,健身健美,健身健美,体育部,雁栖湖,https://jwba.ucas.ac.cn/sc/course/courseplan/315701,30,0.50,公共选修课,唐晓义,2026-09-02 09:19:27
18017B040300PX001H-04,健身健美,健身健美,体育部,雁栖湖,https://jwba.ucas.ac.cn/sc/course/courseplan/315702,30,0.50,公共选修课,唐晓义,2026-09-02 09:19:27
18017B040300PX001H-05,健身健美,健身健美,体育部,雁栖湖,https://jwba.ucas.ac.cn/sc/course/courseplan/315703,30,0.50,公共选修课,唐晓义,2026-09-02 09:19:27
18017B040300PX003H-01,网球,网球,体育部,雁栖湖,https://jwba.ucas.ac.cn/sc/course/courseplan/315695,30,0.50,公共选修课,于汶均,2026-09-02 09:19:27
18017B040300PX003H-02,网球,网球,体育部,雁栖湖,https://jwba.ucas.ac.cn/sc/course/courseplan/315696,30,0.50,公共选修课,于汶均,2026-09-02 09:19:27
18017B040300PX003H-03,网球,网球,体育部,雁栖湖,https://jwba.ucas.ac.cn/sc/course/courseplan/315697,30,0.50,公共选修课,于汶均,2026-09-02 09:19:27
18017B040300PX003H-04,网球,网球,体育部,雁栖湖,https://jwba.ucas.ac.cn/sc/course/courseplan/315698,30,0.50,公共选修课,于汶均,2026-09-02 09:19:27
18017B040300PX003H-05,网球,网球,体育部,雁栖湖,https://jwba.ucas.ac.cn/sc/course/courseplan/318459,30,0.50,公共选修课,于汶均,2026-09-02 09:19:27
18017B040300PX004H-01,足球,足球,体育部,雁栖湖,https://jwba.ucas.ac.cn/sc/course/courseplan/315656,30,0.50,公共选修课,林家辉,2026-09-02 09:19:27
18017B040300PX004H-02,足球,足球,体育部,雁栖湖,https://jwba.ucas.ac.cn/sc/course/courseplan/315657,30,0.50,公共选修课,林家辉,2026-09-02 09:19:27
18017B040300PX004H-03,足球,足球,体育部,雁栖湖,https://jwba.ucas.ac.cn/sc/course/courseplan/315658,30,0.50,公共选修课,林家辉,2026-09-02 09:19:27
18017B040300PX004H-04,足球,足球,体育部,雁栖湖,https://jwba.ucas.ac.cn/sc/course/courseplan/315659,30,0.50,公共选修课,林家辉,2026-09-02 09:19:27
18017B040300PX006H-01,女子自由泳,女子自由泳,体育部,雁栖湖,https://jwba.ucas.ac.cn/sc/course/courseplan/315692,30,0.50,公共选修课,鄂宇馨,2026-09-02 09:19:27
18017B040300PX006H-02,女子自由泳,女子自由泳,体育部,雁栖湖,https://jwba.ucas.ac.cn/sc/course/courseplan/315693,30,0.50,公共选修课,鄂宇馨,2026-09-02 09:19:27
18017B040300PX007H-01,男子自由泳,男子自由泳,体育部,雁栖湖,https://jwba.ucas.ac.cn/sc/course/courseplan/315688,30,0.50,公共选修课,刘瑞雪,2026-09-02 09:19:27
18017B040300PX007H-02,男子自由泳,男子自由泳,体育部,雁栖湖,https://jwba.ucas.ac.cn/sc/course/courseplan/315689,30,0.50,公共选修课,刘瑞雪,2026-09-02 09:19:27
18017B040300PX007H-03,男子自由泳,男子自由泳,体育部,雁栖湖,https://jwba.ucas.ac.cn/sc/course/courseplan/315690,30,0.50,公共选修课,刘瑞雪,2026-09-02 09:19:27
18017B040300PX009H-01,篮球,篮球,体育部,雁栖湖,https://jwba.ucas.ac.cn/sc/course/courseplan/315597,30,0.50,公共选修课,张欢,2026-09-02 09:19:27
18017B040300PX009H-02,篮球,篮球,体育部,雁栖湖,https://jwba.ucas.ac.cn/sc/course/courseplan/315598,30,0.50,公共选修课,朱天宇,2026-09-02 09:19:27
18017B040300PX010H-01,瑜伽,瑜伽,体育部,雁栖湖,https://jwba.ucas.ac.cn/sc/course/courseplan/315683,30,0.50,公共选修课,何桂星,2026-09-02 09:19:27
18017B040300PX010H-02,瑜伽,瑜伽,体育部,雁栖湖,https://jwba.ucas.ac.cn/sc/course/courseplan/315684,30,0.50,公共选修课,何桂星,2026-09-02 09:19:27
18017B040300PX010H-03,瑜伽,瑜伽,体育部,雁栖湖,https://jwba.ucas.ac.cn/sc/course/courseplan/315685,30,0.50,公共选修课,郭巍,2026-09-02 09:19:27
18017B040300PX010H-04,瑜伽,瑜伽,体育部,雁栖湖,https://jwba.ucas.ac.cn/sc/course/courseplan/315686,30,0.50,公共选修课,郭巍,2026-09-02 09:19:27
18017B040300PX010H-05,瑜伽,瑜伽,体育部,雁栖湖,https://jwba.ucas.ac.cn/sc/course/courseplan/315687,30,0.50,公共选修课,郭巍,2026-09-02 09:19:27
18017B040300PX011H-01,女子蛙泳,女子蛙泳,体育部,雁栖湖,https://jwba.ucas.ac.cn/sc/course/courseplan/315680,30,0.50,公共选修课,樊菁,2026-09-02 09:19:27
18017B040300PX011H-02,女子蛙泳,女子蛙泳,体育部,雁栖湖,https://jwba.ucas.ac.cn/sc/course/courseplan/315681,30,0.50,公共选修课,鄂宇馨,2026-09-02 09:19:27
18017B040300PX011H-03,女子蛙泳,女子蛙泳,体育部,雁栖湖,https://jwba.ucas.ac.cn/sc/course/courseplan/315682,30,0.50,公共选修课,鄂宇馨,2026-09-02 09:19:27
18017B040300PX011H-04,女子蛙泳,女子蛙泳,体育部,雁栖湖,https://jwba.ucas.ac.cn/sc/course/courseplan/318477,30,0.50,公共选修课,鄂宇馨,2026-09-02 09:19:27
18017B040300PX011H-05,女子蛙泳,女子蛙泳,体育部,雁栖湖,https://jwba.ucas.ac.cn/sc/course/courseplan/318478,30,0.50,公共选修课,鄂宇馨,2026-09-02 09:19:27
18017B040300PX012H-01,男子蛙泳,男子蛙泳,体育部,雁栖湖,https://jwba.ucas.ac.cn/sc/course/courseplan/315676,30,0.50,公共选修课,刘瑞雪,2026-09-02 09:19:27
18017B040300PX012H-02,男子蛙泳,男子蛙泳,体育部,雁栖湖,https://jwba.ucas.ac.cn/sc/course/courseplan/315677,30,0.50,公共选修课,刘瑞雪,2026-09-02 09:19:27
18017B040300PX012H-03,男子蛙泳,男子蛙泳,体育部,雁栖湖,https://jwba.ucas.ac.cn/sc/course/courseplan/315678,30,0.50,公共选修课,鄂宇馨,2026-09-02 09:19:27
18017B040300PX013H-01,羽毛球,羽毛球,体育部,雁栖湖,https://jwba.ucas.ac.cn/sc/course/courseplan/315660,30,0.50,公共选修课,黄柏翰,2026-09-02 09:19:27
18017B040300PX013H-02,羽毛球,羽毛球,体育部,雁栖湖,https://jwba.ucas.ac.cn/sc/course/courseplan/315661,30,0.50,公共选修课,黄淳甲,2026-09-02 09:19:27
18017B040300PX013H-03,羽毛球,羽毛球,体育部,雁栖湖,https://jwba.ucas.ac.cn/sc/course/courseplan/315662,30,0.50,公共选修课,黄淳甲,2026-09-02 09:19:27
18017B040300PX013H-04,羽毛球,羽毛球,体育部,雁栖湖,https://jwba.ucas.ac.cn/sc/course/courseplan/315663,30,0.50,公共选修课,黄淳甲,2026-09-02 09:19:27
18017B040300PX013H-05,羽毛球,羽毛球,体育部,雁栖湖,https://jwba.ucas.ac.cn/sc/course/courseplan/315664,30,0.50,公共选修课,黄淳甲,2026-09-02 09:19:27
18017B040300PX014H-01,排球,排球,体育部,雁栖湖,https://jwba.ucas.ac.cn/sc/course/courseplan/315665,30,0.50,公共选修课,刘立勇,2026-09-02 09:19:27
18017B040300PX014H-02,排球,排球,体育部,雁栖湖,https://jwba.ucas.ac.cn/sc/course/courseplan/315666,30,0.50,公共选修课,刘立勇,2026-09-02 09:19:27
18017B040300PX014H-03,排球,排球,体育部,雁栖湖,https://jwba.ucas.ac.cn/sc/course/courseplan/315667,30,0.50,公共选修课,刘立勇,2026-09-02 09:19:27
18017B040300PX014H-04,排球,排球,体育部,雁栖湖,https://jwba.ucas.ac.cn/sc/course/courseplan/315668,30,0.50,公共选修课,刘立勇,2026-09-02 09:19:27
18017B040300PX014H-05,排球,排球,体育部,雁栖湖,https://jwba.ucas.ac.cn/sc/course/courseplan/315669,30,0.50,公共选修课,刘立勇,2026-09-02 09:19:27
18017B040300PX014H-06,排球,排球,体育部,雁栖湖,https://jwba.ucas.ac.cn/sc/course/courseplan/315670,30,0.50,公共选修课,刘立勇,2026-09-02 09:19:27
18017B040300PX014H-07,排球,排球,体育部,雁栖湖,https://jwba.ucas.ac.cn/sc/course/courseplan/315671,30,0.50,公共选修课,孙科,2026-09-02 09:19:27
18017B040300PX014H-08,排球,排球,体育部,雁栖湖,https://jwba.ucas.ac.cn/sc/course/courseplan/315672,30,0.50,公共选修课,孙科,2026-09-02 09:19:27
18017B040300PX014H-09,排球,排球,体育部,雁栖湖,https://jwba.ucas.ac.cn/sc/course/courseplan/315673,30,0.50,公共选修课,孙科,2026-09-02 09:19:27
18017B040300PX014H-10,排球,排球,体育部,雁栖湖,https://jwba.ucas.ac.cn/sc/course/courseplan/315675,30,0.50,公共选修课,孙科,2026-09-02 09:19:27
180202085403P2001H,模拟集成电路分析与设计,模拟集成电路分析与设计,集成电路学院,雁栖湖,https://jwba.ucas.ac.cn/sc/course/courseplan/314347,60,3.00,专业核心课,赵野等,2026-09-02 09:19:27
180202085403P2002H,微电子系统封装,微电子系统封装,集成电路学院,雁栖湖,https://jwba.ucas.ac.cn/sc/course/courseplan/314340,50,2.50,专业核心课,曹立强等,2026-09-02 09:19:27
180202085403P2003H,高等数字集成电路分析与设计,高等数字集成电路分析与设计,集成电路学院,雁栖湖,https://jwba.ucas.ac.cn/sc/course/courseplan/314348,60,3.00,专业核心课,张锋等,2026-09-02 09:19:27
180202085403P2005H,现代半导体器件物理,现代半导体器件物理,集成电路学院,雁栖湖,https://jwba.ucas.ac.cn/sc/course/courseplan/314346,60,3.00,专业核心课,李蒙蒙等,2026-09-02 09:19:27
180202085403P3001H,功率半导体及智能功率集成电路设计,功率半导体及智能功率集成电路设计,集成电路学院,雁栖湖,https://jwba.ucas.ac.cn/sc/course/courseplan/314341,40,2.00,专业课,蔡小五,2026-09-02 09:19:27
180202085403P3002H,半导体材料与器件的分析与表征,半导体材料与器件的分析与表征,集成电路学院,雁栖湖,https://jwba.ucas.ac.cn/sc/course/courseplan/314342,50,2.50,专业课,王晓磊等,2026-09-02 09:19:27
180202140100P3002H,新型功率电子材料与器件,新型功率电子材料与器件,集成电路学院,雁栖湖,https://jwba.ucas.ac.cn/sc/course/courseplan/314339,40,2.00,专业课,黄森等,2026-09-02 09:19:27
180202140100P3003H,SOI CMOS技术及其应用,SOI CMOS技术及其应用,集成电路学院,雁栖湖,https://jwba.ucas.ac.cn/sc/course/courseplan/314357,40,2.00,专业课,李博等,2026-09-02 09:19:27
180202140100P3004H,MOS器件TCAD仿真及SPICE模型,MOS器件TCAD仿真及SPICE模型,集成电路学院,雁栖湖,https://jwba.ucas.ac.cn/sc/course/courseplan/314344,40,2.00,专业课,卜建辉等,2026-09-02 09:19:27
180202140100P4001H,VLSI物理设计算法,VLSI物理设计算法,集成电路学院,雁栖湖,https://jwba.ucas.ac.cn/sc/course/courseplan/314308,20,1.00,研讨课,姚振杰,2026-09-02 09:19:27
180202140100P4002H,MEMS传感器：从设计到应用,MEMS传感器：从设计到应用,集成电路学院,雁栖湖,https://jwba.ucas.ac.cn/sc/course/courseplan/314345,20,1.00,研讨课,毛海央等,2026-09-02 09:19:27
180202140100P4003H,薄膜晶体管原理及其应用,薄膜晶体管原理及其应用,集成电路学院,雁栖湖,https://jwba.ucas.ac.cn/sc/course/courseplan/314307,20,1.00,研讨课,李蒙蒙等,2026-09-02 09:19:27
180202140100P4005H,集成电路制造在线检测技术,集成电路制造在线检测技术,集成电路学院,雁栖湖,https://jwba.ucas.ac.cn/sc/course/courseplan/314251,20,1.00,研讨课,周维虎等,2026-09-02 09:19:27
180203083900P1001H,网络与系统安全,网络与系统安全,网络空间安全学院,雁栖湖,https://jwba.ucas.ac.cn/sc/course/courseplan/313604,60,3.00,学科核心课,荆继武等,2026-09-02 09:19:27
180203083900P1002H-1,机器学习,机器学习,网络空间安全学院,雁栖湖,https://jwba.ucas.ac.cn/sc/course/courseplan/316021,60,3.00,学科核心课,周晓飞,2026-09-02 09:19:27
180203083900P1002H-2,机器学习,机器学习,网络空间安全学院,雁栖湖,https://jwba.ucas.ac.cn/sc/course/courseplan/316019,60,3.00,学科核心课,周晓飞,2026-09-02 09:19:27
180203083900P1002H-3,机器学习,机器学习,网络空间安全学院,雁栖湖,https://jwba.ucas.ac.cn/sc/course/courseplan/320296,60,3.00,学科核心课,周晓飞,2026-09-02 09:19:27
180203083900P1003H,信息安全数学基础,信息安全数学基础,网络空间安全学院,雁栖湖,https://jwba.ucas.ac.cn/sc/course/courseplan/313569,60,3.00,学科核心课,胡磊等,2026-09-02 09:19:27
180203083900P1004H,应用密码学,应用密码学,网络空间安全学院,雁栖湖,https://jwba.ucas.ac.cn/sc/course/courseplan/313571,60,3.00,学科核心课,林东岱,2026-09-02 09:19:27
180203083900PB001H-1,学术道德与学术写作规范-分论,学术道德与学术写作规范-分论,网络空间安全学院,雁栖湖,https://jwba.ucas.ac.cn/sc/course/courseplan/316144,10,0.50,公共必修课,林东岱,2026-09-02 09:19:27
180203083900PB001H-2,学术道德与学术写作规范-分论,学术道德与学术写作规范-分论,网络空间安全学院,雁栖湖,https://jwba.ucas.ac.cn/sc/course/courseplan/316145,10,0.50,公共必修课,林东岱,2026-09-02 09:19:27
180203083900PX001H,网络犯罪与安全治理,网络犯罪与安全治理,网络空间安全学院,雁栖湖,https://jwba.ucas.ac.cn/sc/course/courseplan/313601,30,1.00,公共选修课,姜建国,2026-09-02 09:19:27
1802030839X1P2005H,理论密码学,理论密码学,网络空间安全学院,雁栖湖,https://jwba.ucas.ac.cn/sc/course/courseplan/313591,60,3.00,专业核心课,黄桂芳,2026-09-02 09:19:27
1802030839X1P3003H,计算复杂性基础,计算复杂性基础,网络空间安全学院,雁栖湖,https://jwba.ucas.ac.cn/sc/course/courseplan/313624,40,2.00,专业课,吕克伟等,2026-09-02 09:19:27
1802030839X1P3004H,密码分析学,密码分析学,网络空间安全学院,雁栖湖,https://jwba.ucas.ac.cn/sc/course/courseplan/313592,40,2.00,专业课,田松等,2026-09-02 09:19:27
1802030839X1P3005H,区块链技术及应用,区块链技术及应用,网络空间安全学院,雁栖湖,https://jwba.ucas.ac.cn/sc/course/courseplan/313593,40,2.00,专业课,王鲲鹏等,2026-09-02 09:19:27
1802030839X1P4007H,密码学中的量子计算基础,密码学中的量子计算基础,网络空间安全学院,雁栖湖,https://jwba.ucas.ac.cn/sc/course/courseplan/313594,20,1.00,研讨课,黄震宇,2026-09-02 09:19:27
1802030839X1P5002H,密码应用技术实践,密码应用技术实践,网络空间安全学院,雁栖湖,https://jwba.ucas.ac.cn/sc/course/courseplan/313595,30,1.00,实验课,王平建等,2026-09-02 09:19:27
1802030839X2P2001H,大数据管理与分析,大数据管理与分析,网络空间安全学院,雁栖湖,https://jwba.ucas.ac.cn/sc/course/courseplan/313621,60,3.00,专业核心课,沙灜等,2026-09-02 09:19:27
1802030839X2P2002H,自然语言处理基础,自然语言处理基础,网络空间安全学院,雁栖湖,https://jwba.ucas.ac.cn/sc/course/courseplan/313619,60,3.00,专业核心课,胡玥等,2026-09-02 09:19:27
1802030839X2P2003H,信息检索导论,信息检索导论,网络空间安全学院,雁栖湖,https://jwba.ucas.ac.cn/sc/course/courseplan/313620,50,2.50,专业核心课,林政等,2026-09-02 09:19:27
1802030839X2P3001H,多媒体信息隐藏与安全,多媒体信息隐藏与安全,网络空间安全学院,雁栖湖,https://jwba.ucas.ac.cn/sc/course/courseplan/313623,40,2.00,专业课,张弘等,2026-09-02 09:19:27
1802030839X3P2002H,保密技术,保密技术,网络空间安全学院,雁栖湖,https://jwba.ucas.ac.cn/sc/course/courseplan/313597,50,2.50,专业核心课,姜建国等,2026-09-02 09:19:27
1802030839X3P2003H,无线安全,无线安全,网络空间安全学院,雁栖湖,https://jwba.ucas.ac.cn/sc/course/courseplan/313596,50,2.50,专业核心课,李敏等,2026-09-02 09:19:27
1802030839X3P3001H,移动互联网安全,移动互联网安全,网络空间安全学院,雁栖湖,https://jwba.ucas.ac.cn/sc/course/courseplan/313598,40,2.00,专业课,刘银龙等,2026-09-02 09:19:27
1802030839X3P3002H,信息论和编码,信息论和编码,网络空间安全学院,雁栖湖,https://jwba.ucas.ac.cn/sc/course/courseplan/313600,40,2.00,专业课,王丽萍,2026-09-02 09:19:27
1802030839X3P3003H,信号安全与目标识别,信号安全与目标识别,网络空间安全学院,雁栖湖,https://jwba.ucas.ac.cn/sc/course/courseplan/313599,40,2.00,专业课,黄伟庆等,2026-09-02 09:19:27
1802030839X4P2001H,安全协议与形式化方法,安全协议与形式化方法,网络空间安全学院,雁栖湖,https://jwba.ucas.ac.cn/sc/course/courseplan/313605,60,3.00,专业核心课,王竹等,2026-09-02 09:19:27
1802030839X4P3003H,网络协议安全,网络协议安全,网络空间安全学院,雁栖湖,https://jwba.ucas.ac.cn/sc/course/courseplan/313607,40,2.00,专业课,张棪等,2026-09-02 09:19:27
1802030839X4P3004H,芯片及处理器安全,芯片及处理器安全,网络空间安全学院,雁栖湖,https://jwba.ucas.ac.cn/sc/course/courseplan/313606,40,2.00,专业课,王文浩,2026-09-02 09:19:27
1802030839X5P2001H,网络攻防基础,网络攻防基础,网络空间安全学院,雁栖湖,https://jwba.ucas.ac.cn/sc/course/courseplan/313611,60,3.00,专业核心课,张玉清等,2026-09-02 09:19:27
1802030839X5P2002H,软件安全原理,软件安全原理,网络空间安全学院,雁栖湖,https://jwba.ucas.ac.cn/sc/course/courseplan/313610,50,2.50,专业核心课,龚晓锐,2026-09-02 09:19:27
1802030839X5P3001H,Web安全技术,Web安全技术,网络空间安全学院,雁栖湖,https://jwba.ucas.ac.cn/sc/course/courseplan/313613,40,2.00,专业课,刘玉岭等,2026-09-02 09:19:27
1802030839X5P3002H,网络安全数据分析基础,网络安全数据分析基础,网络空间安全学院,雁栖湖,https://jwba.ucas.ac.cn/sc/course/courseplan/313612,40,2.00,专业课,刘玉岭等,2026-09-02 09:19:27
1802030839X5P4004H,基于大数据的软件安全,基于大数据的软件安全,网络空间安全学院,雁栖湖,https://jwba.ucas.ac.cn/sc/course/courseplan/313614,20,1.00,研讨课,陈恺等,2026-09-02 09:19:27
1802030839X5P4005H,网络空间威胁分析技术前沿,网络空间威胁分析技术前沿,网络空间安全学院,雁栖湖,https://jwba.ucas.ac.cn/sc/course/courseplan/313615,20,1.00,研讨课,姜政伟等,2026-09-02 09:19:27
180203085412P5002H,信号安全分析实验,信号安全分析实验,网络空间安全学院,雁栖湖,https://jwba.ucas.ac.cn/sc/course/courseplan/313602,30,1.00,实验课,王竹,2026-09-02 09:19:27
180203085412P5011H,计算机安全实践,计算机安全实践,网络空间安全学院,雁栖湖,https://jwba.ucas.ac.cn/sc/course/courseplan/313617,40,1.00,实验课,李宁等,2026-09-02 09:19:27
180203085412P5012H,人工智能攻防实践,人工智能攻防实践,网络空间安全学院,雁栖湖,https://jwba.ucas.ac.cn/sc/course/courseplan/313616,30,1.00,实验课,梁瑞刚等,2026-09-02 09:19:27
180206081100P1001H,人工智能原理与算法,人工智能原理与算法,人工智能学院,雁栖湖,https://jwba.ucas.ac.cn/sc/course/courseplan/314179,60,3.00,学科核心课,雷震等,2026-09-02 09:19:27
180206081100P1003H,自然语言处理基础与大模型,自然语言处理基础与大模型,人工智能学院,雁栖湖,https://jwba.ucas.ac.cn/sc/course/courseplan/314078,60,3.00,学科核心课,宗成庆等,2026-09-02 09:19:27
180206081100P1004H,机器人学,机器人学,人工智能学院,雁栖湖,https://jwba.ucas.ac.cn/sc/course/courseplan/314180,60,3.00,学科核心课,王硕等,2026-09-02 09:19:27
180206081100P1005H,现代控制理论,现代控制理论,人工智能学院,雁栖湖,https://jwba.ucas.ac.cn/sc/course/courseplan/314181,60,3.00,学科核心课,程龙,2026-09-02 09:19:27
180206081100P1006H,系统与计算神经科学,系统与计算神经科学,人工智能学院,雁栖湖,https://jwba.ucas.ac.cn/sc/course/courseplan/314182,40,2.00,学科核心课,余山等,2026-09-02 09:19:27
180206081101P2001H,智能控制,智能控制,人工智能学院,雁栖湖,https://jwba.ucas.ac.cn/sc/course/courseplan/314183,40,2.00,专业核心课,蒲志强等,2026-09-02 09:19:27
180206081101P3003H,智能传感与信息处理,智能传感与信息处理,人工智能学院,雁栖湖,https://jwba.ucas.ac.cn/sc/course/courseplan/314081,40,2.00,专业课,何文浩等,2026-09-02 09:19:27
180206081101P3007H,无人系统自主决策与优化,无人系统自主决策与优化,人工智能学院,雁栖湖,https://jwba.ucas.ac.cn/sc/course/courseplan/314185,40,2.00,专业课,魏庆来等,2026-09-02 09:19:27
180206081101P3008H,智能人机交互,智能人机交互,人工智能学院,雁栖湖,https://jwba.ucas.ac.cn/sc/course/courseplan/314080,40,2.00,专业课,田丰等,2026-09-02 09:19:27
180206081101P3011H,机器人机构学,机器人机构学,人工智能学院,雁栖湖,https://jwba.ucas.ac.cn/sc/course/courseplan/314079,40,2.00,专业课,王双翌等,2026-09-02 09:19:27
180206081104P2009H,图像处理,图像处理,人工智能学院,雁栖湖,https://jwba.ucas.ac.cn/sc/course/courseplan/314213,40,2.00,专业核心课,杨戈等,2026-09-02 09:19:27
180206081104P3001H,多媒体分析与理解,多媒体分析与理解,人工智能学院,雁栖湖,https://jwba.ucas.ac.cn/sc/course/courseplan/314186,40,2.00,专业课,卢汉清等,2026-09-02 09:19:27
180206081104P3002H,脑网络组学基础与应用,脑网络组学基础与应用,人工智能学院,雁栖湖,https://jwba.ucas.ac.cn/sc/course/courseplan/314217,40,2.00,专业课,樊令仲等,2026-09-02 09:19:27
180206081104P3006H,语音信息处理,语音信息处理,人工智能学院,雁栖湖,https://jwba.ucas.ac.cn/sc/course/courseplan/314190,40,2.00,专业课,刘斌,2026-09-02 09:19:27
180206081104P4001H,工业视觉检测,工业视觉检测,人工智能学院,雁栖湖,https://jwba.ucas.ac.cn/sc/course/courseplan/314082,20,1.00,研讨课,刘智勇等,2026-09-02 09:19:27
1802060811J2P2001H,计算博弈原理与应用,计算博弈原理与应用,人工智能学院,雁栖湖,https://jwba.ucas.ac.cn/sc/course/courseplan/314188,40,2.00,专业核心课,张一帆等,2026-09-02 09:19:27
1802060811J2P4002H,演化计算,演化计算,人工智能学院,雁栖湖,https://jwba.ucas.ac.cn/sc/course/courseplan/314191,20,1.00,研讨课,赵冬斌等,2026-09-02 09:19:27
1802060811J2P4003H,复杂系统与复杂网络,复杂系统与复杂网络,人工智能学院,雁栖湖,https://jwba.ucas.ac.cn/sc/course/courseplan/314187,20,1.00,研讨课,郑晓龙,2026-09-02 09:19:27
180206085410P2002Y,模式识别与机器学习技术(非全日制课程),模式识别与机器学习技术,人工智能学院,玉泉路,https://jwba.ucas.ac.cn/sc/course/courseplan/314327,40,2.00,专业核心课,王泳,2026-09-02 09:19:27
180206085410P2003Y-01,计算机算法设计与分析,计算机算法设计与分析,人工智能学院,玉泉路,https://jwba.ucas.ac.cn/sc/course/courseplan/315581,40,2.00,专业核心课,张宝贤,2026-09-02 09:19:27
180206085410P2003Y-02,计算机算法设计与分析(非全日制课程),计算机算法设计与分析,人工智能学院,玉泉路,https://jwba.ucas.ac.cn/sc/course/courseplan/315582,40,2.00,专业核心课,张宝贤,2026-09-02 09:19:27
180206085410P2006Y,人工智能原理与应用(非全日制课程),人工智能原理与应用,人工智能学院,玉泉路,https://jwba.ucas.ac.cn/sc/course/courseplan/314326,40,2.00,专业核心课,缪青海,2026-09-02 09:19:27
1802110803X2P4002H,太阳系外行星探测技术,太阳系外行星探测技术,光电学院,雁栖湖,https://jwba.ucas.ac.cn/sc/course/courseplan/314408,20,1.00,研讨课,魏儒义等,2026-09-02 09:19:27
1802110803X3P4001H,自由曲面光学设计、加工与应用,自由曲面光学设计、加工与应用,光电学院,雁栖湖,https://jwba.ucas.ac.cn/sc/course/courseplan/314410,20,1.00,研讨课,毛祥龙,2026-09-02 09:19:27
1802110803X5P4001H,光学科技文献检索与写作,光学科技文献检索与写作,光电学院,雁栖湖,https://jwba.ucas.ac.cn/sc/course/courseplan/314429,20,1.00,研讨课,李捷,2026-09-02 09:19:27
180228040203PX001H,应急管理心理学,应急管理心理学,应急管理科学与工程学院,雁栖湖,https://jwba.ucas.ac.cn/sc/course/courseplan/313480,40,1.00,公共选修课,陈雪峰,2026-09-02 09:19:27
180228120100PX002H,韧性理论与方法,韧性理论与方法,应急管理科学与工程学院,雁栖湖,https://jwba.ucas.ac.cn/sc/course/courseplan/313517,40,1.00,公共选修课,宋元涛,2026-09-02 09:19:27
180228140200PX001H,故障树分析,故障树分析,应急管理科学与工程学院,雁栖湖,https://jwba.ucas.ac.cn/sc/course/courseplan/313521,30,1.00,公共选修课,叶志宏,2026-09-02 09:19:27
180228140200PX002H,核能安全发展导论,核能安全发展导论,应急管理科学与工程学院,雁栖湖,https://jwba.ucas.ac.cn/sc/course/courseplan/313482,30,1.00,公共选修课,祁明亮,2026-09-02 09:19:27
1802290812Z1P4001H,量子计算与密码,量子计算与密码,密码学院,雁栖湖,https://jwba.ucas.ac.cn/sc/course/courseplan/313579,20,1.00,研讨课,孙思维等,2026-09-02 09:19:27
